"ID","Player","Team","Position","RkOv","Status","Opponent","Salary","FPts","FP/G","%D","ADP","Ros","GP","Min","G","A2","KP","AT","SOP","TLM","Tu","ErS","ErG","YC","SYC","RC","RCR","HB","Pen","Off","SFTP","AC","Int","CLO","CLR","CoSF","BC","BS","TkW+BS","DW","AER","BCC","BCM","BR","FKG","SBON","PKM","PKD","OG","GAO","CS"
"*03dx3*","Kieran Trippier","NEW","D","1","FA","@AVL Sat 11:30AM","7,000","361.38","9.51","39","152.2","42%","38","3,340","1","1","110","9","1","0","27","1","1","5","0","0","0","2","1","7","566","135","43","3","75","48","9","15","64","168","49","24","0","264","1","0","0","0","1","31","16"
"*061vq*","Erling Haaland","MCI","F","2","FA","@WOL Sat 4:30PM","10,000","326.15","9.32","100","4.7","100%","35","2,764","36","1","30","9","3","0","51","0","0","5","0","0","0","0","0","8","149","0","3","0","14","35","0","4","6","88","50","11","28","37","0","2","0","1","0","26","13"
"*05gcr*","Bruno Fernandes","MUN","M","3","FA","ARS Sun 3:30PM","11,600","313.13","8.46","100","4.8","100%","37","3,314","8","2","119","9","2","0","42","1","0","6","0","0","0","0","0","15","650","32","25","0","36","71","4","5","47","157","19","32","6","222","0","0","0","1","0","39","18"
"*04y92*","Bukayo Saka","ARS","M","4","FA","@MUN Sun 3:30PM","10,300","299.22","7.87","100","2.1","100%","38","3,176","14","1","75","12","0","0","78","0","0","6","0","0","0","5","0","9","585","37","14","0","14","128","5","0","34","207","16","8","3","127","0","1","1","0","0","42","12"
"*05r9b*","Martin Odegaard","ARS","M","5","FA","@MUN Sun 3:30PM","8,700","286.5","7.74","100","18.1","100%","37","3,120","15","1","76","8","0","0","42","0","1","4","0","0","0","0","0","1","665","19","6","0","12","74","0","5","28","123","14","14","4","178","0","0","0","0","0","38","13"
"*03aqp*","Mohamed Salah","LIV","F","6","FA","BOU Fri 7:00PM","15,000","280.57","7.38","100","2.1","100%","38","3,285","19","1","65","13","2","0","110","0","0","2","0","0","0","4","0","22","439","10","6","0","4","83","0","0","12","112","8","15","20","100","0","1","2","0","0","45","13"
"*04tig*","Fabian Schar","NEW","D","7","FA","@AVL Sat 11:30AM","8,900","269.26","7.48","68","130.7","71%","36","3,205","1","0","19","3","2","0","20","0","0","7","0","0","0","0","0","6","212","4","52","1","137","31","2","19","41","190","112","3","9","209","0","0","0","0","1","28","15"
"*052h5*","Gabriel Martinelli","ARS","M","8","FA","@MUN Sun 3:30PM","7,500","262.03","7.28","100","62.7","99%","36","2,785","15","0","59","9","1","0","83","0","0","3","0","0","0","0","0","8","446","18","9","0","10","97","4","1","19","142","15","11","6","103","0","2","0","0","0","33","14"
"*0427d*","James Tarkowski","EVE","D","9","FA","@LEE Mon 7:00PM","10,400","260.24","6.85","100","56.6","99%","38","3,420","1","0","15","1","1","1","22","3","0","6","0","0","0","2","1","2","123","0","51","2","196","32","5","78","104","203","120","6","3","173","0","0","0","0","0","57","9"
"*0524k*","Rodri","MCI","M","10","FA","@WOL Sat 4:30PM","2,700","255.5","7.1","99","56.4","98%","36","2,908","2","1","32","6","1","0","21","0","1","5","0","0","0","2","0","3","608","3","33","0","42","45","1","14","55","184","72","9","4","301","0","2","0","0","0","26","11"
"*04e1k*","Solly March","BHA","M","11","FA","FUL Sat 2:00PM","2,300","253.91","7.69","1","1147.2","2%","33","2,710","7","0","67","10","0","0","55","0","0","2","0","0","0","0","0","12","427","37","24","0","29","97","3","3","34","179","30","17","11","125","0","2","0","0","0","40","10"
"*04agz*","Declan Rice","ARS","M","12","FA","@MUN Sun 3:30PM","9,500","252.7","6.83","100","32.1","100%","37","3,271","4","0","37","3","1","0","28","0","0","5","0","0","0","0","0","1","491","10","63","0","55","46","3","15","53","162","37","3","1","334","0","1","1","0","0","50","9"
"*05ylj*","Bruno Guimaraes","NEW","M","13","FA","@AVL Sat 11:30AM","10,300","251.91","7.87","100","64.6","99%","32","2,725","4","1","42","5","2","0","46","1","0","7","0","0","0","1","0","1","477","2","36","0","19","128","3","4","44","225","19","2","3","233","0","0","0","0","0","25","12"
"*05nt6*","Eberechi Eze","CRY","M","14","FA","@CHE Sun 1:00PM","9,500","251.66","6.62","100","11.3","100%","38","2,620","10","0","57","5","0","0","71","0","0","3","0","0","0","0","0","4","362","24","13","0","8","128","2","0","24","189","19","6","1","180","0","8","0","1","0","35","9"
"*04e1e*","Ben White","ARS","D","15","FA","@MUN Sun 3:30PM","6,200","249.08","6.55","75","117.4","86%","38","3,052","2","1","26","5","0","0","27","1","0","5","0","0","0","0","0","1","568","15","22","0","75","38","4","11","42","131","33","6","0","155","0","2","0","0","0","35","15"
"*05nzu*","Gabriel Magalhaes","ARS","D","16","FA","@MUN Sun 3:30PM","9,000","248.59","6.54","100","67.9","100%","38","3,409","3","0","5","0","0","4","19","1","1","5","0","0","0","0","2","1","282","0","32","0","120","42","5","26","56","190","100","0","3","191","0","0","0","0","0","43","14"
"*02oq8*","James Ward-Prowse","WHU","M","17","FA","@SUN Sat 2:00PM","5,200","245.67","6.47","47","136.2","60%","38","3,371","9","2","74","4","1","0","26","0","0","6","0","0","0","1","0","0","455","70","55","0","45","26","3","10","47","135","44","9","2","222","3","0","2","0","1","72","4"
"*046c5*","Jarrod Bowen","WHU","F","18","FA","@SUN Sat 2:00PM","10,900","240.93","6.34","100","11.3","100%","38","3,228","6","0","48","9","2","0","70","0","0","2","0","0","0","4","1","10","209","29","36","0","18","105","7","9","25","178","34","9","5","152","0","2","1","3","0","50","9"
"*04qr9*","Morgan Gibbs-White","NOT","M","19","FA","BRF Sun 1:00PM","9,600","240.37","6.5","100","21.2","100%","37","3,149","5","2","67","12","1","0","94","0","0","6","0","0","0","1","0","6","328","38","15","0","11","81","7","4","19","168","59","9","5","161","0","1","0","0","0","61","8"
"*0435m*","Granit Xhaka","SUN","M","20","FA","WHU Sat 2:00PM","2,000","239.32","6.47","3","392.2","3%","37","2,991","7","0","47","8","1","0","35","1","0","5","0","0","0","1","0","5","500","5","15","0","41","55","4","10","37","126","37","6","3","152","0","1","0","0","0","35","13"
"*0554i*","Joelinton","NEW","M","21","FA","@AVL Sat 11:30AM","8,200","238.78","7.46","57","126.2","74%","32","2,656","6","0","26","5","3","0","72","0","0","12","0","0","0","0","1","1","332","4","48","0","38","87","1","7","56","223","66","4","4","198","0","2","0","1","0","26","11"
"*038ze*","Alex Iwobi","FUL","M","22","FA","@BHA Sat 2:00PM","8,900","238.23","6.27","100","33.4","100%","38","3,377","2","0","64","8","0","0","68","0","0","2","0","0","0","4","0","4","443","29","25","0","28","70","1","2","39","149","10","8","3","259","0","0","0","1","0","56","9"
"*05trb*","Bryan Mbeumo","MUN","F","23","FA","ARS Sun 3:30PM","12,600","235.26","6.19","100","11","100%","38","2,900","9","2","51","9","2","0","72","0","0","5","0","0","0","1","0","6","307","41","13","0","17","68","4","1","19","129","35","14","11","135","0","2","0","0","0","39","10"
"*0522h*","Alexis Mac Allister","LIV","M","24","FA","BOU Fri 7:00PM","9,400","234.33","6.7","100","65.1","100%","35","2,878","10","0","47","2","1","0","47","0","1","8","0","0","0","1","0","0","454","8","22","0","10","99","0","2","41","194","25","4","5","213","1","4","0","0","1","45","10"
"*04yey*","Max Kilman","WHU","D","25","FA","@SUN Sat 2:00PM","8,400","231.89","6.27","64","126.2","71%","37","3,307","0","0","4","1","1","0","15","0","1","3","0","0","0","0","0","0","160","2","19","3","163","31","1","42","62","153","86","0","2","219","0","0","0","0","0","56","11"
"*0520r*","Leandro Trossard","ARS","M","26","FA","@MUN Sun 3:30PM","8,500","229.22","6.37","73","120.5","84%","36","2,224","8","1","46","13","3","0","56","0","1","1","0","0","0","1","0","8","328","25","12","0","2","59","2","0","13","88","7","9","3","111","0","10","0","1","0","38","8"
"*02lsa*","Dan Burn","NEW","D","27","FA","@AVL Sat 11:30AM","9,200","228.63","6.02","96","100","97%","38","3,104","1","0","16","0","1","1","34","2","0","6","0","0","0","1","1","7","220","3","32","0","103","15","17","16","54","159","85","3","2","166","0","3","0","0","0","30","14"
"*05ocl*","Ollie Watkins","AVL","F","28","FA","NEW Sat 11:30AM","8,400","228.4","6.17","100","17.8","100%","37","3,123","15","0","31","8","2","0","82","0","0","4","0","0","0","0","0","18","183","3","10","1","39","57","0","4","17","146","70","4","20","59","0","1","1","1","0","40","13"
"*04p0d*","Dwight McNeil","EVE","M","29","FA","@LEE Mon 7:00PM","7,800","226.68","6.3","100","25.9","100%","36","2,485","7","0","49","5","0","0","53","0","0","5","0","0","0","0","0","1","211","50","31","1","32","74","9","7","48","152","14","11","1","175","0","8","0","1","0","46","5"
"*02lm7*","Jack Grealish","MCI","M","30","FA","@WOL Sat 4:30PM","4,400","224.13","8","69","131.2","78%","28","2,047","5","0","50","10","1","0","36","0","0","4","0","0","0","2","0","3","418","12","7","0","7","123","2","3","19","162","14","12","2","110","0","5","0","1","0","16","10"
"*05tqz*","Rico Henry","BRF","D","31","FA","@NOT Sun 1:00PM","2,400","223.54","6.04","2","374.7","2%","37","3,236","0","0","23","3","0","0","50","1","0","4","0","0","0","1","0","2","239","24","30","1","69","64","15","8","39","161","40","5","3","197","0","0","0","1","0","46","11"
"*05rb8*","Moises Caicedo","CHE","M","33","FA","CRY Sun 1:00PM","9,500","223.06","6.03","62","111.3","76%","37","3,134","1","0","43","1","1","0","39","2","1","10","0","0","0","0","0","0","496","8","56","0","25","82","6","7","57","219","37","3","0","248","0","3","0","0","0","47","10"
"*0414o*","James Maddison","TOT","M","34","FA","BUR Sat 2:00PM","9,000","222.9","7.43","100","56.2","100%","30","2,476","10","0","69","9","1","0","45","0","1","10","0","0","0","0","0","6","331","35","13","0","4","125","2","1","27","180","4","12","6","101","2","2","1","1","0","54","4"
"*03rzp*","Antonee Robinson","FUL","D","35","FA","@BHA Sat 2:00PM","10,200","222.66","6.36","100","33.3","100%","35","3,088","0","0","21","2","1","0","40","2","1","8","0","0","0","0","1","3","300","33","53","0","76","62","7","13","51","164","40","0","0","235","0","0","0","0","0","44","9"
"*051k3*","Jacob Ramsey","AVL","M","36","FA","NEW Sat 11:30AM","5,500","221.07","6.32","7","363.9","8%","35","2,628","6","0","42","8","0","0","62","0","0","5","0","0","0","0","1","2","242","4","23","1","29","77","5","8","47","162","16","8","4","141","0","4","0","0","1","33","11"
"*050jq*","Marc Guehi","CRY","D","37","FA","@CHE Sun 1:00PM","9,100","220.52","5.96","77","120.3","82%","37","3,328","1","0","10","0","0","2","17","2","1","8","0","0","0","0","0","0","182","0","45","0","132","54","2","24","51","160","54","1","1","241","0","0","0","0","1","46","9"
"*062a9*","Sven Botman","NEW","D","38","FA","@AVL Sat 11:30AM","4,800","220.31","6.12","19","204.9","18%","36","3,127","0","0","9","2","0","0","10","1","1","2","0","0","0","0","1","2","94","1","34","0","120","13","6","24","48","126","77","1","3","182","0","1","0","0","0","30","13"
"*02oq6*","Luke Shaw","MUN","D","40","FA","ARS Sun 3:30PM","2,500","218.85","7.06","0","-","3%","31","2,551","1","1","34","4","0","0","24","2","0","8","0","0","0","1","1","1","386","26","36","0","53","41","2","17","53","142","46","7","0","189","0","1","0","0","0","35","12"
"*05tr9*","Mathias Jensen","BRF","M","41","FA","@NOT Sun 1:00PM","4,500","218.52","5.91","0","-","2%","37","2,802","5","2","48","7","1","0","54","1","0","5","0","0","0","0","0","1","321","53","32","0","23","49","1","5","40","130","11","4","0","175","0","0","0","0","0","40","10"
"*03v9d*","Son Heung-Min","TOT","F","42","FA","BUR Sat 2:00PM","8,800","218.29","6.06","96","49.8","99%","36","2,882","10","2","61","6","3","0","64","0","0","2","0","0","0","3","0","18","300","31","13","0","4","69","2","2","14","102","9","8","9","109","0","3","0","0","0","55","9"
"*03rec*","Tyrone Mings","AVL","D","43","FA","NEW Sat 11:30AM","6,500","217.48","6.21","2","440.1","3%","35","3,150","1","0","5","3","0","0","8","0","2","7","0","0","0","0","0","3","151","1","54","3","158","28","5","21","28","104","62","2","2","174","0","0","0","1","1","40","12"
"*052ca*","Ezri Konsa","AVL","D","44","FA","NEW Sat 11:30AM","7,900","217.1","5.71","11","284.1","12%","38","3,322","0","0","8","0","0","0","15","3","0","6","0","0","0","0","0","0","97","2","26","1","114","69","6","23","43","166","57","2","1","164","0","1","0","0","0","45","12"
"*05oeh*","Kenny Tete","FUL","D","45","FA","@BHA Sat 2:00PM","6,800","215.42","6.95","64","137.8","64%","31","2,563","1","0","23","5","0","0","22","1","0","8","0","0","0","3","0","0","222","23","52","0","73","75","8","17","63","191","33","3","0","141","0","2","0","0","0","36","7"
"*05o4c*","Timothy Castagne","FUL","D","46","FA","@BHA Sat 2:00PM","6,000","215.18","5.82","0","-","2%","37","3,253","2","1","22","4","0","0","32","0","0","3","0","0","0","1","2","6","274","15","43","0","94","26","16","13","57","168","55","6","2","202","0","1","0","0","0","63","8"
"*05tr1*","Ethan Pinnock","BRF","D","47","FA","@NOT Sun 1:00PM","6,600","212.84","7.09","14","237.3","13%","30","2,700","3","1","8","0","0","2","6","0","2","0","0","0","0","1","0","0","78","3","35","0","214","12","1","31","59","169","105","0","3","123","0","0","0","0","1","34","10"
"*03gu5*","Andrew Robertson","LIV","D","48","FA","BOU Fri 7:00PM","6,700","211.86","6.23","21","193.7","19%","34","2,575","0","1","52","8","0","0","31","3","0","3","0","0","0","1","0","7","352","55","18","0","43","27","7","5","26","87","22","11","1","174","0","5","0","0","0","34","9"
"*04abb*","Phil Foden","MCI","M","49","FA","@WOL Sat 4:30PM","6,900","209.43","6.54","100","27.5","100%","32","1,823","11","1","43","7","1","0","34","0","0","1","0","0","0","1","0","6","399","27","5","0","11","69","1","2","12","104","19","7","3","91","0","10","0","1","0","16","5"
"*062ci*","Kaoru Mitoma","BHA","M","50","FA","FUL Sat 2:00PM","8,300","208.69","6.32","100","29.5","100%","33","2,300","7","0","41","9","2","0","60","0","0","0","0","0","0","6","0","6","348","3","17","0","5","86","5","0","27","148","18","9","12","120","0","9","0","1","0","35","8"
"*04e1c*","Lewis Dunk","BHA","D","51","FA","FUL Sat 2:00PM","5,500","208.48","5.79","5","397.6","4%","36","3,238","1","0","9","1","0","1","13","1","0","4","0","0","0","3","4","1","234","1","34","1","81","31","0","27","46","129","69","1","2","253","0","0","0","0","1","50","12"
"*0435t*","Ilkay Gundogan","MCI","M","52","FA","@WOL Sat 4:30PM","7,400","208.35","6.72","4","441.4","6%","31","2,343","8","2","37","6","2","0","28","0","0","0","0","0","0","0","0","6","433","10","20","0","12","41","1","3","21","90","20","6","9","155","1","4","1","2","0","20","10"
"*04spq*","Jack Harrison","LEE","M","54","FA","EVE Mon 7:00PM","5,900","206.99","5.75","17","251.2","16%","36","2,701","5","0","55","8","1","0","92","0","0","2","0","0","0","1","0","3","309","47","22","0","22","85","3","2","19","131","5","9","4","174","0","2","0","0","0","55","6"
"*051k0*","John McGinn","AVL","M","55","FA","NEW Sat 11:30AM","6,500","205.75","6.05","18","232.8","20%","34","2,683","1","1","18","5","1","0","58","0","0","7","0","0","0","1","0","0","263","13","24","0","15","111","4","4","40","199","22","6","2","176","0","4","0","2","0","31","10"
"*03vlj*","Virgil van Dijk","LIV","D","56","FA","BOU Fri 7:00PM","10,400","205.35","6.42","100","39.5","100%","32","2,835","3","0","7","1","0","0","7","1","1","3","0","0","0","1","1","3","200","0","31","1","135","5","3","16","30","130","98","1","4","168","0","0","0","0","0","36","11"
"*045c8*","Gabriel Jesus","ARS","F","57","FA","@MUN Sun 3:30PM","4,500","204.22","7.85","0","-","2%","26","2,059","11","1","31","7","2","0","88","1","0","6","0","0","0","2","0","16","233","2","11","0","13","101","2","3","28","178","45","6","16","79","0","2","0","2","0","23","9"
"*04ge6*","Joe Willock","NEW","M","58","FA","@AVL Sat 11:30AM","4,000","200.02","5.71","2","541.1","1%","35","2,550","3","0","40","7","0","0","65","0","0","1","0","0","0","0","0","3","329","13","25","0","15","60","2","8","38","127","16","12","8","136","0","4","0","0","0","26","12"
"*04tzt*","Jefferson Lerma","CRY","M","59","FA","@CHE Sun 1:00PM","6,200","199.96","5.4","2","462.1","3%","37","3,252","5","0","18","0","0","0","24","1","0","7","0","0","0","1","2","2","299","2","47","1","88","46","3","15","45","158","62","4","3","260","0","0","0","0","1","67","7"
"*051kl*","Emiliano Buendia","AVL","M","60","FA","NEW Sat 11:30AM","2,100","199.76","5.26","2","1094.4","1%","38","2,393","5","1","41","3","4","0","63","0","0","0","0","0","0","3","0","1","310","1","20","0","13","72","4","2","25","146","23","8","1","138","0","11","0","0","0","34","11"
"*05gcp*","Tomas Soucek","WHU","M","61","FA","@SUN Sat 2:00PM","7,900","198.21","5.51","57","142.1","61%","36","2,807","2","0","15","4","1","0","23","2","1","3","0","0","0","5","0","2","164","7","53","0","68","18","3","17","54","209","114","3","2","143","0","4","0","0","0","42","8"
"*04f67*","Philip Billing","BOU","M","62","FA","@LIV Fri 7:00PM","2,900","197.66","5.49","0","-","1%","36","2,759","7","0","26","2","1","0","42","0","1","5","0","0","0","0","0","3","241","7","31","0","50","61","8","8","44","176","52","5","3","146","0","2","0","0","0","54","9"
"*063zi*","Matheus Nunes","MCI","D","63","FA","@WOL Sat 4:30PM","7,600","196.44","5.78","95","108.9","96%","34","2,455","1","1","27","1","1","0","41","1","1","2","0","0","0","1","1","2","218","9","16","0","32","93","3","4","47","182","22","2","3","154","0","4","0","0","0","38","11"
"*03fgo*","Dominic Solanke","TOT","F","64","FA","BUR Sat 2:00PM","7,400","196.12","5.94","100","37.3","100%","33","2,854","6","0","21","10","1","0","134","0","0","2","0","0","0","3","0","11","133","1","6","0","43","98","3","7","16","165","52","6","5","87","0","1","0","0","0","52","8"
"*03jly*","Andreas Pereira","FUL","M","66","FA","@BHA Sat 2:00PM","6,200","192.34","5.83","30","149.2","34%","33","2,688","4","1","60","10","4","0","52","0","0","8","0","0","0","1","1","2","266","67","6","0","8","48","0","3","12","75","9","7","4","117","0","0","0","0","0","40","8"
"*0642l*","Casemiro","MUN","M","67","FA","ARS Sun 3:30PM","6,600","191.93","6.85","6","348.3","5%","28","2,116","4","1","28","3","1","0","18","0","0","7","0","2","0","0","1","1","272","4","34","0","60","33","4","11","57","178","56","7","2","205","0","4","0","0","0","21","11"
"*05os8*","Joachim Andersen","FUL","D","68","FA","@BHA Sat 2:00PM","7,700","191.75","5.99","12","293.8","13%","32","2,782","1","0","12","0","0","0","8","0","0","8","0","0","0","0","0","2","202","1","24","1","187","21","1","13","35","150","87","2","2","180","0","0","0","0","2","37","8"
"*05akv*","Tyrick Mitchell","CRY","D","69","FA","@CHE Sun 1:00PM","9,200","184.23","5.12","98","95.6","95%","36","2,887","0","0","15","2","0","0","35","0","0","5","0","1","0","0","1","2","223","12","42","0","66","27","12","11","60","123","25","2","1","186","0","2","0","0","0","38","8"
"*0558w*","William Saliba","ARS","D","70","FA","@MUN Sun 3:30PM","8,900","181.72","6.73","89","86.4","98%","27","2,415","2","0","6","1","0","0","15","3","1","4","0","0","0","1","2","0","154","1","19","0","82","22","3","10","30","109","53","1","1","206","0","0","0","0","1","25","12"
"*03rxa*","Idrissa Gueye","EVE","M","71","FA","@LEE Mon 7:00PM","8,200","181.69","5.51","9","315.9","11%","33","2,575","0","0","12","1","0","0","31","0","3","7","0","0","0","0","1","0","218","0","56","0","31","69","3","12","69","193","27","1","0","266","0","1","0","0","0","45","8"
"*043c1*","Oleksandr Zinchenko","ARS","D","73","FA","@MUN Sun 3:30PM","4,400","178.58","6.61","0","1173.4","2%","27","2,114","1","1","19","2","0","0","16","2","0","3","0","0","0","0","0","1","525","7","22","0","31","26","7","2","20","117","51","2","1","163","0","1","0","0","0","28","10"
"*0647t*","Lucas Paqueta","WHU","M","74","FA","@SUN Sat 2:00PM","7,000","177.73","6.35","53","133.3","64%","28","2,149","4","0","32","5","1","0","48","0","0","5","0","0","0","2","0","1","280","4","16","0","31","63","0","4","57","170","36","3","3","144","0","1","0","2","0","39","6"
"*04yo7*","Youri Tielemans","AVL","M","75","FA","NEW Sat 11:30AM","9,700","177.65","5.73","100","49","100%","31","2,335","3","0","30","3","2","0","33","0","1","4","0","0","0","1","0","1","320","12","28","0","24","51","0","8","47","143","26","10","1","195","0","4","1","0","0","49","6"
"*05ybq*","Vitalii Mykolenko","EVE","D","76","FA","@LEE Mon 7:00PM","9,200","176.72","5.2","100","84.9","98%","34","2,652","0","0","19","1","0","0","32","0","0","4","0","0","0","0","0","0","201","14","46","1","89","32","10","16","50","115","26","1","1","150","0","4","0","0","0","46","7"
"*062ot*","Cheick Doucoure","CRY","M","77","FA","@CHE Sun 1:00PM","3,500","176.05","5.18","2","423.1","2%","34","2,767","0","0","26","3","0","0","28","0","0","9","1","1","0","1","0","0","237","2","56","1","47","28","1","13","59","135","30","3","0","220","0","0","0","0","0","41","7"
"*04fk6*","Bernardo Silva","MCI","M","78","FA","@WOL Sat 4:30PM","8,100","176.02","5.18","90","99.7","96%","34","2,185","4","1","31","6","0","0","30","0","0","5","0","0","0","2","0","2","419","13","16","0","6","43","0","6","29","91","4","6","1","122","0","10","0","1","0","24","7"
"*063hu*","Amadou Onana","AVL","M","79","FA","NEW Sat 11:30AM","6,000","173.54","5.26","7","332.3","6%","33","2,479","1","0","22","3","0","0","49","0","0","9","0","0","0","1","0","2","182","0","37","0","37","67","2","6","49","199","60","2","4","150","0","4","0","0","0","37","9"
"*04qfz*","Diogo Dalot","MUN","D","80","FA","ARS Sun 3:30PM","8,500","173.13","6.66","64","137.5","53%","26","2,150","1","0","29","2","1","0","18","2","0","6","0","0","0","0","0","0","236","14","37","1","52","24","3","7","48","117","39","1","2","152","0","2","0","0","0","34","10"
"*037mt*","Harrison Reed","FUL","M","81","FA","@BHA Sat 2:00PM","2,000","171.73","4.64","0","-","1%","37","2,858","3","0","35","4","0","0","44","0","0","5","0","0","0","2","0","4","289","13","19","0","30","31","6","12","39","104","30","3","2","160","0","2","0","0","1","44","9"
"*04abn*","Harvey Barnes","NEW","M","82","FA","@AVL Sat 11:30AM","6,900","171.18","5.03","82","112.4","89%","34","2,707","13","0","19","2","0","0","75","0","0","3","0","0","0","2","0","9","253","7","8","0","10","64","2","1","15","119","29","5","8","101","0","2","0","0","0","51","6"
"*05mxa*","Joel Veltman","BHA","D","83","FA","FUL Sat 2:00PM","6,400","171.14","5.52","0","-","1%","31","2,179","1","0","10","1","0","0","20","0","0","6","0","0","0","1","1","0","287","6","19","0","49","43","2","8","40","131","26","2","0","125","0","6","0","0","0","29","10"
"*05ojg*","Nelson Semedo","WOL","D","84","FA","MCI Sat 4:30PM","7,800","171.13","4.75","25","150.2","18%","36","2,624","0","0","11","1","0","0","42","2","0","11","0","1","0","2","0","0","255","8","29","0","76","57","7","15","57","158","30","0","2","167","0","5","0","0","0","42","8"
"*04ug0*","Sean Longstaff","LEE","M","85","FA","EVE Mon 7:00PM","3,600","170.33","5.16","4","364.9","5%","33","2,507","1","0","23","5","0","0","37","0","0","2","0","0","0","4","0","5","288","8","16","0","22","47","1","8","29","112","24","6","5","141","0","5","0","0","0","18","13"
"*061ya*","Brennan Johnson","TOT","F","86","FA","BUR Sat 2:00PM","7,800","169.51","4.46","100","82.2","98%","38","2,923","8","1","28","5","2","0","76","1","0","6","0","0","0","0","0","18","125","10","5","0","4","54","3","1","21","106","18","4","7","89","0","5","2","1","0","54","7"
"*02oo1*","Ben Davies","TOT","D","89","FA","BUR Sat 2:00PM","5,900","166.8","5.38","0","-","1%","31","2,279","2","0","20","3","0","0","11","0","0","4","0","0","0","0","0","1","174","8","18","0","67","22","5","8","19","120","70","4","0","84","0","5","0","0","0","33","9"
"*05uoc*","Cristian Romero","TOT","D","90","FA","BUR Sat 2:00PM","6,400","165.95","6.15","90","105.3","93%","27","2,362","0","0","8","2","2","1","19","2","1","9","1","1","0","0","1","0","147","0","44","0","97","25","5","18","54","150","57","2","1","173","0","1","0","1","0","41","8"
"*062pl*","Lisandro Martinez","MUN","D","91","FA","ARS Sun 3:30PM","7,000","165.44","6.13","5","367.8","6%","27","2,110","1","0","6","0","1","0","11","0","0","6","0","0","0","1","0","0","123","0","33","0","97","24","6","27","55","110","32","0","1","164","0","3","0","0","0","33","9"
"*061vp*","Brenden Aaronson","LEE","M","92","FA","EVE Mon 7:00PM","2,000","161.29","4.48","14","259.3","11%","36","2,357","1","1","46","4","4","0","71","0","1","2","0","0","0","1","0","6","270","19","5","0","6","89","0","3","21","142","8","5","2","128","0","8","0","0","0","58","5"
"*05tre*","Vitaly Janelt","BRF","M","94","FA","@NOT Sun 1:00PM","5,800","158.48","4.53","0","-","2%","35","2,188","3","0","16","1","0","0","18","0","0","3","0","0","0","3","0","2","189","8","29","0","23","30","3","9","36","116","33","2","0","159","0","11","0","0","0","28","8"
"*05gcc*","Kiernan Dewsbury-Hall","CHE","M","95","FA","CRY Sun 1:00PM","2,800","158.38","5.11","1","1119.2","2%","31","2,302","2","0","39","3","0","0","73","0","0","3","1","1","0","4","0","1","298","9","28","0","21","75","0","13","42","143","15","3","3","149","0","3","0","0","0","40","7"
"*05ylx*","Dejan Kulusevski","TOT","M","96","FA","BUR Sat 2:00PM","7,800","158.16","5.27","93","69.3","96%","30","2,051","2","0","47","7","0","0","78","0","0","2","0","0","0","3","1","3","238","17","13","0","7","75","0","0","15","116","4","7","1","145","0","7","0","0","0","40","8"
"*05o6h*","Kai Havertz","ARS","F","97","FA","@MUN Sun 3:30PM","7,200","155.8","4.45","98","58","98%","35","2,560","7","0","38","1","1","0","79","0","0","5","0","0","0","6","0","28","330","3","7","0","39","42","2","0","16","155","79","5","14","81","0","5","0","0","0","31","9"
"*03zsq*","Kyle Walker-Peters","WHU","D","98","FA","@SUN Sat 2:00PM","6,600","155.75","5.02","10","293.3","9%","31","2,647","1","0","15","0","1","1","39","0","0","4","0","0","0","2","1","1","277","11","27","1","41","90","11","8","40","167","16","2","0","156","0","1","0","0","0","58","3"
"*02lk5*","Jordan Henderson","BRF","M","100","FA","@NOT Sun 1:00PM","2,000","150.07","4.29","7","350.7","5%","35","2,049","0","0","31","3","1","0","18","0","1","2","0","0","0","1","0","3","403","15","21","0","12","21","4","3","26","64","11","7","0","163","0","12","0","0","0","30","8"
"*05tr8*","Christian Norgaard","ARS","M","101","FA","@MUN Sun 3:30PM","8,600","150.04","6.82","41","153","41%","22","1,761","1","0","12","6","1","0","14","2","0","6","0","0","0","0","0","0","129","2","34","0","40","28","1","9","39","98","18","4","0","165","0","1","0","1","0","23","6"
"*0649j*","Manuel Akanji","MCI","D","102","FA","@WOL Sat 4:30PM","6,100","149.95","5.17","7","349.3","8%","29","2,282","0","0","7","1","0","0","12","0","0","2","0","0","0","0","0","0","237","1","16","1","30","18","3","9","34","77","24","0","2","136","0","5","0","0","0","23","7"
"*0639x*","Marcus Tavernier","BOU","M","103","FA","@LIV Fri 7:00PM","8,100","147.52","6.41","99","69.3","94%","23","1,737","5","0","19","4","0","0","46","0","0","1","0","0","0","1","0","4","156","21","9","0","17","73","6","4","26","123","17","4","1","124","0","4","0","0","0","37","5"
"*05a6e*","Neco Williams","NOT","D","104","FA","BRF Sun 1:00PM","8,900","146.98","4.74","87","99.9","96%","31","1,860","1","0","15","1","0","1","31","0","0","7","0","0","0","2","0","2","76","18","33","3","37","46","11","8","55","135","17","3","1","127","0","11","0","1","0","41","4"
"*05uor*","Yoane Wissa","BRF","F","105","FA","@NOT Sun 1:00PM","9,200","146.84","3.86","100","29.6","100%","38","1,561","7","0","13","4","1","0","41","0","0","3","0","0","0","1","0","19","124","0","6","0","14","46","1","0","12","87","24","3","3","69","0","22","0","1","0","17","7"
"*02y6o*","Nathan Ake","MCI","D","106","FA","@WOL Sat 4:30PM","4,900","146.82","5.65","3","394.7","4%","26","1,869","1","0","9","0","2","0","16","0","0","2","0","0","0","1","0","1","298","1","20","0","47","17","1","10","22","79","36","2","1","96","0","4","0","0","0","15","9"
"*063e7*","Marcos Senesi","BOU","D","107","FA","@LIV Fri 7:00PM","5,500","146.69","4.73","48","146.9","51%","31","2,487","2","0","5","0","0","0","15","2","0","7","0","0","0","0","2","0","110","2","43","0","140","21","6","20","55","97","27","1","1","168","0","2","0","0","0","55","5"
"*02lkp*","Raheem Sterling","CHE","F","108","FA","CRY Sun 1:00PM","3,000","146.46","5.23","8","319.1","6%","28","1,884","6","0","34","4","2","0","46","0","0","4","0","0","0","0","0","11","236","10","2","0","3","71","2","0","10","94","5","7","8","66","0","5","0","0","0","27","5"
"*061ve*","Ryan Christie","BOU","M","109","FA","@LIV Fri 7:00PM","7,700","146.32","4.57","50","135","63%","32","1,816","1","0","30","2","1","0","49","0","0","2","0","0","0","0","0","1","175","11","26","0","16","82","4","4","26","132","16","1","1","132","0","10","0","0","0","35","3"
"*05unu*","Romeo Lavia","CHE","M","110","FA","CRY Sun 1:00PM","3,700","146.11","5.04","2","497.1","3%","29","2,217","1","1","16","1","0","0","24","0","1","9","0","0","0","1","0","0","189","2","33","0","23","76","0","11","46","143","8","0","0","187","0","3","0","1","0","50","4"
"*05mzz*","Pascal Struijk","LEE","D","111","FA","EVE Mon 7:00PM","2,000","146.02","5.04","4","374.2","4%","29","2,196","2","0","14","2","0","0","25","0","1","5","0","0","0","1","2","0","225","5","32","1","64","21","6","12","69","165","60","2","1","139","0","3","0","0","0","52","4"
"*04gw7*","Jadon Sancho","MUN","M","112","FA","ARS Sun 3:30PM","6,400","145.58","5.6","0","-","2%","26","1,678","6","0","44","3","0","0","50","0","0","0","0","0","0","0","0","8","329","3","7","0","5","44","1","2","12","62","2","6","2","109","0","5","0","0","0","18","13"
"*061xw*","Joe Worrall","BUR","D","113","FA","@TOT Sat 2:00PM","2,000","145.48","4.85","0","-","0%","30","2,206","1","0","5","0","0","1","6","1","0","6","0","0","0","0","2","0","102","0","26","2","108","7","3","23","48","115","55","1","0","123","0","9","0","0","0","44","5"
"*05uns*","Leon Bailey","AVL","M","114","FA","NEW Sat 11:30AM","4,500","144.89","4.39","3","363.4","2%","33","1,955","4","1","30","5","2","0","48","0","0","4","0","0","0","0","1","9","133","23","6","0","11","63","1","0","6","101","24","8","4","72","0","7","0","0","0","32","8"
"*02lp5*","Adam Smith","BOU","D","115","FA","@LIV Fri 7:00PM","5,100","143.61","3.88","0","-","1%","37","2,937","0","0","16","1","0","1","21","1","0","11","0","0","0","3","1","0","154","19","25","0","68","33","13","13","42","111","29","2","2","128","0","3","0","0","0","58","7"
"*05omu*","Ruben Dias","MCI","D","116","FA","@WOL Sat 4:30PM","7,200","142.78","5.49","33","126.6","47%","26","1,993","0","0","3","0","0","1","1","1","0","3","0","0","0","1","0","0","179","0","18","1","54","15","2","13","26","80","44","1","3","99","0","4","0","0","0","16","9"
"*03u2b*","Adama Traore","FUL","F","117","FA","@BHA Sat 2:00PM","6,600","142.63","4.2","59","148.8","53%","34","1,460","2","0","24","4","0","0","59","0","0","2","0","0","0","0","0","7","146","20","3","0","17","83","0","1","8","136","39","4","0","66","0","22","0","0","0","30","2"
"*061x2*","Darwin Nunez","LIV","F","118","FA","BOU Fri 7:00PM","4,900","141.45","4.88","24","179.5","20%","29","1,675","9","0","28","5","4","0","41","0","0","1","0","1","0","3","0","17","130","1","3","0","12","35","1","0","5","82","36","11","20","44","0","10","0","1","0","22","7"
"*056ir*","Adam Webster","BHA","D","119","FA","FUL Sat 2:00PM","5,200","141.03","5.22","0","-","0%","27","1,981","0","0","6","0","0","1","11","3","1","2","0","0","0","0","0","1","167","1","19","0","51","9","4","19","31","91","60","1","2","143","0","4","0","0","1","27","9"
"*02lnx*","Danny Welbeck","BHA","F","120","FA","FUL Sat 2:00PM","6,900","139.57","4.5","64","124.3","77%","31","1,833","6","0","30","5","1","0","60","0","0","0","0","0","0","1","0","5","187","0","5","0","20","40","0","2","9","87","32","8","10","37","0","10","0","1","0","28","6"
"*062h7*","Tyler Adams","BOU","M","121","FA","@LIV Fri 7:00PM","6,500","139.38","5.81","3","437.7","4%","24","2,156","0","0","24","0","0","0","28","0","0","4","1","1","0","2","0","1","242","0","35","1","25","29","4","8","54","143","26","1","0","199","0","0","0","0","0","36","5"
"*05w9i*","Marc Cucurella","CHE","D","123","FA","CRY Sun 1:00PM","8,500","139.22","5.8","100","76","100%","24","1,663","0","0","11","2","0","1","14","0","1","4","0","0","0","0","0","1","222","12","16","1","37","26","11","8","41","108","16","2","0","120","0","3","0","0","0","20","6"
"*04qos*","Issa Diop","FUL","D","124","FA","@BHA Sat 2:00PM","4,100","137.07","5.48","0","-","1%","25","2,003","1","0","2","0","0","0","10","0","0","2","0","0","0","1","2","3","82","0","35","0","86","11","0","17","36","72","33","1","0","116","0","4","0","0","0","26","7"
"*052cd*","Mason Mount","MUN","M","125","FA","ARS Sun 3:30PM","2,900","136.54","5.69","21","234.7","12%","24","1,640","3","0","30","4","0","0","36","0","0","4","0","0","0","0","0","1","248","15","8","1","6","43","3","6","25","85","9","3","0","85","1","4","0","0","0","21","8"
"*067yv*","Cody Gakpo","LIV","F","126","FA","BOU Fri 7:00PM","7,700","133.26","6.35","100","57.8","99%","21","1,450","7","0","23","3","0","0","43","0","0","0","0","0","0","2","0","8","137","1","4","1","2","56","0","1","16","108","26","4","6","57","0","4","0","1","0","19","6"
"*02yl5*","John Stones","MCI","D","127","FA","@WOL Sat 4:30PM","3,700","132.39","5.76","4","461.3","4%","23","1,842","2","0","8","2","1","1","8","0","0","2","0","0","0","0","0","1","220","0","9","0","38","14","2","10","23","70","33","2","2","90","0","2","0","0","1","17","7"
"*0646f*","Alexander Isak","NEW","F","128","FA","@AVL Sat 11:30AM","10,300","131.8","5.99","100","6.4","100%","22","1,508","10","0","16","2","1","0","39","0","0","3","0","0","0","0","1","5","158","1","4","0","8","47","0","2","10","87","23","2","5","38","0","5","0","1","0","20","4"
"*03vll*","Michail Antonio","WHU","F","129","FA","@SUN Sat 2:00PM","4,200","130.45","3.95","2","520.1","2%","33","1,805","5","0","15","3","2","0","76","0","0","2","0","0","0","5","1","12","80","5","5","1","9","70","0","5","12","134","50","2","7","43","0","12","0","0","0","29","5"
"*04xjr*","Harvey Elliott","LIV","M","130","FA","BOU Fri 7:00PM","3,300","130.27","4.07","29","153.8","38%","32","1,588","1","1","26","2","0","0","26","0","0","2","0","0","0","2","0","2","292","6","15","0","6","44","2","1","19","75","4","7","1","122","0","14","0","0","0","20","5"
"*05ylw*","Rodrigo Bentancur","TOT","M","131","FA","BUR Sat 2:00PM","5,600","128.9","7.16","11","307.6","12%","18","1,496","5","0","11","2","0","0","22","0","0","8","0","0","0","0","0","0","131","4","20","1","21","29","1","15","43","89","15","0","1","128","0","1","0","0","0","24","6"
"*0649i*","Antony","MUN","M","132","FA","ARS Sun 3:30PM","2,500","128.41","5.14","0","1125","1%","25","1,798","4","1","28","2","2","0","37","0","0","5","0","0","0","0","0","2","330","3","11","0","2","56","4","0","9","83","5","2","4","99","0","2","0","0","0","21","12"
"*03yeg*","Tosin Adarabioyo","CHE","D","133","FA","CRY Sun 1:00PM","6,600","128.06","5.12","4","431.1","4%","25","2,083","1","0","6","0","0","1","4","1","0","4","0","0","0","1","0","3","110","1","26","0","138","10","2","15","28","99","59","0","0","110","0","2","0","0","0","39","3"
"*02lp9*","Kyle Walker","BUR","D","134","FA","@TOT Sat 2:00PM","3,700","127.65","4.73","15","260.1","12%","27","1,949","0","0","6","0","0","0","14","0","0","3","0","0","0","1","0","0","364","4","18","0","22","23","0","2","11","59","23","0","1","124","0","5","0","0","0","20","7"
"*05rl4*","Crysencio Summerville","WHU","M","135","FA","@SUN Sat 2:00PM","4,000","125.83","4.49","43","150.6","45%","28","1,393","4","0","16","4","0","0","45","0","0","4","0","0","0","1","0","8","144","2","13","0","8","65","3","2","22","100","5","2","2","90","0","16","0","1","0","38","1"
"*062og*","Aaron Hickey","BRF","D","136","FA","@NOT Sun 1:00PM","2,000","124.26","4.78","0","-","1%","26","1,913","0","0","6","3","0","0","16","1","0","7","0","0","0","2","1","1","145","4","17","0","21","52","11","7","33","104","14","1","0","111","0","3","0","0","0","30","5"
"*03r93*","Joseph Gomez","LIV","D","137","FA","BOU Fri 7:00PM","4,100","122.66","5.84","0","-","1%","21","1,456","0","0","1","0","0","0","13","1","1","3","0","0","0","0","1","1","153","0","24","0","47","8","4","11","32","82","46","0","0","126","0","6","0","0","0","16","8"
"*02lpl*","Seamus Coleman","EVE","D","138","FA","@LEE Mon 7:00PM","2,400","121.69","5.29","0","-","1%","23","1,650","1","0","4","0","0","0","30","1","1","1","0","0","0","0","0","2","108","9","22","0","45","37","13","7","33","90","18","4","0","100","0","3","0","0","0","25","5"
"*03v6t*","Ben Chilwell","CHE","D","139","FA","CRY Sun 1:00PM","3,900","121.2","5.27","6","353.1","4%","23","1,397","2","0","21","3","1","0","25","0","0","3","0","0","0","1","0","3","177","24","18","0","23","31","3","2","19","77","26","1","2","68","0","8","0","1","0","19","4"
"*05w9q*","Odsonne Edouard","CRY","F","140","FA","@CHE Sun 1:00PM","2,000","121.09","3.46","0","-","1%","35","1,772","5","0","17","2","0","0","60","0","0","3","0","0","0","2","0","13","120","0","3","0","22","33","0","5","18","99","41","1","4","55","0","15","0","0","0","25","5"
"*04rzl*","Taiwo Awoniyi","NOT","F","141","FA","BRF Sun 1:00PM","2,700","120.59","4.47","2","544.1","2%","27","1,384","10","0","10","1","2","0","68","0","0","2","0","0","0","1","0","15","62","0","4","0","20","26","0","4","14","63","20","1","8","56","0","10","0","0","0","29","5"
"*03am7*","Jacob Murphy","NEW","M","142","FA","@AVL Sat 11:30AM","9,100","120.06","3.34","100","83.3","97%","36","1,210","4","1","19","2","2","0","17","0","0","0","0","0","0","0","0","2","137","11","7","0","2","28","1","0","7","46","3","3","1","69","0","22","0","0","0","12","3"
"*04adp*","Aaron Wan-Bissaka","WHU","D","143","FA","@SUN Sat 2:00PM","9,500","119.63","6.3","100","54.9","99%","19","1,429","0","0","15","0","0","1","14","0","0","2","0","0","0","0","0","0","190","3","22","0","35","19","6","8","33","72","13","1","2","73","0","3","0","0","0","10","8"
"*061y6*","Ryan Yates","NOT","M","144","FA","BRF Sun 1:00PM","6,400","118.94","4.57","0","-","1%","26","1,830","0","0","7","3","0","0","18","0","0","5","0","0","0","4","0","1","83","1","10","0","44","58","0","8","27","125","31","2","1","111","0","5","0","1","0","36","5"
"*0687b*","Alex Moreno","AVL","D","146","FA","NEW Sat 11:30AM","5,300","117.92","6.21","0","-","2%","19","1,322","0","0","22","3","1","0","38","1","1","3","0","0","0","0","0","0","101","15","7","1","30","34","7","3","17","66","9","2","0","69","0","5","0","0","0","10","7"
"*05o4b*","Matty Cash","AVL","D","147","FA","NEW Sat 11:30AM","6,600","117.39","4.52","11","317.3","10%","26","1,811","0","0","8","2","0","0","24","0","0","4","0","0","0","2","1","2","134","12","26","0","37","31","6","5","37","98","12","0","0","108","0","6","0","0","0","29","4"
"*064a0*","Wilfried Gnonto","LEE","F","148","FA","EVE Mon 7:00PM","2,000","116.32","4.85","50","137.4","58%","24","1,334","2","1","22","4","0","0","30","0","0","7","0","0","0","0","0","3","168","8","5","0","3","60","4","1","18","95","8","3","1","82","0","10","0","0","0","28","4"
"*04u41*","Mateo Kovacic","MCI","M","149","FA","@WOL Sat 4:30PM","7,700","116.1","4.3","0","-","2%","27","1,691","1","0","23","2","0","0","26","0","0","8","0","0","0","1","0","0","296","1","19","0","16","31","0","1","25","77","10","4","2","121","0","10","0","0","0","25","4"
"*062ft*","Tyrell Malacia","MUN","D","150","FA","ARS Sun 3:30PM","2,000","114.81","5.22","0","-","0%","22","1,384","0","0","9","0","0","0","17","0","0","6","0","0","0","1","0","3","161","3","25","0","44","19","5","3","36","73","8","1","0","90","0","8","0","0","0","14","7"
"*04mdn*","Anthony Gordon","NEW","M","151","FA","@AVL Sat 11:30AM","7,900","113.5","3.55","100","25.3","100%","32","1,553","4","0","14","0","1","0","51","1","0","7","0","0","0","0","0","4","133","5","6","0","10","41","2","1","35","98","9","2","5","81","0","16","0","0","0","18","4"
"*05u1m*","Nathan Collins","BRF","D","152","FA","@NOT Sun 1:00PM","10,600","113.31","4.36","99","73.3","98%","26","1,809","0","0","2","0","0","2","9","0","0","2","0","1","0","0","0","1","91","0","21","1","83","16","1","28","43","80","37","0","0","96","0","7","0","0","0","36","4"
"*043qy*","Lewis Cook","BOU","M","153","FA","@LIV Fri 7:00PM","7,800","111.8","3.99","55","129.7","67%","28","1,701","0","0","24","2","0","0","15","0","0","4","0","0","0","0","0","0","131","18","23","0","29","17","2","10","32","61","7","3","0","129","0","10","0","0","0","39","3"
"*061va*","Boubacar Kamara","AVL","M","154","FA","NEW Sat 11:30AM","6,000","111.61","4.65","7","340.9","5%","24","1,770","0","0","7","1","0","0","20","1","1","4","0","0","0","1","0","0","132","0","19","0","23","47","1","12","37","127","22","1","0","126","0","3","0","0","0","30","3"
"*0620k*","Nayef Aguerd","WHU","D","155","FA","@SUN Sat 2:00PM","2,000","111.05","6.17","0","-","1%","18","1,593","2","0","6","0","0","1","8","1","1","4","0","0","0","0","1","2","53","0","18","1","78","12","1","24","42","71","32","1","3","105","0","1","0","0","0","28","5"
"*04ylt*","Chris Mepham","BOU","D","156","FA","@LIV Fri 7:00PM","2,000","110.46","4.25","0","-","0%","26","2,195","0","0","4","0","0","0","4","0","0","7","0","0","0","0","0","0","57","0","30","0","146","10","6","27","49","108","53","0","0","85","0","2","0","0","2","52","5"
"*03rxs*","Harry Wilson","FUL","M","157","FA","@BHA Sat 2:00PM","5,700","110.41","3.81","88","105.6","87%","29","1,070","2","0","12","5","1","0","23","0","0","1","0","0","0","2","0","2","132","3","6","0","12","44","2","2","15","69","4","2","1","54","0","16","0","2","0","15","2"
"*051k7*","Reece James","CHE","D","158","FA","CRY Sun 1:00PM","6,000","109.75","6.86","100","89","98%","16","1,240","1","0","21","2","1","0","13","0","0","4","0","0","0","0","0","4","230","18","12","0","20","40","3","2","22","94","23","3","0","89","0","2","0","1","0","17","2"
"*05u7f*","Ibrahima Konate","LIV","D","159","FA","BOU Fri 7:00PM","8,700","108.8","6.04","94","104.1","98%","18","1,550","0","0","1","0","0","0","12","2","2","5","0","0","0","0","1","1","75","0","26","1","56","25","5","5","31","109","46","1","2","107","0","1","0","0","1","22","7"
"*061vk*","Jaidon Anthony","BUR","F","160","FA","@TOT Sat 2:00PM","2,000","108.12","3.6","49","138.1","53%","30","1,224","3","0","12","1","0","0","25","0","0","2","0","0","0","0","0","5","143","9","10","0","15","27","4","3","20","67","10","0","1","80","0","19","0","0","0","29","2"
"*04mup*","Trevoh Chalobah","CHE","D","161","FA","CRY Sun 1:00PM","7,600","105.86","4.23","22","178","25%","25","1,594","0","0","4","0","1","0","6","1","0","4","0","0","0","0","0","0","141","2","24","0","55","16","1","7","27","78","31","0","1","86","0","7","0","0","1","24","5"
"*068ym*","Enzo Fernandez","CHE","M","162","FA","CRY Sun 1:00PM","9,700","105.44","5.86","100","25.1","100%","18","1,547","0","0","20","2","0","0","25","1","0","3","0","0","0","1","0","1","320","1","16","0","11","39","1","2","29","91","7","3","0","118","0","0","0","0","0","25","3"
"*0328q*","Tom Cairney","FUL","M","163","FA","@BHA Sat 2:00PM","3,500","103.5","3.14","2","543.1","1%","33","945","2","0","12","1","0","0","23","0","0","2","0","0","0","0","0","0","230","8","5","0","3","31","0","3","9","56","8","3","0","76","0","27","0","1","0","13","1"
"*04tm0*","Lucas Digne","AVL","D","164","FA","NEW Sat 11:30AM","7,700","99.9","3.57","66","135.4","62%","28","1,483","1","0","18","0","0","0","16","0","0","5","0","0","0","2","1","2","143","19","18","0","39","26","6","5","17","82","26","2","0","86","1","10","0","0","1","25","3"
"*05n07*","Pedro Porro","TOT","D","165","FA","BUR Sat 2:00PM","9,200","98.14","6.54","100","36.3","100%","15","1,126","3","0","25","3","1","0","15","0","1","0","0","0","0","0","0","1","99","25","15","0","20","30","4","2","18","56","1","4","0","85","0","2","0","0","0","26","2"
"*068lx*","Dango Ouattara","BOU","M","166","FA","@LIV Fri 7:00PM","8,000","96.53","5.08","98","89.8","94%","19","1,234","1","0","18","3","0","0","39","1","0","1","0","0","0","1","0","8","85","10","13","0","29","46","0","3","18","104","30","4","3","64","0","4","0","0","0","23","1"
"*03ek4*","Patrick Bamford","LEE","F","167","FA","EVE Mon 7:00PM","2,000","96.22","3.44","0","-","1%","28","1,497","4","0","12","5","0","0","56","0","0","3","0","0","0","2","0","18","91","0","5","0","13","38","0","5","11","83","36","1","13","50","0","10","2","0","0","31","1"
"*04io4*","Richarlison","TOT","F","168","FA","BUR Sat 2:00PM","4,000","95.51","3.54","3","482.9","4%","27","980","1","0","16","5","1","0","40","0","0","3","0","0","0","0","0","9","82","5","5","0","9","34","1","1","17","73","18","1","4","52","0","15","0","2","0","18","3"
"*061xs*","Julio Enciso","BHA","M","169","FA","FUL Sat 2:00PM","5,200","95.39","4.77","9","340.9","6%","20","783","4","0","13","3","1","0","19","0","0","1","0","0","0","0","0","3","91","0","4","0","1","46","1","0","4","65","6","3","3","36","0","13","0","0","0","12","4"
"*02lv9*","James Milner","BHA","M","171","FA","FUL Sat 2:00PM","2,400","91.74","2.96","0","-","0%","31","866","0","0","13","1","0","0","19","0","0","2","0","0","0","0","0","0","149","11","12","0","12","26","3","2","18","65","13","2","0","64","0","24","0","0","0","12","3"
"*04ge9*","Eddie Nketiah","CRY","F","173","FA","@CHE Sun 1:00PM","4,000","91.29","3.04","10","327.6","8%","30","1,050","4","0","9","2","1","0","30","0","0","3","0","0","0","4","0","8","93","1","1","0","6","40","1","1","10","63","10","2","11","30","0","21","0","1","0","16","2"
"*05w91*","Hwang Hee-Chan","WOL","F","174","FA","MCI Sat 4:30PM","3,500","91.21","3.38","3","383.3","4%","27","1,106","3","0","10","2","0","0","25","0","0","1","0","0","0","0","0","1","73","2","5","0","4","32","1","2","11","59","7","1","0","45","0","15","0","0","0","18","3"
"*05opl*","Wesley Fofana","CHE","D","175","FA","CRY Sun 1:00PM","5,500","90.28","5.31","4","465.3","3%","17","1,361","1","0","2","0","1","1","12","0","2","4","0","0","0","0","1","1","107","1","29","0","37","35","1","11","31","104","35","0","1","77","0","3","0","0","0","24","2"
"*05raa*","Hugo Bueno","WOL","D","176","FA","MCI Sat 4:30PM","2,000","86.78","4.13","1","1133.4","2%","21","1,305","0","0","16","1","0","0","16","0","0","1","0","0","0","0","0","1","101","19","10","1","30","20","6","1","17","63","10","1","0","90","0","5","0","0","0","29","3"
"*05os4*","Rayan Ait-Nouri","MCI","D","177","FA","@WOL Sat 4:30PM","8,900","86.23","4.11","100","44.1","100%","21","1,053","1","0","7","0","0","0","28","0","0","4","0","0","0","2","1","3","109","6","9","0","24","39","4","0","20","86","14","1","0","61","0","12","0","0","1","18","4"
"*04o82*","Curtis Jones","LIV","M","178","FA","BOU Fri 7:00PM","5,900","85.98","4.78","7","396.6","6%","18","1,023","3","0","14","1","0","0","22","0","0","2","0","0","0","0","0","2","209","2","3","0","9","27","0","2","19","64","3","1","0","56","0","6","0","0","0","15","4"
"*02t1k*","Nathaniel Clyne","CRY","D","179","FA","@CHE Sun 1:00PM","2,400","85.87","3.9","0","-","0%","22","1,634","0","0","7","0","0","0","12","0","0","3","0","0","0","0","0","0","128","5","19","0","27","13","7","4","20","46","6","1","0","81","0","3","0","0","0","23","3"
"*05yg5*","Toti","WOL","D","180","FA","MCI Sat 4:30PM","7,800","85.78","5.05","8","333.4","9%","17","972","1","0","4","0","0","0","6","0","0","6","0","0","0","0","0","1","58","4","11","2","44","14","7","8","17","46","17","0","0","61","0","7","0","0","0","14","4"
"*062p5*","Levi Colwill","CHE","D","181","FA","CRY Sun 1:00PM","8,600","84.78","4.99","43","133.4","60%","17","1,216","0","0","7","2","0","1","7","1","0","1","0","0","0","0","0","0","102","0","15","0","37","11","0","3","10","64","45","1","3","74","0","4","0","0","0","21","3"
"*05tr5*","Mads Roerslev","BRF","D","182","FA","@NOT Sun 1:00PM","4,700","84.03","4.2","0","-","1%","20","1,096","0","0","8","0","0","0","14","0","0","0","0","0","0","0","0","0","47","5","9","1","32","6","6","5","17","36","8","3","0","48","0","8","0","0","0","12","5"
"*05ue7*","Frank Onyeka","BRF","M","183","FA","@NOT Sun 1:00PM","2,000","83.98","4","0","-","0%","21","827","0","0","7","3","0","0","11","0","0","0","0","0","0","0","0","2","63","0","10","0","16","37","0","3","17","63","7","1","3","50","0","13","0","0","0","11","3"
"*05n3v*","Konstantinos Tsimikas","LIV","D","184","FA","BOU Fri 7:00PM","5,100","82.61","4.13","0","-","2%","20","751","0","0","18","4","0","0","13","0","0","3","0","0","0","0","0","0","88","20","12","0","14","13","1","1","10","34","7","1","1","50","0","11","0","0","0","11","4"
"*05yct*","Nathan Patterson","EVE","D","185","FA","@LEE Mon 7:00PM","3,100","82.6","4.35","2","519.1","2%","19","1,270","0","0","6","0","0","0","22","0","0","3","0","0","0","0","0","1","100","4","15","0","36","24","9","4","28","83","10","1","2","80","0","5","0","0","0","22","2"
"*062h9*","Luis Sinisterra","BOU","F","186","FA","@LIV Fri 7:00PM","3,600","82.58","4.35","2","514.1","2%","19","857","5","0","9","0","1","0","16","0","0","1","1","1","0","0","1","5","113","2","8","0","2","31","0","1","15","70","18","0","2","65","0","6","0","0","0","23","0"
"*04mqv*","Emerson","WHU","D","187","FA","@SUN Sat 2:00PM","5,800","82.06","3.73","0","-","2%","22","1,313","1","1","13","0","0","1","10","0","0","2","0","0","0","0","0","0","130","7","15","0","29","21","7","4","18","65","18","0","0","66","0","6","0","0","0","28","2"
"*03yr0*","Daniel James","LEE","M","189","FA","EVE Mon 7:00PM","2,000","77.73","3.24","67","131.7","71%","24","785","2","1","8","1","2","0","13","0","0","0","0","0","0","1","0","2","71","6","3","0","6","26","1","1","8","42","1","3","0","42","0","17","0","1","0","18","1"
"*05tz8*","Emmanuel Dennis","NOT","F","190","FA","BRF Sun 1:00PM","2,000","77.07","4.06","0","-","0%","19","697","2","0","7","2","1","0","32","0","0","3","0","0","0","2","0","4","56","2","2","0","3","48","3","1","12","78","13","1","0","38","0","13","0","0","0","17","1"
"*0327r*","Michael Keane","EVE","D","191","FA","@LEE Mon 7:00PM","5,400","76.72","6.39","0","-","1%","12","981","1","0","3","2","0","0","6","1","0","0","0","0","0","1","2","0","50","1","14","1","55","8","0","7","11","82","67","2","2","62","0","2","0","0","0","22","2"
"*063q8*","Mikkel Damsgaard","BRF","M","192","FA","@NOT Sun 1:00PM","9,500","76.56","2.94","100","42.9","98%","26","956","0","0","11","0","0","0","15","0","0","4","0","0","0","1","0","0","98","4","10","0","10","20","4","2","23","61","10","4","4","70","0","17","0","0","0","14","3"
"*03gu4*","Harry Maguire","MUN","D","193","FA","ARS Sun 3:30PM","5,800","76.26","4.77","25","149.1","18%","16","757","0","0","1","0","0","0","1","0","0","4","0","0","0","0","0","0","49","0","13","1","41","6","0","11","17","39","25","0","0","55","0","8","0","0","0","7","5"
"*06804*","Benoit Badiashile","CHE","D","194","FA","CRY Sun 1:00PM","3,900","76.15","6.92","0","-","1%","11","903","1","0","3","0","0","0","2","1","0","2","0","0","0","1","0","0","53","0","16","0","33","7","1","2","10","56","35","1","1","76","0","1","0","0","0","9","4"
"*06329*","Manor Solomon","TOT","F","195","FA","BUR Sat 2:00PM","2,000","74.5","3.92","15","261","14%","19","547","4","0","6","0","0","0","13","0","0","0","0","0","0","0","0","2","77","1","5","0","2","23","1","0","12","47","3","0","0","46","0","15","0","0","0","11","0"
"*0687c*","Carlos Alcaraz","EVE","M","196","FA","@LEE Mon 7:00PM","5,200","73.4","4.08","98","87.5","96%","18","1,019","4","0","5","2","1","0","30","0","0","3","0","0","0","2","0","2","59","0","1","1","11","30","0","5","10","47","7","1","1","53","0","5","0","0","0","25","0"
"*04f6o*","Will Hughes","CRY","M","197","FA","@CHE Sun 1:00PM","6,000","72.79","2.7","3","512.7","2%","27","801","1","0","6","1","0","0","14","0","0","4","0","0","0","2","1","0","94","2","16","0","8","10","1","7","23","44","5","1","1","66","0","20","0","0","0","11","1"
"*067yz*","Matheus Cunha","MUN","F","198","FA","ARS Sun 3:30PM","10,900","68.99","4.06","100","9.4","100%","17","957","2","0","7","0","0","0","31","0","0","1","0","0","0","0","0","3","55","0","9","0","9","47","2","3","7","61","7","1","1","50","0","5","0","0","0","12","5"
"*056iy*","Pedro Neto","CHE","F","199","FA","CRY Sun 1:00PM","6,900","67.34","3.74","100","32.6","100%","18","960","0","1","20","2","0","0","29","0","0","1","0","0","0","1","0","2","123","14","4","0","3","33","1","1","7","44","0","4","1","51","0","5","0","1","0","15","5"
"*02m5b*","Chris Wood","NOT","F","200","FA","BRF Sun 1:00PM","9,000","66.73","2.67","100","67.2","99%","25","796","3","0","6","0","0","0","23","0","0","0","0","0","0","0","0","6","37","0","2","0","9","8","0","3","7","55","42","0","3","21","0","16","0","0","0","9","4"
"*04u6i*","Leander Dendoncker","AVL","M","201","FA","NEW Sat 11:30AM","2,000","65.85","2.74","0","-","0%","24","883","0","0","7","0","0","0","10","0","0","0","0","0","0","0","0","0","48","1","19","0","16","5","0","4","15","40","12","1","1","52","0","15","0","0","0","14","4"
"*0372y*","Matt Targett","NEW","D","202","FA","@AVL Sat 11:30AM","2,000","65.56","3.86","0","-","1%","17","590","0","0","10","0","0","0","5","0","0","1","0","0","0","0","0","0","67","7","9","1","13","5","3","3","13","29","11","1","0","46","0","11","0","0","0","6","3"
"*062x7*","Rico Lewis","MCI","D","203","FA","@WOL Sat 4:30PM","6,100","64.08","4.58","6","367","6%","14","897","0","0","12","0","0","0","7","1","0","1","0","0","0","0","0","0","138","3","6","0","12","26","1","4","13","42","0","2","0","43","0","4","0","0","0","8","2"
"*04sft*","Yves Bissouma","TOT","M","204","FA","BUR Sat 2:00PM","4,100","63.46","2.76","0","-","2%","23","986","0","0","8","0","0","0","16","0","0","6","0","0","0","0","0","1","123","1","12","0","10","17","0","6","19","39","6","1","0","68","0","13","0","0","0","20","1"
"*061z3*","Fabio Vieira","ARS","M","205","FA","@MUN Sun 3:30PM","2,000","63.39","2.88","0","-","1%","22","479","1","0","12","2","0","0","13","0","0","0","0","0","0","0","0","0","102","5","4","0","2","11","0","0","4","20","3","3","0","34","0","19","0","0","0","5","2"
"*04spw*","James Garner","EVE","M","206","FA","@LEE Mon 7:00PM","5,500","61.24","3.83","5","375.6","5%","16","788","0","0","7","1","0","0","11","0","0","3","0","0","0","1","0","1","71","5","12","0","13","17","0","1","14","45","12","0","1","68","0","9","0","0","0","13","2"
"*05r8o*","Jean-Philippe Mateta","CRY","F","207","FA","@CHE Sun 1:00PM","7,600","61.22","2.11","100","49.3","100%","29","727","2","0","5","0","1","0","27","0","0","3","0","0","0","2","0","8","36","1","3","0","18","11","0","1","2","44","26","0","3","23","0","23","0","0","0","10","3"
"*02m11*","Matt Doherty","WOL","D","208","FA","MCI Sat 4:30PM","6,700","60.82","5.07","4","449.1","3%","12","656","1","0","6","0","0","0","12","1","0","0","0","0","0","0","0","0","80","5","8","0","13","10","1","6","16","45","20","0","0","31","0","5","0","0","0","9","3"
"*05opj*","Elliot Anderson","NOT","M","209","FA","BRF Sun 1:00PM","9,300","59.21","2.69","96","95.3","97%","22","379","0","0","9","1","1","0","9","0","0","0","0","0","0","0","0","1","71","4","6","0","1","20","1","2","7","42","11","2","1","29","0","19","0","0","0","7","1"
"*04qfm*","Ryan Sessegnon","FUL","M","210","FA","@BHA Sat 2:00PM","4,700","57.76","3.4","69","131.5","76%","17","797","2","0","6","1","0","0","11","1","0","4","0","0","0","0","0","7","59","4","6","0","16","11","1","1","12","37","10","2","3","49","0","8","0","0","0","15","1"
"*060wh*","Alejandro Garnacho","MUN","M","211","FA","ARS Sun 3:30PM","6,300","57.37","3.02","40","166.8","31%","19","546","3","0","3","2","2","0","27","0","0","3","0","0","0","0","0","3","75","0","5","0","2","20","1","0","2","28","3","2","4","28","0","14","0","0","0","13","0"
"*067zv*","Kevin Schade","BRF","F","212","FA","@NOT Sun 1:00PM","8,600","56.52","3.14","100","62.7","100%","18","713","0","1","8","1","0","0","25","0","0","2","0","0","0","0","0","6","47","4","4","0","4","20","2","0","8","62","30","3","2","33","0","11","0","1","0","7","3"
"*04ge8*","Reiss Nelson","ARS","F","213","FA","@MUN Sun 3:30PM","4,200","55","5","49","133.2","61%","11","192","3","0","9","3","0","0","3","0","0","0","0","0","0","0","0","0","62","3","0","0","4","11","0","0","1","17","2","1","1","16","0","11","0","0","0","3","1"
"*068n8*","Noni Madueke","ARS","M","214","FA","@MUN Sun 3:30PM","6,900","54.91","4.58","98","81.8","98%","12","635","1","0","13","0","0","0","17","0","0","0","0","0","0","0","0","2","97","2","4","0","7","48","0","2","10","62","2","0","0","30","0","5","0","0","0","13","0"
"*05r4r*","Sam Greenwood","LEE","F","215","FA","EVE Mon 7:00PM","2,000","54.66","3.04","0","-","1%","18","398","1","0","13","2","0","0","6","0","0","1","0","0","0","0","0","0","35","18","1","0","0","6","1","2","9","22","1","1","0","31","0","15","0","0","0","11","0"
"*04qr0*","Willy Boly","NOT","D","216","FA","BRF Sun 1:00PM","2,500","54.21","4.93","0","-","1%","11","681","0","0","1","1","0","0","2","0","0","2","0","0","0","0","0","3","13","0","12","0","45","6","0","4","10","34","15","0","0","40","0","2","0","0","0","10","3"
"*05ue3*","Albert Sambi Lokonga","ARS","M","217","FA","@MUN Sun 3:30PM","2,000","53.05","3.54","0","-","0%","15","722","0","0","2","0","0","0","4","0","0","2","0","0","0","0","0","0","87","0","12","0","11","19","1","3","14","41","8","0","0","48","0","7","0","0","0","8","2"
"*04qrc*","Raul Jimenez","FUL","F","218","FA","@BHA Sat 2:00PM","8,100","51.95","3.46","100","74.6","98%","15","832","0","0","9","2","0","0","23","0","0","0","0","0","0","0","0","9","42","2","0","0","7","19","1","0","6","52","24","4","4","21","0","7","0","0","0","18","2"
"*063e8*","Goncalo Guedes","WOL","F","219","FA","MCI Sat 4:30PM","4,000","51.29","3.95","2","540.1","2%","13","699","1","0","9","1","0","0","17","0","0","1","0","0","0","1","0","5","57","7","1","0","2","29","0","0","6","44","7","1","0","34","0","5","0","0","0","12","2"
"*05y9n*","Lewis Hall","NEW","D","220","FA","@AVL Sat 11:30AM","9,400","49.08","5.45","100","68.2","100%","9","652","0","0","15","0","0","0","16","1","0","1","0","0","0","0","0","1","78","12","11","0","10","20","1","0","12","50","7","5","2","48","0","1","0","0","0","11","1"
"*05a6d*","Tariq Lamptey","BHA","D","222","FA","FUL Sat 2:00PM","4,400","48.71","2.44","1","1072.2","2%","20","425","0","0","4","0","0","0","16","0","0","1","0","0","0","0","0","0","72","5","7","0","2","22","0","3","9","35","2","0","0","31","0","17","0","0","0","7","1"
"*068a1*","Mykhailo Mudryk","CHE","M","223","FA","CRY Sun 1:00PM","2,200","48.41","3.23","0","-","1%","15","643","0","0","10","2","0","0","29","0","0","1","0","0","0","0","0","1","65","5","0","0","2","25","1","1","10","41","5","0","5","35","0","8","0","0","0","10","0"
"*068yd*","Joao Gomes","WOL","M","225","FA","MCI Sat 4:30PM","7,100","47.59","4.33","18","199.2","19%","11","644","1","0","5","0","0","0","7","0","0","5","0","0","0","0","0","0","52","1","4","0","11","24","0","3","16","60","7","0","0","59","0","4","0","0","0","18","2"
"*05uel*","Kristoffer Ajer","BRF","D","226","FA","@NOT Sun 1:00PM","4,600","46.7","5.19","0","-","1%","9","763","0","0","1","0","0","1","3","0","0","0","0","0","0","0","1","0","48","1","7","0","17","9","5","5","13","35","15","0","0","36","0","0","0","0","0","14","4"
"*062p0*","Stefan Bajcetic","LIV","M","227","FA","BOU Fri 7:00PM","2,000","43.25","3.93","1","1149.4","1%","11","516","1","0","4","0","0","0","7","0","0","2","0","0","0","0","0","0","56","1","9","0","4","16","0","0","6","34","9","0","0","40","0","5","0","0","0","4","3"
"*067yu*","Facundo Buonanotte","BHA","M","228","FA","FUL Sat 2:00PM","6,000","39.71","3.05","10","316.5","10%","13","553","1","0","6","1","0","0","10","0","0","2","0","0","0","0","0","3","60","4","4","0","2","14","1","2","3","18","2","1","0","25","0","7","0","0","0","12","1"
"*044nm*","Rob Holding","CRY","D","229","FA","@CHE Sun 1:00PM","2,000","39.5","2.82","0","-","0%","14","558","1","0","0","0","0","1","3","1","0","0","0","0","0","0","1","0","28","0","3","0","26","3","1","5","10","33","22","0","0","40","0","8","0","0","0","13","0"
"*05ojf*","Fabio Carvalho","BRF","M","230","FA","@NOT Sun 1:00PM","3,300","39.43","3.03","8","329","11%","13","331","2","0","1","1","0","0","11","0","0","0","0","0","0","0","0","0","47","1","6","0","0","8","0","0","8","20","4","0","1","19","0","9","0","0","0","3","0"
"*05l8q*","Cole Palmer","CHE","M","231","FA","CRY Sun 1:00PM","11,200","38.57","2.76","100","2.8","100%","14","348","0","0","5","1","0","0","13","0","0","1","0","0","0","0","0","1","72","2","1","0","2","20","0","1","2","26","1","1","1","20","0","12","0","0","0","4","1"
"*05ogb*","Anthony Elanga","NEW","F","232","FA","@AVL Sat 11:30AM","8,000","37.19","2.32","100","38.4","100%","16","410","0","0","6","1","1","0","13","0","0","0","0","0","0","0","0","3","48","1","2","0","3","12","1","0","0","23","8","2","2","17","0","11","0","0","0","2","2"
"*068yr*","Hamed Traore","BOU","M","233","FA","@LIV Fri 7:00PM","2,000","36.99","5.28","0","1126","1%","7","423","0","1","14","0","0","0","15","0","0","0","0","0","0","0","0","1","46","12","2","0","1","20","0","0","11","40","3","0","1","33","0","2","0","0","0","8","2"
"*068sd*","Jakub Kiwior","ARS","D","234","FA","@MUN Sun 3:30PM","5,300","34.78","4.97","2","516.1","2%","7","423","1","0","1","0","0","0","0","0","0","0","0","0","0","0","0","0","14","0","6","0","10","2","0","3","8","17","8","0","0","20","0","2","0","0","0","6","2"
"*05re5*","Carney Chukwuemeka","CHE","M","235","FA","CRY Sun 1:00PM","2,000","34.69","2.48","0","-","1%","14","330","0","0","8","0","0","0","11","0","0","0","0","0","0","0","0","1","73","2","6","0","1","11","0","0","7","25","1","0","0","22","0","12","0","0","0","7","1"
"*05gvx*","Armando Broja","CHE","F","236","FA","CRY Sun 1:00PM","2,500","33.75","2.81","0","-","1%","12","277","1","0","1","1","0","0","15","0","0","0","0","0","0","0","0","3","17","0","1","0","1","14","0","1","2","27","9","0","3","15","0","10","0","1","0","5","1"
"*05n3u*","Joe Gelhardt","LEE","F","237","FA","EVE Mon 7:00PM","2,000","32.74","2.18","0","-","0%","15","192","0","0","2","2","0","0","9","0","0","1","0","0","0","0","0","0","20","0","0","0","4","9","0","0","2","20","5","2","1","9","0","14","0","0","0","3","0"
"*0689w*","Georginio Rutter","BHA","F","238","FA","FUL Sat 2:00PM","6,600","32.7","2.97","95","99.3","95%","11","253","0","0","4","1","0","0","15","0","0","0","0","0","0","0","0","1","18","0","3","0","3","15","0","0","9","36","11","0","0","7","0","10","0","0","0","9","0"
"*0635j*","Chris Richards","CRY","D","239","FA","@CHE Sun 1:00PM","6,600","31.62","3.51","49","140.8","58%","9","439","0","0","1","0","0","0","3","0","0","0","0","0","0","0","0","1","23","0","8","0","30","1","1","1","7","24","14","1","1","15","0","5","0","0","0","11","1"
"*05n03*","Kalvin Phillips","MCI","M","240","FA","@WOL Sat 4:30PM","3,700","31.44","2.62","0","-","1%","12","283","0","0","3","0","1","0","2","0","0","1","0","0","0","0","0","0","61","0","5","0","8","3","2","3","7","14","5","0","1","19","0","10","0","0","0","3","1"
"*068yt*","Sasa Lukic","FUL","M","241","FA","@BHA Sat 2:00PM","5,700","31.05","2.59","3","430","2%","12","400","0","0","0","0","0","0","3","0","0","1","0","0","0","0","0","0","45","1","5","0","3","14","0","2","5","26","4","0","0","28","0","8","0","0","0","10","0"
"*04sat*","Emile Smith Rowe","FUL","M","242","FA","@BHA Sat 2:00PM","5,900","29.74","2.48","64","130.6","73%","12","152","0","0","6","2","0","0","0","0","0","0","0","0","0","0","0","1","30","1","0","0","1","3","1","0","1","4","0","2","0","8","0","12","0","0","0","5","0"
"*068y0*","Antoine Semenyo","BOU","F","243","FA","@LIV Fri 7:00PM","10,400","26.57","2.42","100","15","99%","11","242","1","0","2","0","0","0","12","0","0","0","0","0","0","1","0","1","16","0","2","0","4","8","0","1","1","18","9","0","0","13","0","9","0","0","0","6","0"
"*062p3*","Keane Lewis-Potter","BRF","M","244","FA","@NOT Sun 1:00PM","7,400","26.48","2.65","27","166.7","20%","10","308","0","0","5","1","0","0","11","0","0","0","0","0","0","0","0","1","19","1","0","0","2","8","0","1","1","13","4","2","2","20","0","7","0","0","0","4","0"
"*05x9k*","Jeremy Sarmiento","BHA","M","245","FA","FUL Sat 2:00PM","2,000","26.38","2.93","0","-","0%","9","160","0","0","2","2","0","0","6","0","0","1","0","0","0","0","0","0","21","2","1","0","0","10","0","0","3","16","0","0","0","4","0","8","0","0","0","2","1"
"*05w90*","Maxwel Cornet","WHU","F","247","FA","@SUN Sat 2:00PM","2,200","25.29","1.81","0","-","0%","14","223","0","0","1","0","1","0","9","0","0","0","0","0","0","0","0","9","31","1","2","0","3","4","0","0","3","17","6","0","2","15","0","12","0","0","0","5","0"
"*05w7t*","Pape Sarr","TOT","M","248","FA","BUR Sat 2:00PM","5,700","24.07","2.19","3","479.3","4%","11","204","0","0","2","1","0","1","5","0","0","1","0","0","0","0","1","0","18","0","6","0","6","4","0","2","8","14","3","1","0","22","0","9","0","0","0","11","0"
"*05oh0*","Jan-Paul van Hecke","BHA","D","250","FA","FUL Sat 2:00PM","7,900","21","2.62","15","235","19%","8","287","0","0","0","0","0","0","1","0","0","2","0","0","0","1","0","0","27","0","6","1","9","4","0","5","11","18","6","0","1","15","0","5","0","0","0","7","0"
"*068yi*","Illia Zabarnyi","BOU","D","252","FA","@LIV Fri 7:00PM","8,400","17.09","3.42","14","254.1","15%","5","295","0","0","0","0","0","0","3","0","0","0","0","0","0","0","0","0","13","0","3","0","14","3","0","2","4","8","1","0","0","18","0","2","0","0","0","5","0"
"*03pig*","Jamaal Lascelles","NEW","D","253","FA","@AVL Sat 11:30AM","2,000","13.1","1.87","0","-","1%","7","210","0","0","0","0","0","0","0","0","0","2","0","0","0","0","0","0","5","0","0","0","17","2","0","2","2","8","6","0","0","5","0","5","0","0","0","5","0"
"*068ys*","Naouirou Ahamada","CRY","M","255","FA","@CHE Sun 1:00PM","2,000","11.15","1.39","0","-","0%","8","80","0","0","1","0","0","0","5","0","0","1","0","0","0","0","0","2","10","0","0","0","0","1","0","0","2","4","0","0","0","8","0","8","0","0","0","2","0"
"*05uh9*","Bryan Gil","TOT","F","256","FA","BUR Sat 2:00PM","2,000","10.91","2.73","0","-","0%","4","144","0","0","2","1","0","0","5","0","0","1","0","0","0","0","0","1","21","0","1","0","1","4","0","0","1","7","0","0","0","3","0","2","0","0","0","1","1"
"*04rh9*","David Brooks","BOU","M","257","FA","@LIV Fri 7:00PM","4,000","10.45","1.74","0","-","2%","6","167","0","0","2","0","0","0","4","0","0","1","0","0","0","0","0","0","22","0","2","0","4","3","1","0","0","6","2","0","0","4","0","4","0","0","0","4","0"
"*05s08*","Valentino Livramento","NEW","D","258","FA","@AVL Sat 11:30AM","8,300","6.19","3.09","84","102.5","94%","2","24","0","0","0","0","0","0","1","0","0","0","0","0","0","0","0","0","2","0","2","0","3","4","0","0","1","6","0","0","0","4","0","2","0","0","0","0","0"
"*068yc*","Yasin Ayari","BHA","M","259","FA","FUL Sat 2:00PM","5,800","5.99","2","5","408.7","4%","3","63","0","0","2","0","0","0","2","0","0","0","0","0","0","0","0","0","6","0","0","0","0","3","0","0","2","5","0","0","0","3","0","2","0","0","0","2","0"
"*062ts*","Djed Spence","TOT","D","260","FA","BUR Sat 2:00PM","6,100","4.62","1.15","27","170.9","24%","4","4","0","0","0","0","0","0","0","0","0","0","0","0","0","0","0","0","3","0","0","0","0","0","0","0","0","1","1","0","0","1","0","4","0","0","0","0","0"
"*062ck*","Malcolm Ebiowei","CRY","F","261","FA","@CHE Sun 1:00PM","2,000","4.5","1.5","0","-","0%","3","28","0","0","0","0","0","0","5","0","0","0","0","0","0","0","0","0","3","0","0","0","0","3","0","0","1","4","0","0","0","0","0","3","0","0","0","1","0"
"*066nn*","Ben Doak","LIV","F","262","FA","BOU Fri 7:00PM","2,000","3.76","1.88","1","1013.4","2%","2","22","0","0","0","0","0","0","1","0","0","0","0","0","0","1","0","0","4","0","0","0","0","1","0","0","2","4","0","0","0","5","0","2","0","0","0","1","0"
"*06ab3*","Lewis Miley","NEW","M","264","FA","@AVL Sat 11:30AM","2,700","3.49","3.49","0","-","2%","1","13","0","0","0","0","1","0","0","0","0","0","0","0","0","0","0","0","1","0","0","0","0","0","0","0","0","0","0","0","0","1","0","1","0","0","0","0","0"
"*066j4*","Mateo Joseph","LEE","F","265","FA","EVE Mon 7:00PM","2,000","3.46","1.15","0","-","0%","3","23","0","0","0","0","0","0","1","0","0","0","0","0","0","0","0","0","0","0","0","0","1","0","0","0","0","0","0","0","0","0","0","3","0","0","0","0","0"
"*062du*","Darko Gyabi","LEE","M","266","FA","EVE Mon 7:00PM","2,000","2.83","2.83","0","-","0%","1","6","0","0","0","0","0","0","1","0","0","0","0","0","0","0","0","0","2","0","0","0","0","1","0","0","2","3","0","0","0","3","0","1","0","0","0","0","0"
"*0666p*","Kobbie Mainoo","MUN","M","268","FA","ARS Sun 3:30PM","4,600","1.72","1.72","8","371.5","10%","1","9","0","0","0","0","0","0","0","0","0","0","0","0","0","0","0","0","3","0","0","0","0","0","0","1","1","0","0","0","0","0","0","1","0","0","0","0","0"
"*06492*","Sasa Kalajdzic","WOL","F","269","FA","MCI Sat 4:30PM","2,000","1.35","1.35","0","-","0%","1","45","0","0","0","0","0","0","1","0","0","0","0","0","0","0","0","0","0","0","1","0","0","1","0","0","0","1","1","0","1","2","0","0","0","0","0","0","0"
"*0643r*","Owen Bevan","BOU","D","270","FA","@LIV Fri 7:00PM","2,000","1.34","1.34","0","-","0%","1","7","0","0","0","0","0","0","0","0","0","0","0","0","0","0","0","0","0","0","0","0","0","0","0","0","0","0","0","0","0","1","0","1","0","0","0","1","0"
"*06awq*","George Abbott","TOT","M","271","FA","BUR Sat 2:00PM","2,000","1.22","1.22","0","-","0%","1","1","0","0","0","0","0","0","0","0","0","0","0","0","0","0","0","0","0","0","1","0","0","0","0","0","0","0","0","0","0","0","0","1","0","0","0","0","0"
"*067ys*","Jack Hinshelwood","BHA","M","272","FA","FUL Sat 2:00PM","5,600","1.17","1.17","10","314.6","9%","1","1","0","0","0","0","0","0","0","0","0","0","0","0","0","0","0","0","0","0","0","0","0","0","0","0","0","1","0","0","0","0","0","1","0","0","0","0","0"
"*065ao*","Ethan Nwaneri","ARS","M","274","FA","@MUN Sun 3:30PM","4,700","1.02","1.02","74","120.5","76%","1","1","0","0","0","0","0","0","0","0","0","0","0","0","0","0","0","0","0","0","0","0","0","0","0","0","0","0","0","0","0","0","0","1","0","0","0","0","0"
"*05746*","Emil Krafth","NEW","D","273","FA","@AVL Sat 11:30AM","2,500","1.02","1.02","0","-","1%","1","1","0","0","0","0","0","0","0","0","0","0","0","0","0","0","0","0","0","0","0","0","0","0","0","0","0","0","0","0","0","0","0","1","0","0","0","0","0"
"*05vyh*","Andy Moran","BHA","M","275","FA","FUL Sat 2:00PM","2,000","0.9","0.9","0","-","0%","1","10","0","0","0","0","0","0","2","0","0","0","0","0","0","0","0","0","0","0","0","0","0","0","0","0","0","0","0","0","0","0","0","1","0","0","0","1","0"
"*05r34*","Amad Diallo","MUN","M","368","FA","ARS Sun 3:30PM","9,200","0","0","100","19.4","100%","0","0","0","0","0","0","0","0","0","0","0","0","0","0","0","0","0","0","0","0","0","0","0","0","0","0","0","0","0","0","0","0","0","0","0","0","0","0","0"
"*06ex4*","Josko Gvardiol","MCI","D","423","FA","@WOL Sat 4:30PM","10,000","0","0","100","56.5","100%","0","0","0","0","0","0","0","0","0","0","0","0","0","0","0","0","0","0","0","0","0","0","0","0","0","0","0","0","0","0","0","0","0","0","0","0","0","0","0"
"*05g2o*","Joao Pedro","CHE","F","459","FA","CRY Sun 1:00PM","7,900","0","0","100","24.2","100%","0","0","0","0","0","0","0","0","0","0","0","0","0","0","0","0","0","0","0","0","0","0","0","0","0","0","0","0","0","0","0","0","0","0","0","0","0","0","0"
"*06do9*","Milos Kerkez","LIV","D","468","FA","BOU Fri 7:00PM","9,400","0","0","100","50.8","100%","0","0","0","0","0","0","0","0","0","0","0","0","0","0","0","0","0","0","0","0","0","0","0","0","0","0","0","0","0","0","0","0","0","0","0","0","0","0","0"
"*06clt*","Justin Kluivert","BOU","M","474","FA","@LIV Fri 7:00PM","8,200","0","0","100","46.7","100%","0","0","0","0","0","0","0","0","0","0","0","0","0","0","0","0","0","0","0","0","0","0","0","0","0","0","0","0","0","0","0","0","0","0","0","0","0","0","0"
"*06fv8*","Mohammed Kudus","TOT","M","481","FA","BUR Sat 2:00PM","7,500","0","0","100","33.4","100%","0","0","0","0","0","0","0","0","0","0","0","0","0","0","0","0","0","0","0","0","0","0","0","0","0","0","0","0","0","0","0","0","0","0","0","0","0","0","0"
"*06mw0*","Nikola Milenkovic","NOT","D","517","FA","BRF Sun 1:00PM","9,700","0","0","100","77.1","100%","0","0","0","0","0","0","0","0","0","0","0","0","0","0","0","0","0","0","0","0","0","0","0","0","0","0","0","0","0","0","0","0","0","0","0","0","0","0","0"
"*06jgi*","Daniel Munoz","CRY","D","531","FA","@CHE Sun 1:00PM","10,000","0","0","100","20","100%","0","0","0","0","0","0","0","0","0","0","0","0","0","0","0","0","0","0","0","0","0","0","0","0","0","0","0","0","0","0","0","0","0","0","0","0","0","0","0"
"*05uht*","Morgan Rogers","AVL","M","591","FA","NEW Sat 11:30AM","8,900","0","0","100","25.6","100%","0","0","0","0","0","0","0","0","0","0","0","0","0","0","0","0","0","0","0","0","0","0","0","0","0","0","0","0","0","0","0","0","0","0","0","0","0","0","0"
"*06v05*","Jeremie Frimpong","LIV","D","399","FA","BOU Fri 7:00PM","8,200","0","0","100","36.5","100%","0","0","0","0","0","0","0","0","0","0","0","0","0","0","0","0","0","0","0","0","0","0","0","0","0","0","0","0","0","0","0","0","0","0","0","0","0","0","0"
"*06rf9*","Omar Marmoush","MCI","F","501","FA","@WOL Sat 4:30PM","6,600","0","0","100","16.4","100%","0","0","0","0","0","0","0","0","0","0","0","0","0","0","0","0","0","0","0","0","0","0","0","0","0","0","0","0","0","0","0","0","0","0","0","0","0","0","0"
"*05748*","Ismaila Sarr","CRY","M","604","FA","@CHE Sun 1:00PM","8,100","0","0","100","62.5","100%","0","0","0","0","0","0","0","0","0","0","0","0","0","0","0","0","0","0","0","0","0","0","0","0","0","0","0","0","0","0","0","0","0","0","0","0","0","0","0"
"*06cmm*","Dominik Szoboszlai","LIV","M","624","FA","BOU Fri 7:00PM","8,400","0","0","100","67.7","100%","0","0","0","0","0","0","0","0","0","0","0","0","0","0","0","0","0","0","0","0","0","0","0","0","0","0","0","0","0","0","0","0","0","0","0","0","0","0","0"
"*06v21*","Florian Wirtz","LIV","M","668","FA","BOU Fri 7:00PM","10,700","0","0","100","6.6","99%","0","0","0","0","0","0","0","0","0","0","0","0","0","0","0","0","0","0","0","0","0","0","0","0","0","0","0","0","0","0","0","0","0","0","0","0","0","0","0"
"*06p6j*","Evanilson","BOU","F","678","FA","@LIV Fri 7:00PM","7,100","0","0","100","65.2","99%","0","0","0","0","0","0","0","0","0","0","0","0","0","0","0","0","0","0","0","0","0","0","0","0","0","0","0","0","0","0","0","0","0","0","0","0","0","0","0"
"*06v07*","Rayan Cherki","MCI","M","346","FA","@WOL Sat 4:30PM","8,900","0","0","99","50.4","99%","0","0","0","0","0","0","0","0","0","0","0","0","0","0","0","0","0","0","0","0","0","0","0","0","0","0","0","0","0","0","0","0","0","0","0","0","0","0","0"
"*05oig*","Liam Delap","CHE","F","363","FA","CRY Sun 1:00PM","6,900","0","0","100","75.3","99%","0","0","0","0","0","0","0","0","0","0","0","0","0","0","0","0","0","0","0","0","0","0","0","0","0","0","0","0","0","0","0","0","0","0","0","0","0","0","0"
"*05r94*","Iliman Ndiaye","EVE","M","538","FA","@LEE Mon 7:00PM","8,400","0","0","100","68.1","99%","0","0","0","0","0","0","0","0","0","0","0","0","0","0","0","0","0","0","0","0","0","0","0","0","0","0","0","0","0","0","0","0","0","0","0","0","0","0","0"
"*06mvz*","Savio","MCI","M","522","FA","@WOL Sat 4:30PM","7,700","0","0","100","47.8","98%","0","0","0","0","0","0","0","0","0","0","0","0","0","0","0","0","0","0","0","0","0","0","0","0","0","0","0","0","0","0","0","0","0","0","0","0","0","0","0"
"*06v06*","Tijjani Reijnders","MCI","M","581","FA","@WOL Sat 4:30PM","8,400","0","0","98","78.9","98%","0","0","0","0","0","0","0","0","0","0","0","0","0","0","0","0","0","0","0","0","0","0","0","0","0","0","0","0","0","0","0","0","0","0","0","0","0","0","0"
"*06fwz*","Murillo","NOT","D","603","FA","BRF Sun 1:00PM","10,000","0","0","93","88.2","98%","0","0","0","0","0","0","0","0","0","0","0","0","0","0","0","0","0","0","0","0","0","0","0","0","0","0","0","0","0","0","0","0","0","0","0","0","0","0","0"
"*06mow*","Jorgen Strand Larsen","WOL","F","623","FA","MCI Sat 4:30PM","7,100","0","0","100","73.2","98%","0","0","0","0","0","0","0","0","0","0","0","0","0","0","0","0","0","0","0","0","0","0","0","0","0","0","0","0","0","0","0","0","0","0","0","0","0","0","0"
"*06fup*","Jeremy Doku","MCI","M","374","FA","@WOL Sat 4:30PM","7,600","0","0","100","46.2","98%","0","0","0","0","0","0","0","0","0","0","0","0","0","0","0","0","0","0","0","0","0","0","0","0","0","0","0","0","0","0","0","0","0","0","0","0","0","0","0"
"*04mi4*","Callum Hudson-Odoi","NOT","F","444","FA","BRF Sun 1:00PM","6,600","0","0","100","90.8","98%","0","0","0","0","0","0","0","0","0","0","0","0","0","0","0","0","0","0","0","0","0","0","0","0","0","0","0","0","0","0","0","0","0","0","0","0","0","0","0"
"*06c6g*","Yankuba Minteh","BHA","M","518","FA","FUL Sat 2:00PM","6,500","0","0","100","55.1","98%","0","0","0","0","0","0","0","0","0","0","0","0","0","0","0","0","0","0","0","0","0","0","0","0","0","0","0","0","0","0","0","0","0","0","0","0","0","0","0"
"*06cms*","Sandro Tonali","NEW","M","635","FA","@AVL Sat 11:30AM","7,600","0","0","94","99.5","96%","0","0","0","0","0","0","0","0","0","0","0","0","0","0","0","0","0","0","0","0","0","0","0","0","0","0","0","0","0","0","0","0","0","0","0","0","0","0","0"
"*06uyc*","Adrien Truffert","BOU","D","642","FA","@LIV Fri 7:00PM","6,500","0","0","91","109.2","94%","0","0","0","0","0","0","0","0","0","0","0","0","0","0","0","0","0","0","0","0","0","0","0","0","0","0","0","0","0","0","0","0","0","0","0","0","0","0","0"
"*0626q*","Simon Adingra","SUN","M","279","FA","WHU Sat 2:00PM","4,000","0","0","95","93.4","94%","0","0","0","0","0","0","0","0","0","0","0","0","0","0","0","0","0","0","0","0","0","0","0","0","0","0","0","0","0","0","0","0","0","0","0","0","0","0","0"
"*052cb*","Ian Maatsen","AVL","D","493","FA","NEW Sat 11:30AM","4,900","0","0","91","109.2","93%","0","0","0","0","0","0","0","0","0","0","0","0","0","0","0","0","0","0","0","0","0","0","0","0","0","0","0","0","0","0","0","0","0","0","0","0","0","0","0"
"*06y9n*","Jamie Gittens","CHE","F","406","FA","CRY Sun 1:00PM","7,900","0","0","89","99","93%","0","0","0","0","0","0","0","0","0","0","0","0","0","0","0","0","0","0","0","0","0","0","0","0","0","0","0","0","0","0","0","0","0","0","0","0","0","0","0"
"*06rgg*","Michael Kayode","BRF","D","466","FA","@NOT Sun 1:00PM","4,300","0","0","89","95.6","90%","0","0","0","0","0","0","0","0","0","0","0","0","0","0","0","0","0","0","0","0","0","0","0","0","0","0","0","0","0","0","0","0","0","0","0","0","0","0","0"
"*06rm8*","Mathys Tel","TOT","F","629","FA","BUR Sat 2:00PM","4,800","0","0","86","105.6","90%","0","0","0","0","0","0","0","0","0","0","0","0","0","0","0","0","0","0","0","0","0","0","0","0","0","0","0","0","0","0","0","0","0","0","0","0","0","0","0"
"*066sd*","Myles Lewis-Skelly","ARS","D","489","FA","@MUN Sun 3:30PM","4,700","0","0","71","109.3","88%","0","0","0","0","0","0","0","0","0","0","0","0","0","0","0","0","0","0","0","0","0","0","0","0","0","0","0","0","0","0","0","0","0","0","0","0","0","0","0"
"*06cm1*","Nicolas Jackson","CHE","F","454","FA","CRY Sun 1:00PM","6,300","0","0","84","111.8","87%","0","0","0","0","0","0","0","0","0","0","0","0","0","0","0","0","0","0","0","0","0","0","0","0","0","0","0","0","0","0","0","0","0","0","0","0","0","0","0"
"*06mn0*","Igor Thiago","BRF","F","536","FA","@NOT Sun 1:00PM","2,200","0","0","82","110.6","86%","0","0","0","0","0","0","0","0","0","0","0","0","0","0","0","0","0","0","0","0","0","0","0","0","0","0","0","0","0","0","0","0","0","0","0","0","0","0","0"
"*06mpp*","Mats Wieffer","BHA","M","661","FA","FUL Sat 2:00PM","5,200","0","0","71","110.5","86%","0","0","0","0","0","0","0","0","0","0","0","0","0","0","0","0","0","0","0","0","0","0","0","0","0","0","0","0","0","0","0","0","0","0","0","0","0","0","0"
"*06y9m*","Maxim De Cuyper","BHA","D","362","FA","FUL Sat 2:00PM","7,300","0","0","65","116.9","85%","0","0","0","0","0","0","0","0","0","0","0","0","0","0","0","0","0","0","0","0","0","0","0","0","0","0","0","0","0","0","0","0","0","0","0","0","0","0","0"
"*06fvn*","Beto","EVE","F","409","FA","@LEE Mon 7:00PM","6,000","0","0","76","119.5","85%","0","0","0","0","0","0","0","0","0","0","0","0","0","0","0","0","0","0","0","0","0","0","0","0","0","0","0","0","0","0","0","0","0","0","0","0","0","0","0"
"*05uhj*","Conor Bradley","LIV","D","330","FA","BOU Fri 7:00PM","4,500","0","0","81","118.7","82%","0","0","0","0","0","0","0","0","0","0","0","0","0","0","0","0","0","0","0","0","0","0","0","0","0","0","0","0","0","0","0","0","0","0","0","0","0","0","0"
"*06dmj*","Jurrien Timber","ARS","D","633","FA","@MUN Sun 3:30PM","7,800","0","0","68","120.6","81%","0","0","0","0","0","0","0","0","0","0","0","0","0","0","0","0","0","0","0","0","0","0","0","0","0","0","0","0","0","0","0","0","0","0","0","0","0","0","0"
"*06ybp*","Thierno Barry","EVE","F","312","FA","@LEE Mon 7:00PM","6,400","0","0","56","115.8","80%","0","0","0","0","0","0","0","0","0","0","0","0","0","0","0","0","0","0","0","0","0","0","0","0","0","0","0","0","0","0","0","0","0","0","0","0","0","0","0"
"*06pia*","Maxence Lacroix","CRY","D","483","FA","@CHE Sun 1:00PM","9,000","0","0","70","122.5","79%","0","0","0","0","0","0","0","0","0","0","0","0","0","0","0","0","0","0","0","0","0","0","0","0","0","0","0","0","0","0","0","0","0","0","0","0","0","0","0"
"*06v02*","Joel Piroe","LEE","F","571","FA","EVE Mon 7:00PM","6,800","0","0","65","124.6","78%","0","0","0","0","0","0","0","0","0","0","0","0","0","0","0","0","0","0","0","0","0","0","0","0","0","0","0","0","0","0","0","0","0","0","0","0","0","0","0"
"*06p4j*","Noussair Mazraoui","MUN","D","508","FA","ARS Sun 3:30PM","7,700","0","0","61","122.2","72%","0","0","0","0","0","0","0","0","0","0","0","0","0","0","0","0","0","0","0","0","0","0","0","0","0","0","0","0","0","0","0","0","0","0","0","0","0","0","0"
"*06v0s*","Eliezer Mayenda","SUN","F","507","FA","WHU Sat 2:00PM","8,200","0","0","64","127","71%","0","0","0","0","0","0","0","0","0","0","0","0","0","0","0","0","0","0","0","0","0","0","0","0","0","0","0","0","0","0","0","0","0","0","0","0","0","0","0"
"*06y9z*","Martin Zubimendi","ARS","M","675","FA","@MUN Sun 3:30PM","7,900","0","0","64","119.3","69%","0","0","0","0","0","0","0","0","0","0","0","0","0","0","0","0","0","0","0","0","0","0","0","0","0","0","0","0","0","0","0","0","0","0","0","0","0","0","0"
"*05l27*","Jarrad Branthwaite","EVE","D","331","FA","@LEE Mon 7:00PM","8,100","0","0","57","131.2","67%","0","0","0","0","0","0","0","0","0","0","0","0","0","0","0","0","0","0","0","0","0","0","0","0","0","0","0","0","0","0","0","0","0","0","0","0","0","0","0"
"*06v0p*","Enzo Le Fee","SUN","M","486","FA","WHU Sat 2:00PM","5,700","0","0","56","133.3","67%","0","0","0","0","0","0","0","0","0","0","0","0","0","0","0","0","0","0","0","0","0","0","0","0","0","0","0","0","0","0","0","0","0","0","0","0","0","0","0"
"*04qfq*","Matt ORiley","BHA","M","552","FA","FUL Sat 2:00PM","4,200","0","0","58","129.6","66%","0","0","0","0","0","0","0","0","0","0","0","0","0","0","0","0","0","0","0","0","0","0","0","0","0","0","0","0","0","0","0","0","0","0","0","0","0","0","0"
"*06rlj*","Patrick Dorgu","MUN","D","378","FA","ARS Sun 3:30PM","4,300","0","0","61","126.2","65%","0","0","0","0","0","0","0","0","0","0","0","0","0","0","0","0","0","0","0","0","0","0","0","0","0","0","0","0","0","0","0","0","0","0","0","0","0","0","0"
"*06p5s*","Brajan Gruda","BHA","M","417","FA","FUL Sat 2:00PM","4,300","0","0","51","128.9","65%","0","0","0","0","0","0","0","0","0","0","0","0","0","0","0","0","0","0","0","0","0","0","0","0","0","0","0","0","0","0","0","0","0","0","0","0","0","0","0"
"*06fxv*","Jean-Ricner Bellegarde","WOL","M","315","FA","MCI Sat 4:30PM","6,000","0","0","54","136.6","64%","0","0","0","0","0","0","0","0","0","0","0","0","0","0","0","0","0","0","0","0","0","0","0","0","0","0","0","0","0","0","0","0","0","0","0","0","0","0","0"
"*06fxe*","Ryan Gravenberch","LIV","M","413","FA","BOU Fri 7:00PM","7,900","0","0","58","122.3","64%","0","0","0","0","0","0","0","0","0","0","0","0","0","0","0","0","0","0","0","0","0","0","0","0","0","0","0","0","0","0","0","0","0","0","0","0","0","0","0"
"*04hk9*","Mikel Merino","ARS","M","515","FA","@MUN Sun 3:30PM","6,700","0","0","56","137.9","58%","0","0","0","0","0","0","0","0","0","0","0","0","0","0","0","0","0","0","0","0","0","0","0","0","0","0","0","0","0","0","0","0","0","0","0","0","0","0","0"
"*04tsb*","Viktor Gyokeres","ARS","F","424","FA","@MUN Sun 3:30PM","8,700","0","0","51","13.1","56%","0","0","0","0","0","0","0","0","0","0","0","0","0","0","0","0","0","0","0","0","0","0","0","0","0","0","0","0","0","0","0","0","0","0","0","0","0","0","0"
"*03frx*","Ola Aina","NOT","D","284","FA","BRF Sun 1:00PM","8,900","0","0","50","145.8","56%","0","0","0","0","0","0","0","0","0","0","0","0","0","0","0","0","0","0","0","0","0","0","0","0","0","0","0","0","0","0","0","0","0","0","0","0","0","0","0"
"*06y27*","Loum Tchaouna","BUR","F","628","FA","@TOT Sat 2:00PM","7,200","0","0","24","149","54%","0","0","0","0","0","0","0","0","0","0","0","0","0","0","0","0","0","0","0","0","0","0","0","0","0","0","0","0","0","0","0","0","0","0","0","0","0","0","0"
"*063y7*","Destiny Udogie","TOT","D","647","FA","BUR Sat 2:00PM","5,600","0","0","34","142","48%","0","0","0","0","0","0","0","0","0","0","0","0","0","0","0","0","0","0","0","0","0","0","0","0","0","0","0","0","0","0","0","0","0","0","0","0","0","0","0"
"*06jgs*","Adam Wharton","CRY","M","659","FA","@CHE Sun 1:00PM","5,200","0","0","42","145.3","48%","0","0","0","0","0","0","0","0","0","0","0","0","0","0","0","0","0","0","0","0","0","0","0","0","0","0","0","0","0","0","0","0","0","0","0","0","0","0","0"
"*05o8o*","Jayden Bogle","LEE","D","326","FA","EVE Mon 7:00PM","4,900","0","0","43","142.7","47%","0","0","0","0","0","0","0","0","0","0","0","0","0","0","0","0","0","0","0","0","0","0","0","0","0","0","0","0","0","0","0","0","0","0","0","0","0","0","0"
"*061vn*","Rodrigo Muniz","FUL","F","530","FA","@BHA Sat 2:00PM","5,300","0","0","46","151.6","44%","0","0","0","0","0","0","0","0","0","0","0","0","0","0","0","0","0","0","0","0","0","0","0","0","0","0","0","0","0","0","0","0","0","0","0","0","0","0","0"
"*06clz*","Malo Gusto","CHE","D","422","FA","CRY Sun 1:00PM","5,500","0","0","31","148.2","43%","0","0","0","0","0","0","0","0","0","0","0","0","0","0","0","0","0","0","0","0","0","0","0","0","0","0","0","0","0","0","0","0","0","0","0","0","0","0","0"
"*06rma*","Marshall Munetsi","WOL","M","529","FA","MCI Sat 4:30PM","5,200","0","0","36","153.2","43%","0","0","0","0","0","0","0","0","0","0","0","0","0","0","0","0","0","0","0","0","0","0","0","0","0","0","0","0","0","0","0","0","0","0","0","0","0","0","0"
"*044w8*","Marcus Edwards","BUR","F","383","FA","@TOT Sat 2:00PM","6,700","0","0","31","149.9","42%","0","0","0","0","0","0","0","0","0","0","0","0","0","0","0","0","0","0","0","0","0","0","0","0","0","0","0","0","0","0","0","0","0","0","0","0","0","0","0"
"*06v0g*","Trai Hume","SUN","D","446","FA","WHU Sat 2:00PM","7,000","0","0","40","147.1","42%","0","0","0","0","0","0","0","0","0","0","0","0","0","0","0","0","0","0","0","0","0","0","0","0","0","0","0","0","0","0","0","0","0","0","0","0","0","0","0"
"*06o2t*","Niclas Fullkrug","WHU","F","400","FA","@SUN Sat 2:00PM","4,600","0","0","39","156.4","39%","0","0","0","0","0","0","0","0","0","0","0","0","0","0","0","0","0","0","0","0","0","0","0","0","0","0","0","0","0","0","0","0","0","0","0","0","0","0","0"
"*06zbz*","Hugo Ekitike","LIV","F","385","FA","BOU Fri 7:00PM","7,900","0","0","32","43.5","38%","0","0","0","0","0","0","0","0","0","0","0","0","0","0","0","0","0","0","0","0","0","0","0","0","0","0","0","0","0","0","0","0","0","0","0","0","0","0","0"
"*06fwi*","Carlos Baleba","BHA","M","307","FA","FUL Sat 2:00PM","7,400","0","0","30","141.3","35%","0","0","0","0","0","0","0","0","0","0","0","0","0","0","0","0","0","0","0","0","0","0","0","0","0","0","0","0","0","0","0","0","0","0","0","0","0","0","0"
"*067x8*","Nico OReilly","MCI","M","551","FA","@WOL Sat 4:30PM","4,400","0","0","25","157.1","29%","0","0","0","0","0","0","0","0","0","0","0","0","0","0","0","0","0","0","0","0","0","0","0","0","0","0","0","0","0","0","0","0","0","0","0","0","0","0","0"
"*06ymu*","El Hadji Malick Diouf","WHU","M","370","FA","@SUN Sat 2:00PM","6,900","0","0","25","140.8","29%","0","0","0","0","0","0","0","0","0","0","0","0","0","0","0","0","0","0","0","0","0","0","0","0","0","0","0","0","0","0","0","0","0","0","0","0","0","0","0"
"*06nu7*","Riccardo Calafiori","ARS","D","338","FA","@MUN Sun 3:30PM","4,600","0","0","28","158.4","29%","0","0","0","0","0","0","0","0","0","0","0","0","0","0","0","0","0","0","0","0","0","0","0","0","0","0","0","0","0","0","0","0","0","0","0","0","0","0","0"
"*06ezb*","Micky van de Ven","TOT","D","682","FA","BUR Sat 2:00PM","4,900","0","0","24","129.6","28%","0","0","0","0","0","0","0","0","0","0","0","0","0","0","0","0","0","0","0","0","0","0","0","0","0","0","0","0","0","0","0","0","0","0","0","0","0","0","0"
"*04lnu*","Lukas Nmecha","LEE","F","544","FA","EVE Mon 7:00PM","4,300","0","0","26","158.3","27%","0","0","0","0","0","0","0","0","0","0","0","0","0","0","0","0","0","0","0","0","0","0","0","0","0","0","0","0","0","0","0","0","0","0","0","0","0","0","0"
"*06v12*","Fer Lopez","WOL","F","492","FA","MCI Sat 4:30PM","5,200","0","0","30","164.5","26%","0","0","0","0","0","0","0","0","0","0","0","0","0","0","0","0","0","0","0","0","0","0","0","0","0","0","0","0","0","0","0","0","0","0","0","0","0","0","0"
"*04ge7*","Donyell Malen","AVL","F","497","FA","NEW Sat 11:30AM","3,100","0","0","14","251.2","24%","0","0","0","0","0","0","0","0","0","0","0","0","0","0","0","0","0","0","0","0","0","0","0","0","0","0","0","0","0","0","0","0","0","0","0","0","0","0","0"
"*06r9h*","Romain Esse","CRY","M","388","FA","@CHE Sun 1:00PM","3,800","0","0","23","184.8","19%","0","0","0","0","0","0","0","0","0","0","0","0","0","0","0","0","0","0","0","0","0","0","0","0","0","0","0","0","0","0","0","0","0","0","0","0","0","0","0"
"*06phe*","Ferdi Kadioglu","BHA","D","463","FA","FUL Sat 2:00PM","4,500","0","0","21","226.9","19%","0","0","0","0","0","0","0","0","0","0","0","0","0","0","0","0","0","0","0","0","0","0","0","0","0","0","0","0","0","0","0","0","0","0","0","0","0","0","0"
"*05220*","Sepp van den Berg","BRF","D","683","FA","@NOT Sun 1:00PM","7,100","0","0","21","206.9","17%","0","0","0","0","0","0","0","0","0","0","0","0","0","0","0","0","0","0","0","0","0","0","0","0","0","0","0","0","0","0","0","0","0","0","0","0","0","0","0"
"*05ye7*","Oscar Bobb","MCI","M","324","FA","@WOL Sat 4:30PM","2,000","0","0","24","182.3","17%","0","0","0","0","0","0","0","0","0","0","0","0","0","0","0","0","0","0","0","0","0","0","0","0","0","0","0","0","0","0","0","0","0","0","0","0","0","0","0"
"*03hff*","Josh Cullen","BUR","M","359","FA","@TOT Sat 2:00PM","2,900","0","0","18","220.7","17%","0","0","0","0","0","0","0","0","0","0","0","0","0","0","0","0","0","0","0","0","0","0","0","0","0","0","0","0","0","0","0","0","0","0","0","0","0","0","0"
"*06exb*","Rasmus Hojlund","MUN","F","443","FA","ARS Sun 3:30PM","4,200","0","0","14","272.3","17%","0","0","0","0","0","0","0","0","0","0","0","0","0","0","0","0","0","0","0","0","0","0","0","0","0","0","0","0","0","0","0","0","0","0","0","0","0","0","0"
"*06nvg*","Jota Silva","NOT","F","392","FA","BRF Sun 1:00PM","4,600","0","0","20","222","16%","0","0","0","0","0","0","0","0","0","0","0","0","0","0","0","0","0","0","0","0","0","0","0","0","0","0","0","0","0","0","0","0","0","0","0","0","0","0","0"
"*05ts6*","Yerson Mosquera","WOL","D","525","FA","MCI Sat 4:30PM","4,500","0","0","9","309.9","16%","0","0","0","0","0","0","0","0","0","0","0","0","0","0","0","0","0","0","0","0","0","0","0","0","0","0","0","0","0","0","0","0","0","0","0","0","0","0","0"
"*062oh*","Jake OBrien","EVE","D","549","FA","@LEE Mon 7:00PM","6,500","0","0","18","235.9","16%","0","0","0","0","0","0","0","0","0","0","0","0","0","0","0","0","0","0","0","0","0","0","0","0","0","0","0","0","0","0","0","0","0","0","0","0","0","0","0"
"*06yxe*","Estevao Willian Almeida de Oliveira Goncalves","CHE","F","288","FA","CRY Sun 1:00PM","5,500","0","0","15","227","15%","0","0","0","0","0","0","0","0","0","0","0","0","0","0","0","0","0","0","0","0","0","0","0","0","0","0","0","0","0","0","0","0","0","0","0","0","0","0","0"
"*06xzd*","Charalampos Kostoulas","BHA","F","478","FA","FUL Sat 2:00PM","5,900","0","0","17","258.1","15%","0","0","0","0","0","0","0","0","0","0","0","0","0","0","0","0","0","0","0","0","0","0","0","0","0","0","0","0","0","0","0","0","0","0","0","0","0","0","0"
"*06mve*","Joshua Zirkzee","MUN","F","674","FA","ARS Sun 3:30PM","4,200","0","0","12","283.5","14%","0","0","0","0","0","0","0","0","0","0","0","0","0","0","0","0","0","0","0","0","0","0","0","0","0","0","0","0","0","0","0","0","0","0","0","0","0","0","0"
"*06p4k*","Matthijs de Ligt","MUN","D","677","FA","ARS Sun 3:30PM","6,000","0","0","14","280.4","14%","0","0","0","0","0","0","0","0","0","0","0","0","0","0","0","0","0","0","0","0","0","0","0","0","0","0","0","0","0","0","0","0","0","0","0","0","0","0","0"
"*06fhy*","Wilson Odobert","TOT","F","555","FA","BUR Sat 2:00PM","3,100","0","0","11","316.8","13%","0","0","0","0","0","0","0","0","0","0","0","0","0","0","0","0","0","0","0","0","0","0","0","0","0","0","0","0","0","0","0","0","0","0","0","0","0","0","0"
"*06zce*","Jhon Arias","WOL","M","297","FA","MCI Sat 4:30PM","4,900","0","0","13","251.1","13%","0","0","0","0","0","0","0","0","0","0","0","0","0","0","0","0","0","0","0","0","0","0","0","0","0","0","0","0","0","0","0","0","0","0","0","0","0","0","0"
"*06y9o*","Igor Jesus Maciel da Cruz","NOT","F","494","FA","BRF Sun 1:00PM","7,000","0","0","15","257.1","12%","0","0","0","0","0","0","0","0","0","0","0","0","0","0","0","0","0","0","0","0","0","0","0","0","0","0","0","0","0","0","0","0","0","0","0","0","0","0","0"
"*06mx0*","Leny Yoro","MUN","D","673","FA","ARS Sun 3:30PM","3,300","0","0","8","325.3","12%","0","0","0","0","0","0","0","0","0","0","0","0","0","0","0","0","0","0","0","0","0","0","0","0","0","0","0","0","0","0","0","0","0","0","0","0","0","0","0"
"*06jgr*","Maxime Esteve","BUR","D","389","FA","@TOT Sat 2:00PM","4,100","0","0","10","308.8","11%","0","0","0","0","0","0","0","0","0","0","0","0","0","0","0","0","0","0","0","0","0","0","0","0","0","0","0","0","0","0","0","0","0","0","0","0","0","0","0"
"*05uhs*","James Mcatee","MCI","M","511","FA","@WOL Sat 4:30PM","2,600","0","0","4","386.1","10%","0","0","0","0","0","0","0","0","0","0","0","0","0","0","0","0","0","0","0","0","0","0","0","0","0","0","0","0","0","0","0","0","0","0","0","0","0","0","0"
"*06v0t*","Wilson Isidor","SUN","F","452","FA","WHU Sat 2:00PM","2,900","0","0","11","305.2","9%","0","0","0","0","0","0","0","0","0","0","0","0","0","0","0","0","0","0","0","0","0","0","0","0","0","0","0","0","0","0","0","0","0","0","0","0","0","0","0"
"*06cm0*","Christopher Nkunku","CHE","F","543","FA","CRY Sun 1:00PM","3,900","0","0","11","322.8","9%","0","0","0","0","0","0","0","0","0","0","0","0","0","0","0","0","0","0","0","0","0","0","0","0","0","0","0","0","0","0","0","0","0","0","0","0","0","0","0"
"*06uzy*","Ao Tanaka","LEE","M","627","FA","EVE Mon 7:00PM","3,800","0","0","9","299.3","9%","0","0","0","0","0","0","0","0","0","0","0","0","0","0","0","0","0","0","0","0","0","0","0","0","0","0","0","0","0","0","0","0","0","0","0","0","0","0","0"
"*06yey*","Borna Sosa","CRY","D","619","FA","@CHE Sun 1:00PM","6,500","0","0","13","298.2","8%","0","0","0","0","0","0","0","0","0","0","0","0","0","0","0","0","0","0","0","0","0","0","0","0","0","0","0","0","0","0","0","0","0","0","0","0","0","0","0"
"*06mn7*","Lucas Bergvall","TOT","M","318","FA","BUR Sat 2:00PM","4,600","0","0","7","373.3","8%","0","0","0","0","0","0","0","0","0","0","0","0","0","0","0","0","0","0","0","0","0","0","0","0","0","0","0","0","0","0","0","0","0","0","0","0","0","0","0"
"*06r7k*","Emmanuel Agbadou","WOL","D","281","FA","MCI Sat 4:30PM","6,600","0","0","5","351.1","7%","0","0","0","0","0","0","0","0","0","0","0","0","0","0","0","0","0","0","0","0","0","0","0","0","0","0","0","0","0","0","0","0","0","0","0","0","0","0","0"
"*06y29*","Habib Diarra","SUN","M","369","FA","WHU Sat 2:00PM","4,500","0","0","8","343.9","7%","0","0","0","0","0","0","0","0","0","0","0","0","0","0","0","0","0","0","0","0","0","0","0","0","0","0","0","0","0","0","0","0","0","0","0","0","0","0","0"
"*03yqz*","Joe Rodon","LEE","D","588","FA","EVE Mon 7:00PM","6,100","0","0","4","416.1","6%","0","0","0","0","0","0","0","0","0","0","0","0","0","0","0","0","0","0","0","0","0","0","0","0","0","0","0","0","0","0","0","0","0","0","0","0","0","0","0"
"*06crm*","Pau Torres","AVL","D","636","FA","NEW Sat 11:30AM","5,200","0","0","6","375.5","6%","0","0","0","0","0","0","0","0","0","0","0","0","0","0","0","0","0","0","0","0","0","0","0","0","0","0","0","0","0","0","0","0","0","0","0","0","0","0","0"
"*06pib*","Manuel Ugarte","MUN","M","648","FA","ARS Sun 3:30PM","5,200","0","0","6","393.5","6%","0","0","0","0","0","0","0","0","0","0","0","0","0","0","0","0","0","0","0","0","0","0","0","0","0","0","0","0","0","0","0","0","0","0","0","0","0","0","0"
"*06v0l*","Chris Rigg","SUN","M","584","FA","WHU Sat 2:00PM","6,500","0","0","6","381.2","5%","0","0","0","0","0","0","0","0","0","0","0","0","0","0","0","0","0","0","0","0","0","0","0","0","0","0","0","0","0","0","0","0","0","0","0","0","0","0","0"
"*06mnm*","Marc Guiu","CHE","F","420","FA","CRY Sun 1:00PM","2,000","0","0","3","402.2","5%","0","0","0","0","0","0","0","0","0","0","0","0","0","0","0","0","0","0","0","0","0","0","0","0","0","0","0","0","0","0","0","0","0","0","0","0","0","0","0"
"*06pic*","Andre","WOL","M","641","FA","MCI Sat 4:30PM","5,700","0","0","7","359.8","5%","0","0","0","0","0","0","0","0","0","0","0","0","0","0","0","0","0","0","0","0","0","0","0","0","0","0","0","0","0","0","0","0","0","0","0","0","0","0","0"
"*0554g*","Calvin Bassey","FUL","D","313","FA","@BHA Sat 2:00PM","6,900","0","0","7","340","4%","0","0","0","0","0","0","0","0","0","0","0","0","0","0","0","0","0","0","0","0","0","0","0","0","0","0","0","0","0","0","0","0","0","0","0","0","0","0","0"
"*06y26*","Olivier Boscagli","BHA","D","328","FA","FUL Sat 2:00PM","6,100","0","0","4","438.4","4%","0","0","0","0","0","0","0","0","0","0","0","0","0","0","0","0","0","0","0","0","0","0","0","0","0","0","0","0","0","0","0","0","0","0","0","0","0","0","0"
"*06r2g*","Rio Ngumoha","LIV","F","541","FA","BOU Fri 7:00PM","3,600","0","0","3","376.4","4%","0","0","0","0","0","0","0","0","0","0","0","0","0","0","0","0","0","0","0","0","0","0","0","0","0","0","0","0","0","0","0","0","0","0","0","0","0","0","0"
"*06y4g*","Antoni Milambo","BRF","M","516","FA","@NOT Sun 1:00PM","3,500","0","0","4","405.2","3%","0","0","0","0","0","0","0","0","0","0","0","0","0","0","0","0","0","0","0","0","0","0","0","0","0","0","0","0","0","0","0","0","0","0","0","0","0","0","0"
"*06ybq*","Chemsdine Talbi","SUN","F","626","FA","WHU Sat 2:00PM","4,100","0","0","5","363","3%","0","0","0","0","0","0","0","0","0","0","0","0","0","0","0","0","0","0","0","0","0","0","0","0","0","0","0","0","0","0","0","0","0","0","0","0","0","0","0"
"*06uyd*","Diego Coppola","BHA","D","354","FA","FUL Sat 2:00PM","4,800","0","0","3","428","3%","0","0","0","0","0","0","0","0","0","0","0","0","0","0","0","0","0","0","0","0","0","0","0","0","0","0","0","0","0","0","0","0","0","0","0","0","0","0","0"
"*06uzo*","Zian Flemming","BUR","M","393","FA","@TOT Sat 2:00PM","3,400","0","0","3","501.3","3%","0","0","0","0","0","0","0","0","0","0","0","0","0","0","0","0","0","0","0","0","0","0","0","0","0","0","0","0","0","0","0","0","0","0","0","0","0","0","0"
"*05y7c*","Archie Gray","TOT","M","414","FA","BUR Sat 2:00PM","3,500","0","0","3","447","3%","0","0","0","0","0","0","0","0","0","0","0","0","0","0","0","0","0","0","0","0","0","0","0","0","0","0","0","0","0","0","0","0","0","0","0","0","0","0","0"
"*05t6y*","Hannibal Mejbri","BUR","M","514","FA","@TOT Sat 2:00PM","6,400","0","0","4","420.3","3%","0","0","0","0","0","0","0","0","0","0","0","0","0","0","0","0","0","0","0","0","0","0","0","0","0","0","0","0","0","0","0","0","0","0","0","0","0","0","0"
"*068a0*","Andrey Santos","CHE","M","537","FA","CRY Sun 1:00PM","4,800","0","0","5","378.1","3%","0","0","0","0","0","0","0","0","0","0","0","0","0","0","0","0","0","0","0","0","0","0","0","0","0","0","0","0","0","0","0","0","0","0","0","0","0","0","0"
"*05t6x*","William Osula","NEW","F","560","FA","@AVL Sat 11:30AM","2,100","0","0","4","365.2","3%","0","0","0","0","0","0","0","0","0","0","0","0","0","0","0","0","0","0","0","0","0","0","0","0","0","0","0","0","0","0","0","0","0","0","0","0","0","0","0"
"*06f8y*","Alex Scott","BOU","M","609","FA","@LIV Fri 7:00PM","3,900","0","0","2","491.1","3%","0","0","0","0","0","0","0","0","0","0","0","0","0","0","0","0","0","0","0","0","0","0","0","0","0","0","0","0","0","0","0","0","0","0","0","0","0","0","0"
"*06zbx*","Anton Stach","LEE","M","620","FA","EVE Mon 7:00PM","2,000","0","0","3","391.7","3%","0","0","0","0","0","0","0","0","0","0","0","0","0","0","0","0","0","0","0","0","0","0","0","0","0","0","0","0","0","0","0","0","0","0","0","0","0","0","0"
"*057cr*","Kevin Danso","TOT","D","360","FA","BUR Sat 2:00PM","5,000","0","0","2","506.1","3%","0","0","0","0","0","0","0","0","0","0","0","0","0","0","0","0","0","0","0","0","0","0","0","0","0","0","0","0","0","0","0","0","0","0","0","0","0","0","0"
"*06r9w*","Abdukodir Khusanov","MCI","D","469","FA","@WOL Sat 4:30PM","4,200","0","0","2","467.1","3%","0","0","0","0","0","0","0","0","0","0","0","0","0","0","0","0","0","0","0","0","0","0","0","0","0","0","0","0","0","0","0","0","0","0","0","0","0","0","0"
"*06xza*","Eli Kroupi","BOU","F","480","FA","@LIV Fri 7:00PM","5,400","0","0","4","406.6","3%","0","0","0","0","0","0","0","0","0","0","0","0","0","0","0","0","0","0","0","0","0","0","0","0","0","0","0","0","0","0","0","0","0","0","0","0","0","0","0"
"*04lav*","Ethan Ampadu","LEE","D","292","FA","EVE Mon 7:00PM","5,300","0","0","4","396.2","2%","0","0","0","0","0","0","0","0","0","0","0","0","0","0","0","0","0","0","0","0","0","0","0","0","0","0","0","0","0","0","0","0","0","0","0","0","0","0","0"
"*06v51*","Jaka Bijol","LEE","D","321","FA","EVE Mon 7:00PM","5,000","0","0","3","465.9","2%","0","0","0","0","0","0","0","0","0","0","0","0","0","0","0","0","0","0","0","0","0","0","0","0","0","0","0","0","0","0","0","0","0","0","0","0","0","0","0"
"*06phw*","Federico Chiesa","LIV","F","347","FA","BOU Fri 7:00PM","2,000","0","0","0","-","2%","0","0","0","0","0","0","0","0","0","0","0","0","0","0","0","0","0","0","0","0","0","0","0","0","0","0","0","0","0","0","0","0","0","0","0","0","0","0","0"
"*06v0j*","Dan Neil","SUN","M","540","FA","WHU Sat 2:00PM","5,100","0","0","5","434","2%","0","0","0","0","0","0","0","0","0","0","0","0","0","0","0","0","0","0","0","0","0","0","0","0","0","0","0","0","0","0","0","0","0","0","0","0","0","0","0"
"*06roj*","Chido Obi-Martin","MUN","F","554","FA","ARS Sun 3:30PM","2,000","0","0","0","-","2%","0","0","0","0","0","0","0","0","0","0","0","0","0","0","0","0","0","0","0","0","0","0","0","0","0","0","0","0","0","0","0","0","0","0","0","0","0","0","0"
"*03brm*","Patrick Roberts","SUN","M","586","FA","WHU Sat 2:00PM","2,000","0","0","1","1123.8","2%","0","0","0","0","0","0","0","0","0","0","0","0","0","0","0","0","0","0","0","0","0","0","0","0","0","0","0","0","0","0","0","0","0","0","0","0","0","0","0"
"*06xzc*","Stefanos Tzimas","BHA","F","646","FA","FUL Sat 2:00PM","5,000","0","0","2","527.7","2%","0","0","0","0","0","0","0","0","0","0","0","0","0","0","0","0","0","0","0","0","0","0","0","0","0","0","0","0","0","0","0","0","0","0","0","0","0","0","0"
"*06yb7*","Gabriel Gudmundsson","LEE","D","419","FA","EVE Mon 7:00PM","4,200","0","0","2","394.6","2%","0","0","0","0","0","0","0","0","0","0","0","0","0","0","0","0","0","0","0","0","0","0","0","0","0","0","0","0","0","0","0","0","0","0","0","0","0","0","0"
"*06yb9*","Reinildo Isnard Mandava","SUN","D","453","FA","WHU Sat 2:00PM","4,800","0","0","3","468.7","2%","0","0","0","0","0","0","0","0","0","0","0","0","0","0","0","0","0","0","0","0","0","0","0","0","0","0","0","0","0","0","0","0","0","0","0","0","0","0","0"
"*06f81*","Edson Alvarez","WHU","M","289","FA","@SUN Sat 2:00PM","4,700","0","0","0","-","2%","0","0","0","0","0","0","0","0","0","0","0","0","0","0","0","0","0","0","0","0","0","0","0","0","0","0","0","0","0","0","0","0","0","0","0","0","0","0","0"
"*05nns*","Danny Ballard","SUN","D","308","FA","WHU Sat 2:00PM","5,800","0","0","4","382.2","2%","0","0","0","0","0","0","0","0","0","0","0","0","0","0","0","0","0","0","0","0","0","0","0","0","0","0","0","0","0","0","0","0","0","0","0","0","0","0","0"
"*05g4d*","Dennis Cirkin","SUN","D","350","FA","WHU Sat 2:00PM","4,300","0","0","2","494.1","2%","0","0","0","0","0","0","0","0","0","0","0","0","0","0","0","0","0","0","0","0","0","0","0","0","0","0","0","0","0","0","0","0","0","0","0","0","0","0","0"
"*06c4o*","Lyle Foster","BUR","F","396","FA","@TOT Sat 2:00PM","4,900","0","0","4","458.9","2%","0","0","0","0","0","0","0","0","0","0","0","0","0","0","0","0","0","0","0","0","0","0","0","0","0","0","0","0","0","0","0","0","0","0","0","0","0","0","0"
"*06mn8*","Rodrigo Gomes","WOL","M","410","FA","MCI Sat 4:30PM","3,400","0","0","3","475.2","2%","0","0","0","0","0","0","0","0","0","0","0","0","0","0","0","0","0","0","0","0","0","0","0","0","0","0","0","0","0","0","0","0","0","0","0","0","0","0","0"
"*06rm7*","Nico Gonzalez","MCI","M","412","FA","@WOL Sat 4:30PM","4,800","0","0","0","-","2%","0","0","0","0","0","0","0","0","0","0","0","0","0","0","0","0","0","0","0","0","0","0","0","0","0","0","0","0","0","0","0","0","0","0","0","0","0","0","0"
"*06v6n*","Quilindschy Hartman","BUR","D","429","FA","@TOT Sat 2:00PM","6,500","0","0","2","446","2%","0","0","0","0","0","0","0","0","0","0","0","0","0","0","0","0","0","0","0","0","0","0","0","0","0","0","0","0","0","0","0","0","0","0","0","0","0","0","0"
"*05t6z*","Tim Iroegbunam","EVE","M","449","FA","@LEE Mon 7:00PM","3,300","0","0","0","-","2%","0","0","0","0","0","0","0","0","0","0","0","0","0","0","0","0","0","0","0","0","0","0","0","0","0","0","0","0","0","0","0","0","0","0","0","0","0","0","0"
"*06mnc*","Daichi Kamada","CRY","M","464","FA","@CHE Sun 1:00PM","3,900","0","0","1","1038.2","2%","0","0","0","0","0","0","0","0","0","0","0","0","0","0","0","0","0","0","0","0","0","0","0","0","0","0","0","0","0","0","0","0","0","0","0","0","0","0","0"
"*04azm*","Connor Roberts","BUR","D","585","FA","@TOT Sat 2:00PM","5,000","0","0","2","531.1","2%","0","0","0","0","0","0","0","0","0","0","0","0","0","0","0","0","0","0","0","0","0","0","0","0","0","0","0","0","0","0","0","0","0","0","0","0","0","0","0"
"*06onx*","Jean-Clair Todibo","WHU","D","634","FA","@SUN Sat 2:00PM","5,200","0","0","2","518.1","2%","0","0","0","0","0","0","0","0","0","0","0","0","0","0","0","0","0","0","0","0","0","0","0","0","0","0","0","0","0","0","0","0","0","0","0","0","0","0","0"
"*03xrs*","Axel Tuanzebe","BUR","D","643","FA","@TOT Sat 2:00PM","3,800","0","0","2","504.7","2%","0","0","0","0","0","0","0","0","0","0","0","0","0","0","0","0","0","0","0","0","0","0","0","0","0","0","0","0","0","0","0","0","0","0","0","0","0","0","0"
"*05gcs*","Sander Berge","FUL","M","317","FA","@BHA Sat 2:00PM","5,100","0","0","2","537.1","2%","0","0","0","0","0","0","0","0","0","0","0","0","0","0","0","0","0","0","0","0","0","0","0","0","0","0","0","0","0","0","0","0","0","0","0","0","0","0","0"
"*06mrz*","Pedro Lima","WOL","D","340","FA","MCI Sat 4:30PM","2,000","0","0","1","1043.2","2%","0","0","0","0","0","0","0","0","0","0","0","0","0","0","0","0","0","0","0","0","0","0","0","0","0","0","0","0","0","0","0","0","0","0","0","0","0","0","0"
"*06kyw*","Claudio Echeverri","MCI","M","382","FA","@WOL Sat 4:30PM","2,000","0","0","1","1143.2","2%","0","0","0","0","0","0","0","0","0","0","0","0","0","0","0","0","0","0","0","0","0","0","0","0","0","0","0","0","0","0","0","0","0","0","0","0","0","0","0"
"*06exa*","Matheus Franca","CRY","F","397","FA","@CHE Sun 1:00PM","2,600","0","0","0","-","2%","0","0","0","0","0","0","0","0","0","0","0","0","0","0","0","0","0","0","0","0","0","0","0","0","0","0","0","0","0","0","0","0","0","0","0","0","0","0","0"
"*06r9v*","Andres Garcia","AVL","D","401","FA","NEW Sat 11:30AM","2,200","0","0","0","-","2%","0","0","0","0","0","0","0","0","0","0","0","0","0","0","0","0","0","0","0","0","0","0","0","0","0","0","0","0","0","0","0","0","0","0","0","0","0","0","0"
"*06l4i*","Tyrique George","CHE","F","403","FA","CRY Sun 1:00PM","2,500","0","0","0","-","2%","0","0","0","0","0","0","0","0","0","0","0","0","0","0","0","0","0","0","0","0","0","0","0","0","0","0","0","0","0","0","0","0","0","0","0","0","0","0","0"
"*06mgp*","Luis Guilherme","WHU","M","491","FA","@SUN Sat 2:00PM","2,000","0","0","0","-","2%","0","0","0","0","0","0","0","0","0","0","0","0","0","0","0","0","0","0","0","0","0","0","0","0","0","0","0","0","0","0","0","0","0","0","0","0","0","0","0"
"*04ml6*","Konstantinos Mavropanos","WHU","D","506","FA","@SUN Sat 2:00PM","5,400","0","0","0","-","2%","0","0","0","0","0","0","0","0","0","0","0","0","0","0","0","0","0","0","0","0","0","0","0","0","0","0","0","0","0","0","0","0","0","0","0","0","0","0","0"
"*06v0m*","Luke ONien","SUN","M","550","FA","WHU Sat 2:00PM","2,000","0","0","0","-","2%","0","0","0","0","0","0","0","0","0","0","0","0","0","0","0","0","0","0","0","0","0","0","0","0","0","0","0","0","0","0","0","0","0","0","0","0","0","0","0"
"*06uzn*","Lucas Pires","BUR","D","570","FA","@TOT Sat 2:00PM","2,000","0","0","0","-","2%","0","0","0","0","0","0","0","0","0","0","0","0","0","0","0","0","0","0","0","0","0","0","0","0","0","0","0","0","0","0","0","0","0","0","0","0","0","0","0"
"*06y59*","Noah Sadiki","SUN","M","599","FA","WHU Sat 2:00PM","5,800","0","0","2","458.6","2%","0","0","0","0","0","0","0","0","0","0","0","0","0","0","0","0","0","0","0","0","0","0","0","0","0","0","0","0","0","0","0","0","0","0","0","0","0","0","0"
"*06635*","Oliver Scarles","WHU","D","606","FA","@SUN Sat 2:00PM","3,800","0","0","1","1069.2","2%","0","0","0","0","0","0","0","0","0","0","0","0","0","0","0","0","0","0","0","0","0","0","0","0","0","0","0","0","0","0","0","0","0","0","0","0","0","0","0"
"*06eo0*","Lesley Ugochukwu","CHE","M","649","FA","CRY Sun 1:00PM","4,400","0","0","1","1039.4","2%","0","0","0","0","0","0","0","0","0","0","0","0","0","0","0","0","0","0","0","0","0","0","0","0","0","0","0","0","0","0","0","0","0","0","0","0","0","0","0"
"*066r9*","Ehor Yarmolyuk","BRF","M","672","FA","@NOT Sun 1:00PM","4,300","0","0","0","-","2%","0","0","0","0","0","0","0","0","0","0","0","0","0","0","0","0","0","0","0","0","0","0","0","0","0","0","0","0","0","0","0","0","0","0","0","0","0","0","0"
"*05ogg*","Ajibola Alese","SUN","D","287","FA","WHU Sat 2:00PM","3,500","0","0","1","1122.2","1%","0","0","0","0","0","0","0","0","0","0","0","0","0","0","0","0","0","0","0","0","0","0","0","0","0","0","0","0","0","0","0","0","0","0","0","0","0","0","0"
"*06fwx*","Santiago Bueno","WOL","D","334","FA","MCI Sat 4:30PM","4,900","0","0","0","-","1%","0","0","0","0","0","0","0","0","0","0","0","0","0","0","0","0","0","0","0","0","0","0","0","0","0","0","0","0","0","0","0","0","0","0","0","0","0","0","0"
"*06kx1*","Justin Devenny","CRY","M","366","FA","@CHE Sun 1:00PM","2,800","0","0","0","-","1%","0","0","0","0","0","0","0","0","0","0","0","0","0","0","0","0","0","0","0","0","0","0","0","0","0","0","0","0","0","0","0","0","0","0","0","0","0","0","0"
"*06ew2*","Axel Disasi","CHE","D","371","FA","CRY Sun 1:00PM","4,400","0","0","0","-","1%","0","0","0","0","0","0","0","0","0","0","0","0","0","0","0","0","0","0","0","0","0","0","0","0","0","0","0","0","0","0","0","0","0","0","0","0","0","0","0"
"*06fy7*","Nicolas Dominguez","NOT","M","375","FA","BRF Sun 1:00PM","5,400","0","0","0","-","1%","0","0","0","0","0","0","0","0","0","0","0","0","0","0","0","0","0","0","0","0","0","0","0","0","0","0","0","0","0","0","0","0","0","0","0","0","0","0","0"
"*06dmn*","George Earthy","WHU","M","381","FA","@SUN Sat 2:00PM","2,000","0","0","0","-","1%","0","0","0","0","0","0","0","0","0","0","0","0","0","0","0","0","0","0","0","0","0","0","0","0","0","0","0","0","0","0","0","0","0","0","0","0","0","0","0"
"*06fso*","Wataru Endo","LIV","M","387","FA","BOU Fri 7:00PM","2,500","0","0","0","-","1%","0","0","0","0","0","0","0","0","0","0","0","0","0","0","0","0","0","0","0","0","0","0","0","0","0","0","0","0","0","0","0","0","0","0","0","0","0","0","0"
"*06r5b*","Diego Gomez","BHA","M","425","FA","FUL Sat 2:00PM","3,500","0","0","0","-","1%","0","0","0","0","0","0","0","0","0","0","0","0","0","0","0","0","0","0","0","0","0","0","0","0","0","0","0","0","0","0","0","0","0","0","0","0","0","0","0"
"*06dpv*","Omari Kellyman","CHE","M","467","FA","CRY Sun 1:00PM","2,000","0","0","0","-","1%","0","0","0","0","0","0","0","0","0","0","0","0","0","0","0","0","0","0","0","0","0","0","0","0","0","0","0","0","0","0","0","0","0","0","0","0","0","0","0"
"*06jh3*","Joshua King","FUL","M","471","FA","@BHA Sat 2:00PM","2,300","0","0","0","-","1%","0","0","0","0","0","0","0","0","0","0","0","0","0","0","0","0","0","0","0","0","0","0","0","0","0","0","0","0","0","0","0","0","0","0","0","0","0","0","0"
"*06dqv*","Luca Koleosho","BUR","M","475","FA","@TOT Sat 2:00PM","2,000","0","0","0","-","1%","0","0","0","0","0","0","0","0","0","0","0","0","0","0","0","0","0","0","0","0","0","0","0","0","0","0","0","0","0","0","0","0","0","0","0","0","0","0","0"
"*06lox*","Mikey Moore","TOT","F","520","FA","BUR Sat 2:00PM","2,900","0","0","0","-","1%","0","0","0","0","0","0","0","0","0","0","0","0","0","0","0","0","0","0","0","0","0","0","0","0","0","0","0","0","0","0","0","0","0","0","0","0","0","0","0"
"*05udw*","Romaine Mundle","SUN","F","528","FA","WHU Sat 2:00PM","5,700","0","0","4","432.7","1%","0","0","0","0","0","0","0","0","0","0","0","0","0","0","0","0","0","0","0","0","0","0","0","0","0","0","0","0","0","0","0","0","0","0","0","0","0","0","0"
"*05rjn*","Jesurun Rak-Sakyi","CRY","M","575","FA","@CHE Sun 1:00PM","2,000","0","0","0","-","1%","0","0","0","0","0","0","0","0","0","0","0","0","0","0","0","0","0","0","0","0","0","0","0","0","0","0","0","0","0","0","0","0","0","0","0","0","0","0","0"
"*06few*","Youssef Chermiti","EVE","F","576","FA","@LEE Mon 7:00PM","2,000","0","0","0","-","1%","0","0","0","0","0","0","0","0","0","0","0","0","0","0","0","0","0","0","0","0","0","0","0","0","0","0","0","0","0","0","0","0","0","0","0","0","0","0","0"
"*05afj*","Largie Ramazani","LEE","F","577","FA","EVE Mon 7:00PM","6,900","0","0","3","428","1%","0","0","0","0","0","0","0","0","0","0","0","0","0","0","0","0","0","0","0","0","0","0","0","0","0","0","0","0","0","0","0","0","0","0","0","0","0","0","0"
"*06oav*","Guido Rodriguez","WHU","M","590","FA","@SUN Sat 2:00PM","3,700","0","0","0","-","1%","0","0","0","0","0","0","0","0","0","0","0","0","0","0","0","0","0","0","0","0","0","0","0","0","0","0","0","0","0","0","0","0","0","0","0","0","0","0","0"
"*06fxu*","Ibrahim Sangare","NOT","M","602","FA","BRF Sun 1:00PM","3,700","0","0","1","1180.8","1%","0","0","0","0","0","0","0","0","0","0","0","0","0","0","0","0","0","0","0","0","0","0","0","0","0","0","0","0","0","0","0","0","0","0","0","0","0","0","0"
"*06uzu*","Mamadou Sarr","CHE","D","605","FA","CRY Sun 1:00PM","2,000","0","0","0","-","1%","0","0","0","0","0","0","0","0","0","0","0","0","0","0","0","0","0","0","0","0","0","0","0","0","0","0","0","0","0","0","0","0","0","0","0","0","0","0","0"
"*05o8k*","Fabio Silva","WOL","F","616","FA","MCI Sat 4:30PM","2,000","0","0","0","-","1%","0","0","0","0","0","0","0","0","0","0","0","0","0","0","0","0","0","0","0","0","0","0","0","0","0","0","0","0","0","0","0","0","0","0","0","0","0","0","0"
"*06v0y*","Luka Vuskovic","TOT","D","656","FA","BUR Sat 2:00PM","2,000","0","0","0","-","1%","0","0","0","0","0","0","0","0","0","0","0","0","0","0","0","0","0","0","0","0","0","0","0","0","0","0","0","0","0","0","0","0","0","0","0","0","0","0","0"
"*06uns*","Tom Watson","BHA","F","657","FA","FUL Sat 2:00PM","2,000","0","0","0","-","1%","0","0","0","0","0","0","0","0","0","0","0","0","0","0","0","0","0","0","0","0","0","0","0","0","0","0","0","0","0","0","0","0","0","0","0","0","0","0","0"
"*06l4c*","Ethan Wheatley","MUN","F","660","FA","ARS Sun 3:30PM","2,000","0","0","0","-","1%","0","0","0","0","0","0","0","0","0","0","0","0","0","0","0","0","0","0","0","0","0","0","0","0","0","0","0","0","0","0","0","0","0","0","0","0","0","0","0"
"*06r5d*","Min-Hyeok Yang","TOT","F","671","FA","BUR Sat 2:00PM","2,000","0","0","0","-","1%","0","0","0","0","0","0","0","0","0","0","0","0","0","0","0","0","0","0","0","0","0","0","0","0","0","0","0","0","0","0","0","0","0","0","0","0","0","0","0"
"*06r9x*","Vitor Reis","MCI","D","679","FA","@WOL Sat 4:30PM","2,000","0","0","0","-","1%","0","0","0","0","0","0","0","0","0","0","0","0","0","0","0","0","0","0","0","0","0","0","0","0","0","0","0","0","0","0","0","0","0","0","0","0","0","0","0"
"*06eka*","Igor Julio","BHA","D","681","FA","FUL Sat 2:00PM","3,800","0","0","0","-","1%","0","0","0","0","0","0","0","0","0","0","0","0","0","0","0","0","0","0","0","0","0","0","0","0","0","0","0","0","0","0","0","0","0","0","0","0","0","0","0"
"*06y28*","Sebastiaan Bornauw","LEE","D","327","FA","EVE Mon 7:00PM","2,000","0","0","0","-","1%","0","0","0","0","0","0","0","0","0","0","0","0","0","0","0","0","0","0","0","0","0","0","0","0","0","0","0","0","0","0","0","0","0","0","0","0","0","0","0"
"*06zbp*","Max Dowman","ARS","M","379","FA","@MUN Sun 3:30PM","2,000","0","0","2","1094.6","1%","0","0","0","0","0","0","0","0","0","0","0","0","0","0","0","0","0","0","0","0","0","0","0","0","0","0","0","0","0","0","0","0","0","0","0","0","0","0","0"
"*06yb8*","Diego Leon","MUN","D","490","FA","ARS Sun 3:30PM","2,000","0","0","1","1135","1%","0","0","0","0","0","0","0","0","0","0","0","0","0","0","0","0","0","0","0","0","0","0","0","0","0","0","0","0","0","0","0","0","0","0","0","0","0","0","0"
"*06zbm*","Cristhian Mosquera","ARS","D","524","FA","@MUN Sun 3:30PM","2,000","0","0","0","-","1%","0","0","0","0","0","0","0","0","0","0","0","0","0","0","0","0","0","0","0","0","0","0","0","0","0","0","0","0","0","0","0","0","0","0","0","0","0","0","0"
"*06cly*","Enock Agyei","BUR","F","283","FA","@TOT Sat 2:00PM","2,000","0","0","0","-","1%","0","0","0","0","0","0","0","0","0","0","0","0","0","0","0","0","0","0","0","0","0","0","0","0","0","0","0","0","0","0","0","0","0","0","0","0","0","0","0"
"*06l2r*","Harry Amass","MUN","D","290","FA","ARS Sun 3:30PM","2,800","0","0","0","-","1%","0","0","0","0","0","0","0","0","0","0","0","0","0","0","0","0","0","0","0","0","0","0","0","0","0","0","0","0","0","0","0","0","0","0","0","0","0","0","0"
"*06r5m*","Aaron Anselmino","CHE","D","294","FA","CRY Sun 1:00PM","2,000","0","0","0","-","1%","0","0","0","0","0","0","0","0","0","0","0","0","0","0","0","0","0","0","0","0","0","0","0","0","0","0","0","0","0","0","0","0","0","0","0","0","0","0","0"
"*06p4l*","Julian Araujo","BOU","D","295","FA","@LIV Fri 7:00PM","2,200","0","0","0","-","1%","0","0","0","0","0","0","0","0","0","0","0","0","0","0","0","0","0","0","0","0","0","0","0","0","0","0","0","0","0","0","0","0","0","0","0","0","0","0","0"
"*06onv*","Harrison Armstrong","EVE","M","298","FA","@LEE Mon 7:00PM","2,000","0","0","0","-","1%","0","0","0","0","0","0","0","0","0","0","0","0","0","0","0","0","0","0","0","0","0","0","0","0","0","0","0","0","0","0","0","0","0","0","0","0","0","0","0"
"*02lpf*","Ross Barkley","AVL","M","310","FA","NEW Sat 11:30AM","3,900","0","0","0","-","1%","0","0","0","0","0","0","0","0","0","0","0","0","0","0","0","0","0","0","0","0","0","0","0","0","0","0","0","0","0","0","0","0","0","0","0","0","0","0","0"
"*05r4h*","Lamare Bogarde","AVL","D","325","FA","NEW Sat 11:30AM","2,800","0","0","0","-","1%","0","0","0","0","0","0","0","0","0","0","0","0","0","0","0","0","0","0","0","0","0","0","0","0","0","0","0","0","0","0","0","0","0","0","0","0","0","0","0"
"*06uzv*","Dario Essugo","CHE","M","343","FA","CRY Sun 1:00PM","2,000","0","0","0","-","1%","0","0","0","0","0","0","0","0","0","0","0","0","0","0","0","0","0","0","0","0","0","0","0","0","0","0","0","0","0","0","0","0","0","0","0","0","0","0","0"
"*06crn*","Toby Collyer","MUN","M","352","FA","ARS Sun 3:30PM","3,200","0","0","0","-","1%","0","0","0","0","0","0","0","0","0","0","0","0","0","0","0","0","0","0","0","0","0","0","0","0","0","0","0","0","0","0","0","0","0","0","0","0","0","0","0"
"*06ime*","Radu Dragusin","TOT","D","380","FA","BUR Sat 2:00PM","4,200","0","0","0","-","1%","0","0","0","0","0","0","0","0","0","0","0","0","0","0","0","0","0","0","0","0","0","0","0","0","0","0","0","0","0","0","0","0","0","0","0","0","0","0","0"
"*064op*","Tyler Fredricson","MUN","D","398","FA","ARS Sun 3:30PM","3,700","0","0","0","-","1%","0","0","0","0","0","0","0","0","0","0","0","0","0","0","0","0","0","0","0","0","0","0","0","0","0","0","0","0","0","0","0","0","0","0","0","0","0","0","0"
"*06v03*","Harry Gray","LEE","F","415","FA","EVE Mon 7:00PM","2,000","0","0","0","-","1%","0","0","0","0","0","0","0","0","0","0","0","0","0","0","0","0","0","0","0","0","0","0","0","0","0","0","0","0","0","0","0","0","0","0","0","0","0","0","0"
"*06kqy*","Ayden Heaven","MUN","D","433","FA","ARS Sun 3:30PM","3,700","0","0","0","-","1%","0","0","0","0","0","0","0","0","0","0","0","0","0","0","0","0","0","0","0","0","0","0","0","0","0","0","0","0","0","0","0","0","0","0","0","0","0","0","0"
"*061vb*","James Hill","BOU","D","438","FA","@LIV Fri 7:00PM","3,800","0","0","0","-","1%","0","0","0","0","0","0","0","0","0","0","0","0","0","0","0","0","0","0","0","0","0","0","0","0","0","0","0","0","0","0","0","0","0","0","0","0","0","0","0"
"*04yjx*","Ki-Jana Hoever","WOL","D","442","FA","MCI Sat 4:30PM","2,000","0","0","0","-","1%","0","0","0","0","0","0","0","0","0","0","0","0","0","0","0","0","0","0","0","0","0","0","0","0","0","0","0","0","0","0","0","0","0","0","0","0","0","0","0"
"*06mnb*","Samuel Iling-Junior","AVL","F","448","FA","NEW Sat 11:30AM","2,000","0","0","0","-","1%","0","0","0","0","0","0","0","0","0","0","0","0","0","0","0","0","0","0","0","0","0","0","0","0","0","0","0","0","0","0","0","0","0","0","0","0","0","0","0"
"*062cl*","Issa Kabore","MCI","D","462","FA","@WOL Sat 4:30PM","2,000","0","0","0","-","1%","0","0","0","0","0","0","0","0","0","0","0","0","0","0","0","0","0","0","0","0","0","0","0","0","0","0","0","0","0","0","0","0","0","0","0","0","0","0","0"
"*066t2*","Will Lankshear","TOT","F","484","FA","BUR Sat 2:00PM","2,000","0","0","0","-","1%","0","0","0","0","0","0","0","0","0","0","0","0","0","0","0","0","0","0","0","0","0","0","0","0","0","0","0","0","0","0","0","0","0","0","0","0","0","0","0"
"*06do1*","Zach Marsh","CRY","F","502","FA","@CHE Sun 1:00PM","2,000","0","0","0","-","1%","0","0","0","0","0","0","0","0","0","0","0","0","0","0","0","0","0","0","0","0","0","0","0","0","0","0","0","0","0","0","0","0","0","0","0","0","0","0","0"
"*05uhk*","Tyler Morton","LIV","M","523","FA","BOU Fri 7:00PM","2,000","0","0","0","-","1%","0","0","0","0","0","0","0","0","0","0","0","0","0","0","0","0","0","0","0","0","0","0","0","0","0","0","0","0","0","0","0","0","0","0","0","0","0","0","0"
"*06ewy*","Alex Murphy","NEW","D","534","FA","@AVL Sat 11:30AM","2,000","0","0","0","-","1%","0","0","0","0","0","0","0","0","0","0","0","0","0","0","0","0","0","0","0","0","0","0","0","0","0","0","0","0","0","0","0","0","0","0","0","0","0","0","0"
"*06rrr*","Hindolo Mustapha","CRY","M","535","FA","@CHE Sun 1:00PM","2,000","0","0","0","-","1%","0","0","0","0","0","0","0","0","0","0","0","0","0","0","0","0","0","0","0","0","0","0","0","0","0","0","0","0","0","0","0","0","0","0","0","0","0","0","0"
"*06phr*","Gustavo Nunes","BRF","F","546","FA","@NOT Sun 1:00PM","2,000","0","0","0","-","1%","0","0","0","0","0","0","0","0","0","0","0","0","0","0","0","0","0","0","0","0","0","0","0","0","0","0","0","0","0","0","0","0","0","0","0","0","0","0","0"
"*06hze*","Treymaurice Nyoni","LIV","M","547","FA","BOU Fri 7:00PM","2,000","0","0","0","-","1%","0","0","0","0","0","0","0","0","0","0","0","0","0","0","0","0","0","0","0","0","0","0","0","0","0","0","0","0","0","0","0","0","0","0","0","0","0","0","0"
"*066iz*","Lewis Orford","WHU","M","559","FA","@SUN Sat 2:00PM","2,100","0","0","0","-","1%","0","0","0","0","0","0","0","0","0","0","0","0","0","0","0","0","0","0","0","0","0","0","0","0","0","0","0","0","0","0","0","0","0","0","0","0","0","0","0"
"*05vyc*","Aaron Ramsey","BUR","M","579","FA","@TOT Sat 2:00PM","2,000","0","0","0","-","1%","0","0","0","0","0","0","0","0","0","0","0","0","0","0","0","0","0","0","0","0","0","0","0","0","0","0","0","0","0","0","0","0","0","0","0","0","0","0","0"
"*06pig*","Morato","NOT","D","589","FA","BRF Sun 1:00PM","3,800","0","0","0","-","1%","0","0","0","0","0","0","0","0","0","0","0","0","0","0","0","0","0","0","0","0","0","0","0","0","0","0","0","0","0","0","0","0","0","0","0","0","0","0","0"
"*06uzx*","Isaac Schmidt","LEE","D","608","FA","EVE Mon 7:00PM","2,000","0","0","0","-","1%","0","0","0","0","0","0","0","0","0","0","0","0","0","0","0","0","0","0","0","0","0","0","0","0","0","0","0","0","0","0","0","0","0","0","0","0","0","0","0"
"*06r7f*","Julio Soler","BOU","D","617","FA","@LIV Fri 7:00PM","2,000","0","0","0","-","1%","0","0","0","0","0","0","0","0","0","0","0","0","0","0","0","0","0","0","0","0","0","0","0","0","0","0","0","0","0","0","0","0","0","0","0","0","0","0","0"
"*03sbh*","Enes Unal","BOU","F","651","FA","@LIV Fri 7:00PM","3,100","0","0","0","-","1%","0","0","0","0","0","0","0","0","0","0","0","0","0","0","0","0","0","0","0","0","0","0","0","0","0","0","0","0","0","0","0","0","0","0","0","0","0","0","0"
"*06msb*","Malick Yalcouye","BHA","M","670","FA","FUL Sat 2:00PM","2,000","0","0","0","-","1%","0","0","0","0","0","0","0","0","0","0","0","0","0","0","0","0","0","0","0","0","0","0","0","0","0","0","0","0","0","0","0","0","0","0","0","0","0","0","0"
"*06v0u*","Ahmed Abdullahi","SUN","F","276","FA","WHU Sat 2:00PM","2,000","0","0","0","-","0%","0","0","0","0","0","0","0","0","0","0","0","0","0","0","0","0","0","0","0","0","0","0","0","0","0","0","0","0","0","0","0","0","0","0","0","0","0","0","0"
"*06kwp*","Josh Acheampong","CHE","D","277","FA","CRY Sun 1:00PM","2,000","0","0","0","-","0%","0","0","0","0","0","0","0","0","0","0","0","0","0","0","0","0","0","0","0","0","0","0","0","0","0","0","0","0","0","0","0","0","0","0","0","0","0","0","0"
"*067y2*","Daniel Adu-Addei","BOU","F","280","FA","@LIV Fri 7:00PM","2,000","0","0","0","-","0%","0","0","0","0","0","0","0","0","0","0","0","0","0","0","0","0","0","0","0","0","0","0","0","0","0","0","0","0","0","0","0","0","0","0","0","0","0","0","0"
"*06nvc*","Asher Agbinone","CRY","M","282","FA","@CHE Sun 1:00PM","2,000","0","0","0","-","0%","0","0","0","0","0","0","0","0","0","0","0","0","0","0","0","0","0","0","0","0","0","0","0","0","0","0","0","0","0","0","0","0","0","0","0","0","0","0","0"
"*06v0v*","Milan Aleksic","SUN","F","286","FA","WHU Sat 2:00PM","2,000","0","0","0","-","0%","0","0","0","0","0","0","0","0","0","0","0","0","0","0","0","0","0","0","0","0","0","0","0","0","0","0","0","0","0","0","0","0","0","0","0","0","0","0","0"
"*06kwh*","Benjamin Arthur","BRF","D","299","FA","@NOT Sun 1:00PM","2,000","0","0","0","-","0%","0","0","0","0","0","0","0","0","0","0","0","0","0","0","0","0","0","0","0","0","0","0","0","0","0","0","0","0","0","0","0","0","0","0","0","0","0","0","0"
"*06zef*","Adam Aznou","EVE","D","304","FA","@LEE Mon 7:00PM","2,000","0","0","0","-","0%","0","0","0","0","0","0","0","0","0","0","0","0","0","0","0","0","0","0","0","0","0","0","0","0","0","0","0","0","0","0","0","0","0","0","0","0","0","0","0"
"*06clx*","Jordan Beyer","BUR","D","320","FA","@TOT Sat 2:00PM","2,000","0","0","0","-","0%","0","0","0","0","0","0","0","0","0","0","0","0","0","0","0","0","0","0","0","0","0","0","0","0","0","0","0","0","0","0","0","0","0","0","0","0","0","0","0"
"*06cm7*","Josh Bowler","NOT","M","329","FA","BRF Sun 1:00PM","2,000","0","0","0","1104","0%","0","0","0","0","0","0","0","0","0","0","0","0","0","0","0","0","0","0","0","0","0","0","0","0","0","0","0","0","0","0","0","0","0","0","0","0","0","0","0"
"*06v0k*","Alan Browne","SUN","M","332","FA","WHU Sat 2:00PM","2,000","0","0","0","-","0%","0","0","0","0","0","0","0","0","0","0","0","0","0","0","0","0","0","0","0","0","0","0","0","0","0","0","0","0","0","0","0","0","0","0","0","0","0","0","0"
"*03ysd*","Sam Byram","LEE","D","336","FA","EVE Mon 7:00PM","2,000","0","0","0","-","0%","0","0","0","0","0","0","0","0","0","0","0","0","0","0","0","0","0","0","0","0","0","0","0","0","0","0","0","0","0","0","0","0","0","0","0","0","0","0","0"
"*06v00*","Sam Chambers","LEE","M","345","FA","EVE Mon 7:00PM","2,000","0","0","0","-","0%","0","0","0","0","0","0","0","0","0","0","0","0","0","0","0","0","0","0","0","0","0","0","0","0","0","0","0","0","0","0","0","0","0","0","0","0","0","0","0"
"*06xzh*","Antonito Cordero","NEW","F","355","FA","@AVL Sat 11:30AM","2,000","0","0","0","-","0%","0","0","0","0","0","0","0","0","0","0","0","0","0","0","0","0","0","0","0","0","0","0","0","0","0","0","0","0","0","0","0","0","0","0","0","0","0","0","0"
"*06xzf*","Charlie Crew","LEE","M","357","FA","EVE Mon 7:00PM","2,000","0","0","0","-","0%","0","0","0","0","0","0","0","0","0","0","0","0","0","0","0","0","0","0","0","0","0","0","0","0","0","0","0","0","0","0","0","0","0","0","0","0","0","0","0"
"*06nyw*","Jorge Cuenca","FUL","D","358","FA","@BHA Sat 2:00PM","2,700","0","0","0","-","0%","0","0","0","0","0","0","0","0","0","0","0","0","0","0","0","0","0","0","0","0","0","0","0","0","0","0","0","0","0","0","0","0","0","0","0","0","0","0","0"
"*05nio*","Alfie Devine","TOT","M","367","FA","BUR Sat 2:00PM","2,000","0","0","0","-","0%","0","0","0","0","0","0","0","0","0","0","0","0","0","0","0","0","0","0","0","0","0","0","0","0","0","0","0","0","0","0","0","0","0","0","0","0","0","0","0"
"*05uog*","Lewis Dobbin","AVL","F","372","FA","NEW Sat 11:30AM","2,000","0","0","0","-","0%","0","0","0","0","0","0","0","0","0","0","0","0","0","0","0","0","0","0","0","0","0","0","0","0","0","0","0","0","0","0","0","0","0","0","0","0","0","0","0"
"*066t3*","Jamie Donley","TOT","F","376","FA","BUR Sat 2:00PM","2,000","0","0","0","-","0%","0","0","0","0","0","0","0","0","0","0","0","0","0","0","0","0","0","0","0","0","0","0","0","0","0","0","0","0","0","0","0","0","0","0","0","0","0","0","0"
"*06xzb*","Romelle Donovan","BRF","M","377","FA","@NOT Sun 1:00PM","2,000","0","0","0","-","0%","0","0","0","0","0","0","0","0","0","0","0","0","0","0","0","0","0","0","0","0","0","0","0","0","0","0","0","0","0","0","0","0","0","0","0","0","0","0","0"
"*06jgk*","Romain Faivre","BOU","M","390","FA","@LIV Fri 7:00PM","2,000","0","0","0","-","0%","0","0","0","0","0","0","0","0","0","0","0","0","0","0","0","0","0","0","0","0","0","0","0","0","0","0","0","0","0","0","0","0","0","0","0","0","0","0","0"
"*06mul*","Jack Fletcher","MUN","M","394","FA","ARS Sun 3:30PM","2,000","0","0","0","-","0%","0","0","0","0","0","0","0","0","0","0","0","0","0","0","0","0","0","0","0","0","0","0","0","0","0","0","0","0","0","0","0","0","0","0","0","0","0","0","0"
"*066si*","Alfie Gilchrist","CHE","D","404","FA","CRY Sun 1:00PM","2,000","0","0","0","-","0%","0","0","0","0","0","0","0","0","0","0","0","0","0","0","0","0","0","0","0","0","0","0","0","0","0","0","0","0","0","0","0","0","0","0","0","0","0","0","0"
"*06v01*","Ilia Gruev","LEE","M","418","FA","EVE Mon 7:00PM","4,800","0","0","3","517.7","0%","0","0","0","0","0","0","0","0","0","0","0","0","0","0","0","0","0","0","0","0","0","0","0","0","0","0","0","0","0","0","0","0","0","0","0","0","0","0","0"
"*06rnm*","Isaac Heath","EVE","F","431","FA","@LEE Mon 7:00PM","2,000","0","0","0","-","0%","0","0","0","0","0","0","0","0","0","0","0","0","0","0","0","0","0","0","0","0","0","0","0","0","0","0","0","0","0","0","0","0","0","0","0","0","0","0","0"
"*06prv*","Jamaldeen Jimoh","AVL","M","456","FA","NEW Sat 11:30AM","2,000","0","0","0","-","0%","0","0","0","0","0","0","0","0","0","0","0","0","0","0","0","0","0","0","0","0","0","0","0","0","0","0","0","0","0","0","0","0","0","0","0","0","0","0","0"
"*06pms*","Ismeal Kabia","ARS","F","461","FA","@MUN Sun 3:30PM","2,000","0","0","0","-","0%","0","0","0","0","0","0","0","0","0","0","0","0","0","0","0","0","0","0","0","0","0","0","0","0","0","0","0","0","0","0","0","0","0","0","0","0","0","0","0"
"*06pez*","Mohamadou Kante","WHU","M","465","FA","@SUN Sat 2:00PM","2,000","0","0","0","-","0%","0","0","0","0","0","0","0","0","0","0","0","0","0","0","0","0","0","0","0","0","0","0","0","0","0","0","0","0","0","0","0","0","0","0","0","0","0","0","0"
"*06ils*","Yunus Konak","BRF","M","476","FA","@NOT Sun 1:00PM","2,000","0","0","0","-","0%","0","0","0","0","0","0","0","0","0","0","0","0","0","0","0","0","0","0","0","0","0","0","0","0","0","0","0","0","0","0","0","0","0","0","0","0","0","0","0"
"*06roh*","Sekou Kone","MUN","M","477","FA","ARS Sun 3:30PM","2,000","0","0","0","-","0%","0","0","0","0","0","0","0","0","0","0","0","0","0","0","0","0","0","0","0","0","0","0","0","0","0","0","0","0","0","0","0","0","0","0","0","0","0","0","0"
"*06nvb*","Caleb Kporha","CRY","D","479","FA","@CHE Sun 1:00PM","2,000","0","0","0","-","0%","0","0","0","0","0","0","0","0","0","0","0","0","0","0","0","0","0","0","0","0","0","0","0","0","0","0","0","0","0","0","0","0","0","0","0","0","0","0","0"
"*06mgn*","Rio Kyerematen","TOT","M","482","FA","BUR Sat 2:00PM","2,000","0","0","0","-","0%","0","0","0","0","0","0","0","0","0","0","0","0","0","0","0","0","0","0","0","0","0","0","0","0","0","0","0","0","0","0","0","0","0","0","0","0","0","0","0"
"*03dyx*","Josh Laurent","BUR","M","485","FA","@TOT Sat 2:00PM","2,000","0","0","0","-","0%","0","0","0","0","0","0","0","0","0","0","0","0","0","0","0","0","0","0","0","0","0","0","0","0","0","0","0","0","0","0","0","0","0","0","0","0","0","0","0"
"*06tf6*","Bendito Mantato","MUN","M","499","FA","ARS Sun 3:30PM","2,000","0","0","0","-","0%","0","0","0","0","0","0","0","0","0","0","0","0","0","0","0","0","0","0","0","0","0","0","0","0","0","0","0","0","0","0","0","0","0","0","0","0","0","0","0"
"*06hcm*","Callum Marshall","WHU","F","503","FA","@SUN Sat 2:00PM","2,000","0","0","0","-","0%","0","0","0","0","0","0","0","0","0","0","0","0","0","0","0","0","0","0","0","0","0","0","0","0","0","0","0","0","0","0","0","0","0","0","0","0","0","0","0"
"*06mgk*","Jayden Meghoma","BRF","D","513","FA","@NOT Sun 1:00PM","2,000","0","0","0","-","0%","0","0","0","0","0","0","0","0","0","0","0","0","0","0","0","0","0","0","0","0","0","0","0","0","0","0","0","0","0","0","0","0","0","0","0","0","0","0","0"
"*06on6*","Anthony Munda","NEW","M","527","FA","@AVL Sat 11:30AM","2,000","0","0","0","-","0%","0","0","0","0","0","0","0","0","0","0","0","0","0","0","0","0","0","0","0","0","0","0","0","0","0","0","0","0","0","0","0","0","0","0","0","0","0","0","0"
"*06v09*","Reece Munro","MUN","D","532","FA","ARS Sun 3:30PM","2,000","0","0","0","-","0%","0","0","0","0","0","0","0","0","0","0","0","0","0","0","0","0","0","0","0","0","0","0","0","0","0","0","0","0","0","0","0","0","0","0","0","0","0","0","0"
"*06rnn*","Sean Neave","NEW","F","539","FA","@AVL Sat 11:30AM","2,000","0","0","0","-","0%","0","0","0","0","0","0","0","0","0","0","0","0","0","0","0","0","0","0","0","0","0","0","0","0","0","0","0","0","0","0","0","0","0","0","0","0","0","0","0"
"*06nk3*","Josh Nichols","ARS","D","542","FA","@MUN Sun 3:30PM","2,000","0","0","0","-","0%","0","0","0","0","0","0","0","0","0","0","0","0","0","0","0","0","0","0","0","0","0","0","0","0","0","0","0","0","0","0","0","0","0","0","0","0","0","0","0"
"*06ys4*","Sverre Nypan","MCI","M","548","FA","@WOL Sat 4:30PM","2,000","0","0","0","-","0%","0","0","0","0","0","0","0","0","0","0","0","0","0","0","0","0","0","0","0","0","0","0","0","0","0","0","0","0","0","0","0","0","0","0","0","0","0","0","0"
"*06qq8*","Callum Olusesi","TOT","M","556","FA","BUR Sat 2:00PM","2,000","0","0","0","-","0%","0","0","0","0","0","0","0","0","0","0","0","0","0","0","0","0","0","0","0","0","0","0","0","0","0","0","0","0","0","0","0","0","0","0","0","0","0","0","0"
"*06awp*","Travis Patterson","AVL","D","563","FA","NEW Sat 11:30AM","2,000","0","0","0","-","0%","0","0","0","0","0","0","0","0","0","0","0","0","0","0","0","0","0","0","0","0","0","0","0","0","0","0","0","0","0","0","0","0","0","0","0","0","0","0","0"
"*06xzk*","Timothee Pembele","SUN","D","567","FA","WHU Sat 2:00PM","2,000","0","0","0","-","0%","0","0","0","0","0","0","0","0","0","0","0","0","0","0","0","0","0","0","0","0","0","0","0","0","0","0","0","0","0","0","0","0","0","0","0","0","0","0","0"
"*06r3w*","Remy Rees-Dottin","BOU","F","580","FA","@LIV Fri 7:00PM","2,000","0","0","0","-","0%","0","0","0","0","0","0","0","0","0","0","0","0","0","0","0","0","0","0","0","0","0","0","0","0","0","0","0","0","0","0","0","0","0","0","0","0","0","0","0"
"*06prt*","Triston Rowe","AVL","D","594","FA","NEW Sat 11:30AM","2,000","0","0","0","-","0%","0","0","0","0","0","0","0","0","0","0","0","0","0","0","0","0","0","0","0","0","0","0","0","0","0","0","0","0","0","0","0","0","0","0","0","0","0","0","0"
"*05nip*","Dane Scarlett","TOT","F","607","FA","BUR Sat 2:00PM","2,500","0","0","0","-","0%","0","0","0","0","0","0","0","0","0","0","0","0","0","0","0","0","0","0","0","0","0","0","0","0","0","0","0","0","0","0","0","0","0","0","0","0","0","0","0"
"*062cj*","Abdallah Sima","BHA","F","614","FA","FUL Sat 2:00PM","2,000","0","0","0","-","0%","0","0","0","0","0","0","0","0","0","0","0","0","0","0","0","0","0","0","0","0","0","0","0","0","0","0","0","0","0","0","0","0","0","0","0","0","0","0","0"
"*06kk4*","Franco Umeh-Chibueze","CRY","F","650","FA","@CHE Sun 1:00PM","2,000","0","0","0","-","0%","0","0","0","0","0","0","0","0","0","0","0","0","0","0","0","0","0","0","0","0","0","0","0","0","0","0","0","0","0","0","0","0","0","0","0","0","0","0","0"
"*06qq9*","Luca Williams-Barnett","TOT","M,F","665","FA","BUR Sat 2:00PM","2,000","0","0","0","-","0%","0","0","0","0","0","0","0","0","0","0","0","0","0","0","0","0","0","0","0","0","0","0","0","0","0","0","0","0","0","0","0","0","0","0","0","0","0","0","0"
"*05wwd*","Joshua Wilson-Esbrand","MCI","D","666","FA","@WOL Sat 4:30PM","2,000","0","0","0","-","0%","0","0","0","0","0","0","0","0","0","0","0","0","0","0","0","0","0","0","0","0","0","0","0","0","0","0","0","0","0","0","0","0","0","0","0","0","0","0","0"
"*06qwh*","Ben Winterburn","BOU","M","667","FA","@LIV Fri 7:00PM","2,000","0","0","0","-","0%","0","0","0","0","0","0","0","0","0","0","0","0","0","0","0","0","0","0","0","0","0","0","0","0","0","0","0","0","0","0","0","0","0","0","0","0","0","0","0"
"*06mnd*","Eric da Silva Moreira","NOT","F","676","FA","BRF Sun 1:00PM","2,000","0","0","0","-","0%","0","0","0","0","0","0","0","0","0","0","0","0","0","0","0","0","0","0","0","0","0","0","0","0","0","0","0","0","0","0","0","0","0","0","0","0","0","0","0"
"*06unr*","Yasin Ozcan","AVL","D","684","FA","NEW Sat 11:30AM","2,000","0","0","0","-","0%","0","0","0","0","0","0","0","0","0","0","0","0","0","0","0","0","0","0","0","0","0","0","0","0","0","0","0","0","0","0","0","0","0","0","0","0","0","0","0"
"*06yb6*","Oluwaseun Adewumi","BUR","M","278","FA","@TOT Sat 2:00PM","2,000","0","0","0","-","0%","0","0","0","0","0","0","0","0","0","0","0","0","0","0","0","0","0","0","0","0","0","0","0","0","0","0","0","0","0","0","0","0","0","0","0","0","0","0","0"
"*06zc7*","Yusuf Akhamrich","TOT","F","285","FA","BUR Sat 2:00PM","2,000","0","0","0","-","0%","0","0","0","0","0","0","0","0","0","0","0","0","0","0","0","0","0","0","0","0","0","0","0","0","0","0","0","0","0","0","0","0","0","0","0","0","0","0","0"
"*06dn2*","Zeki Amdouni","BUR","F","291","FA","@TOT Sat 2:00PM","2,000","0","0","0","-","0%","0","0","0","0","0","0","0","0","0","0","0","0","0","0","0","0","0","0","0","0","0","0","0","0","0","0","0","0","0","0","0","0","0","0","0","0","0","0","0"
"*05uh0*","Joseph Anderson","SUN","D","293","FA","WHU Sat 2:00PM","2,000","0","0","0","-","0%","0","0","0","0","0","0","0","0","0","0","0","0","0","0","0","0","0","0","0","0","0","0","0","0","0","0","0","0","0","0","0","0","0","0","0","0","0","0","0"
"*06zc4*","Pele Arganese-McDermott","TOT","D","296","FA","BUR Sat 2:00PM","2,000","0","0","0","-","0%","0","0","0","0","0","0","0","0","0","0","0","0","0","0","0","0","0","0","0","0","0","0","0","0","0","0","0","0","0","0","0","0","0","0","0","0","0","0","0"
"*05ogh*","Harrison Ashby","NEW","D","300","FA","@AVL Sat 11:30AM","2,000","0","0","0","-","0%","0","0","0","0","0","0","0","0","0","0","0","0","0","0","0","0","0","0","0","0","0","0","0","0","0","0","0","0","0","0","0","0","0","0","0","0","0","0","0"
"*06zc2*","Tyrell Ashcroft","TOT","D","301","FA","BUR Sat 2:00PM","2,000","0","0","0","-","0%","0","0","0","0","0","0","0","0","0","0","0","0","0","0","0","0","0","0","0","0","0","0","0","0","0","0","0","0","0","0","0","0","0","0","0","0","0","0","0"
"*06xzn*","Abdoullah Ba","SUN","M","305","FA","WHU Sat 2:00PM","2,000","0","0","0","-","0%","0","0","0","0","0","0","0","0","0","0","0","0","0","0","0","0","0","0","0","0","0","0","0","0","0","0","0","0","0","0","0","0","0","0","0","0","0","0","0"
"*06uzr*","Jaydon Banel","BUR","F","309","FA","@TOT Sat 2:00PM","2,000","0","0","0","-","0%","0","0","0","0","0","0","0","0","0","0","0","0","0","0","0","0","0","0","0","0","0","0","0","0","0","0","0","0","0","0","0","0","0","0","0","0","0","0","0"
"*03dxr*","Ashley Barnes","BUR","F","311","FA","@TOT Sat 2:00PM","2,000","0","0","0","-","0%","0","0","0","0","0","0","0","0","0","0","0","0","0","0","0","0","0","0","0","0","0","0","0","0","0","0","0","0","0","0","0","0","0","0","0","0","0","0","0"
"*06dwm*","Jacob Bruun Larsen","BUR","F","333","FA","@TOT Sat 2:00PM","2,300","0","0","0","1153","0%","0","0","0","0","0","0","0","0","0","0","0","0","0","0","0","0","0","0","0","0","0","0","0","0","0","0","0","0","0","0","0","0","0","0","0","0","0","0","0"
"*06zc3*","Junai Byfield","TOT","D","335","FA","BUR Sat 2:00PM","2,000","0","0","0","-","0%","0","0","0","0","0","0","0","0","0","0","0","0","0","0","0","0","0","0","0","0","0","0","0","0","0","0","0","0","0","0","0","0","0","0","0","0","0","0","0"
"*06zbt*","Rio Cardines","CRY","M","339","FA","@CHE Sun 1:00PM","2,000","0","0","0","-","0%","0","0","0","0","0","0","0","0","0","0","0","0","0","0","0","0","0","0","0","0","0","0","0","0","0","0","0","0","0","0","0","0","0","0","0","0","0","0","0"
"*066iy*","Kaelan Casey","WHU","D","341","FA","@SUN Sat 2:00PM","2,000","0","0","0","-","0%","0","0","0","0","0","0","0","0","0","0","0","0","0","0","0","0","0","0","0","0","0","0","0","0","0","0","0","0","0","0","0","0","0","0","0","0","0","0","0"
"*06q2g*","Dante Cassanova","TOT","D","342","FA","BUR Sat 2:00PM","2,000","0","0","0","-","0%","0","0","0","0","0","0","0","0","0","0","0","0","0","0","0","0","0","0","0","0","0","0","0","0","0","0","0","0","0","0","0","0","0","0","0","0","0","0","0"
"*06yxd*","Rhys Chadwick","LEE","M","344","FA","EVE Mon 7:00PM","2,000","0","0","0","-","0%","0","0","0","0","0","0","0","0","0","0","0","0","0","0","0","0","0","0","0","0","0","0","0","0","0","0","0","0","0","0","0","0","0","0","0","0","0","0","0"
"*06ib6*","Tawanda Chirewa","WOL","M","348","FA","MCI Sat 4:30PM","2,000","0","0","0","-","0%","0","0","0","0","0","0","0","0","0","0","0","0","0","0","0","0","0","0","0","0","0","0","0","0","0","0","0","0","0","0","0","0","0","0","0","0","0","0","0"
"*06c4r*","Darko Churlinov","BUR","F","349","FA","@TOT Sat 2:00PM","2,000","0","0","0","-","0%","0","0","0","0","0","0","0","0","0","0","0","0","0","0","0","0","0","0","0","0","0","0","0","0","0","0","0","0","0","0","0","0","0","0","0","0","0","0","0"
"*06zbv*","Justin Clarke","EVE","M","351","FA","@LEE Mon 7:00PM","2,000","0","0","0","-","0%","0","0","0","0","0","0","0","0","0","0","0","0","0","0","0","0","0","0","0","0","0","0","0","0","0","0","0","0","0","0","0","0","0","0","0","0","0","0","0"
"*06zbo*","Louie Copley","ARS","M","353","FA","@MUN Sun 3:30PM","2,000","0","0","0","-","0%","0","0","0","0","0","0","0","0","0","0","0","0","0","0","0","0","0","0","0","0","0","0","0","0","0","0","0","0","0","0","0","0","0","0","0","0","0","0","0"
"*06fuh*","Hannes Delcroix","BUR","D","364","FA","@TOT Sat 2:00PM","2,000","0","0","0","-","0%","0","0","0","0","0","0","0","0","0","0","0","0","0","0","0","0","0","0","0","0","0","0","0","0","0","0","0","0","0","0","0","0","0","0","0","0","0","0","0"
"*05ux0*","Owen Dodgson","BUR","D","373","FA","@TOT Sat 2:00PM","2,000","0","0","0","-","0%","0","0","0","0","0","0","0","0","0","0","0","0","0","0","0","0","0","0","0","0","0","0","0","0","0","0","0","0","0","0","0","0","0","0","0","0","0","0","0"
"*06c4h*","Hjalmar Ekdal","BUR","D","384","FA","@TOT Sat 2:00PM","2,000","0","0","0","-","0%","0","0","0","0","0","0","0","0","0","0","0","0","0","0","0","0","0","0","0","0","0","0","0","0","0","0","0","0","0","0","0","0","0","0","0","0","0","0","0"
"*05yf8*","Pierre Ekwah","SUN","M","386","FA","WHU Sat 2:00PM","2,000","0","0","0","-","0%","0","0","0","0","0","0","0","0","0","0","0","0","0","0","0","0","0","0","0","0","0","0","0","0","0","0","0","0","0","0","0","0","0","0","0","0","0","0","0"
"*06zcd*","Preston Fearon","WHU","M","391","FA","@SUN Sat 2:00PM","2,000","0","0","0","-","0%","0","0","0","0","0","0","0","0","0","0","0","0","0","0","0","0","0","0","0","0","0","0","0","0","0","0","0","0","0","0","0","0","0","0","0","0","0","0","0"
"*06441*","Martial Godo","FUL","F","407","FA","@BHA Sat 2:00PM","2,000","0","0","0","-","0%","0","0","0","0","0","0","0","0","0","0","0","0","0","0","0","0","0","0","0","0","0","0","0","0","0","0","0","0","0","0","0","0","0","0","0","0","0","0","0"
"*06zcc*","Airidas Golambeckis","WHU","D","408","FA","@SUN Sat 2:00PM","2,000","0","0","0","-","0%","0","0","0","0","0","0","0","0","0","0","0","0","0","0","0","0","0","0","0","0","0","0","0","0","0","0","0","0","0","0","0","0","0","0","0","0","0","0","0"
"*06fwo*","Enso Gonzalez","WOL","F","411","FA","MCI Sat 4:30PM","2,000","0","0","0","-","0%","0","0","0","0","0","0","0","0","0","0","0","0","0","0","0","0","0","0","0","0","0","0","0","0","0","0","0","0","0","0","0","0","0","0","0","0","0","0","0"
"*06lvm*","Tyrese Hall","TOT","M","426","FA","BUR Sat 2:00PM","2,000","0","0","0","-","0%","0","0","0","0","0","0","0","0","0","0","0","0","0","0","0","0","0","0","0","0","0","0","0","0","0","0","0","0","0","0","0","0","0","0","0","0","0","0","0"
"*06zbq*","Andre Harriman-Annous","ARS","F","427","FA","@MUN Sun 3:30PM","2,000","0","0","0","-","0%","0","0","0","0","0","0","0","0","0","0","0","0","0","0","0","0","0","0","0","0","0","0","0","0","0","0","0","0","0","0","0","0","0","0","0","0","0","0","0"
"*06nv5*","Alfie Harrison","NEW","M","428","FA","@AVL Sat 11:30AM","2,000","0","0","0","-","0%","0","0","0","0","0","0","0","0","0","0","0","0","0","0","0","0","0","0","0","0","0","0","0","0","0","0","0","0","0","0","0","0","0","0","0","0","0","0","0"
"*035mq*","Isaac Hayden","NEW","M","430","FA","@AVL Sat 11:30AM","2,000","0","0","0","-","0%","0","0","0","0","0","0","0","0","0","0","0","0","0","0","0","0","0","0","0","0","0","0","0","0","0","0","0","0","0","0","0","0","0","0","0","0","0","0","0"
"*06jfq*","Travis Hernes","NEW","M","436","FA","@AVL Sat 11:30AM","2,000","0","0","0","-","0%","0","0","0","0","0","0","0","0","0","0","0","0","0","0","0","0","0","0","0","0","0","0","0","0","0","0","0","0","0","0","0","0","0","0","0","0","0","0","0"
"*05x12*","Leo Fuhr Hjelde","SUN","D","440","FA","WHU Sat 2:00PM","2,000","0","0","0","-","0%","0","0","0","0","0","0","0","0","0","0","0","0","0","0","0","0","0","0","0","0","0","0","0","0","0","0","0","0","0","0","0","0","0","0","0","0","0","0","0"
"*05r2t*","Niall Huggins","SUN","D,F","445","FA","WHU Sat 2:00PM","2,000","0","0","0","-","0%","0","0","0","0","0","0","0","0","0","0","0","0","0","0","0","0","0","0","0","0","0","0","0","0","0","0","0","0","0","0","0","0","0","0","0","0","0","0","0"
"*066sh*","Bashir Humphreys","BUR","D","447","FA","@TOT Sat 2:00PM","2,000","0","0","0","-","0%","0","0","0","0","0","0","0","0","0","0","0","0","0","0","0","0","0","0","0","0","0","0","0","0","0","0","0","0","0","0","0","0","0","0","0","0","0","0","0"
"*06zca*","Oliver Irow","TOT","F","450","FA","BUR Sat 2:00PM","2,000","0","0","0","-","0%","0","0","0","0","0","0","0","0","0","0","0","0","0","0","0","0","0","0","0","0","0","0","0","0","0","0","0","0","0","0","0","0","0","0","0","0","0","0","0"
"*06kyx*","Andy Irving","WHU","M","451","FA","@SUN Sat 2:00PM","2,000","0","0","0","-","0%","0","0","0","0","0","0","0","0","0","0","0","0","0","0","0","0","0","0","0","0","0","0","0","0","0","0","0","0","0","0","0","0","0","0","0","0","0","0","0"
"*06nva*","Mofe Jemide","CRY","D","455","FA","@CHE Sun 1:00PM","2,000","0","0","0","-","0%","0","0","0","0","0","0","0","0","0","0","0","0","0","0","0","0","0","0","0","0","0","0","0","0","0","0","0","0","0","0","0","0","0","0","0","0","0","0","0"
"*06xzm*","Zak Johnson","SUN","D","457","FA","WHU Sat 2:00PM","2,000","0","0","0","-","0%","0","0","0","0","0","0","0","0","0","0","0","0","0","0","0","0","0","0","0","0","0","0","0","0","0","0","0","0","0","0","0","0","0","0","0","0","0","0","0"
"*06v0q*","Harrison Jones","SUN","M","458","FA","WHU Sat 2:00PM","2,000","0","0","0","-","0%","0","0","0","0","0","0","0","0","0","0","0","0","0","0","0","0","0","0","0","0","0","0","0","0","0","0","0","0","0","0","0","0","0","0","0","0","0","0","0"
"*06ygl*","George King","CRY","D","470","FA","@CHE Sun 1:00PM","2,000","0","0","0","-","0%","0","0","0","0","0","0","0","0","0","0","0","0","0","0","0","0","0","0","0","0","0","0","0","0","0","0","0","0","0","0","0","0","0","0","0","0","0","0","0"
"*06zc9*","Ellis Lehane","TOT","F","488","FA","BUR Sat 2:00PM","2,000","0","0","0","-","0%","0","0","0","0","0","0","0","0","0","0","0","0","0","0","0","0","0","0","0","0","0","0","0","0","0","0","0","0","0","0","0","0","0","0","0","0","0","0","0"
"*04tsf*","Paris Maghoma","BRF","M","495","FA","@NOT Sun 1:00PM","2,100","0","0","0","-","0%","0","0","0","0","0","0","0","0","0","0","0","0","0","0","0","0","0","0","0","0","0","0","0","0","0","0","0","0","0","0","0","0","0","0","0","0","0","0","0"
"*06c4p*","Benson Manuel","BUR","F","500","FA","@TOT Sat 2:00PM","2,000","0","0","0","-","0%","0","0","0","0","0","0","0","0","0","0","0","0","0","0","0","0","0","0","0","0","0","0","0","0","0","0","0","0","0","0","0","0","0","0","0","0","0","0","0"
"*06xzo*","Jay Matete","SUN","M","504","FA","WHU Sat 2:00PM","2,000","0","0","0","-","0%","0","0","0","0","0","0","0","0","0","0","0","0","0","0","0","0","0","0","0","0","0","0","0","0","0","0","0","0","0","0","0","0","0","0","0","0","0","0","0"
"*06xzj*","David Mota Veiga Teixeira do Carmo","NOT","D","526","FA","BRF Sun 1:00PM","2,000","0","0","0","-","0%","0","0","0","0","0","0","0","0","0","0","0","0","0","0","0","0","0","0","0","0","0","0","0","0","0","0","0","0","0","0","0","0","0","0","0","0","0","0","0"
"*04mmx*","Michael Obafemi","BUR","F","553","FA","@TOT Sat 2:00PM","2,000","0","0","0","-","0%","0","0","0","0","0","0","0","0","0","0","0","0","0","0","0","0","0","0","0","0","0","0","0","0","0","0","0","0","0","0","0","0","0","0","0","0","0","0","0"
"*05r93*","Tyler Onyango","EVE","M","558","FA","@LEE Mon 7:00PM","2,000","0","0","0","-","0%","0","0","0","0","0","0","0","0","0","0","0","0","0","0","0","0","0","0","0","0","0","0","0","0","0","0","0","0","0","0","0","0","0","0","0","0","0","0","0"
"*06zc0*","Seung-Soo Park","NEW","F","561","FA","@AVL Sat 11:30AM","2,000","0","0","0","-","0%","0","0","0","0","0","0","0","0","0","0","0","0","0","0","0","0","0","0","0","0","0","0","0","0","0","0","0","0","0","0","0","0","0","0","0","0","0","0","0"
"*06ygm*","Jair Paula da Cunha Filho","NOT","D","564","FA","BRF Sun 1:00PM","2,000","0","0","0","-","0%","0","0","0","0","0","0","0","0","0","0","0","0","0","0","0","0","0","0","0","0","0","0","0","0","0","0","0","0","0","0","0","0","0","0","0","0","0","0","0"
"*05nuf*","Myles Peart-Harris","BRF","M","566","FA","@NOT Sun 1:00PM","2,000","0","0","0","-","0%","0","0","0","0","0","0","0","0","0","0","0","0","0","0","0","0","0","0","0","0","0","0","0","0","0","0","0","0","0","0","0","0","0","0","0","0","0","0","0"
"*05y5b*","Freddie Potts","WHU","M","572","FA","@SUN Sat 2:00PM","2,000","0","0","0","-","0%","0","0","0","0","0","0","0","0","0","0","0","0","0","0","0","0","0","0","0","0","0","0","0","0","0","0","0","0","0","0","0","0","0","0","0","0","0","0","0"
"*04ym3*","Ian Poveda-Ocampo","SUN","F","573","FA","WHU Sat 2:00PM","2,000","0","0","0","-","0%","0","0","0","0","0","0","0","0","0","0","0","0","0","0","0","0","0","0","0","0","0","0","0","0","0","0","0","0","0","0","0","0","0","0","0","0","0","0","0"
"*061z5*","Calvin Ramsay","LIV","D","578","FA","BOU Fri 7:00PM","2,000","0","0","0","-","0%","0","0","0","0","0","0","0","0","0","0","0","0","0","0","0","0","0","0","0","0","0","0","0","0","0","0","0","0","0","0","0","0","0","0","0","0","0","0","0"
"*06mnn*","Chadi Riad","CRY","D","582","FA","@CHE Sun 1:00PM","3,300","0","0","0","-","0%","0","0","0","0","0","0","0","0","0","0","0","0","0","0","0","0","0","0","0","0","0","0","0","0","0","0","0","0","0","0","0","0","0","0","0","0","0","0","0"
"*062op*","Omar Richards","NOT","D","583","FA","BRF Sun 1:00PM","2,000","0","0","0","-","0%","0","0","0","0","0","0","0","0","0","0","0","0","0","0","0","0","0","0","0","0","0","0","0","0","0","0","0","0","0","0","0","0","0","0","0","0","0","0","0"
"*062oi*","Kaden Rodney","CRY","M","587","FA","@CHE Sun 1:00PM","2,000","0","0","0","-","0%","0","0","0","0","0","0","0","0","0","0","0","0","0","0","0","0","0","0","0","0","0","0","0","0","0","0","0","0","0","0","0","0","0","0","0","0","0","0","0"
"*06zc5*","James Rowswell","TOT","D","595","FA","BUR Sat 2:00PM","2,000","0","0","0","-","0%","0","0","0","0","0","0","0","0","0","0","0","0","0","0","0","0","0","0","0","0","0","0","0","0","0","0","0","0","0","0","0","0","0","0","0","0","0","0","0"
"*06zc6*","Reiss-Alexander Russell-Denny","TOT","M","597","FA","BUR Sat 2:00PM","2,000","0","0","0","-","0%","0","0","0","0","0","0","0","0","0","0","0","0","0","0","0","0","0","0","0","0","0","0","0","0","0","0","0","0","0","0","0","0","0","0","0","0","0","0","0"
"*06xzq*","Nazariy Rusyn","SUN","F","598","FA","WHU Sat 2:00PM","2,000","0","0","0","-","0%","0","0","0","0","0","0","0","0","0","0","0","0","0","0","0","0","0","0","0","0","0","0","0","0","0","0","0","0","0","0","0","0","0","0","0","0","0","0","0"
"*06zbn*","Marli Salmon","ARS","D","600","FA","@MUN Sun 3:30PM","2,000","0","0","0","-","0%","0","0","0","0","0","0","0","0","0","0","0","0","0","0","0","0","0","0","0","0","0","0","0","0","0","0","0","0","0","0","0","0","0","0","0","0","0","0","0"
"*06uzm*","Shurandy Sambo","BUR","D","601","FA","@TOT Sat 2:00PM","2,000","0","0","0","-","0%","0","0","0","0","0","0","0","0","0","0","0","0","0","0","0","0","0","0","0","0","0","0","0","0","0","0","0","0","0","0","0","0","0","0","0","0","0","0","0"
"*06v0f*","Jenson Seelt","SUN","D","610","FA","WHU Sat 2:00PM","2,000","0","0","0","-","0%","0","0","0","0","0","0","0","0","0","0","0","0","0","0","0","0","0","0","0","0","0","0","0","0","0","0","0","0","0","0","0","0","0","0","0","0","0","0","0"
"*06xzp*","Luis Hemir Silva Semedo","SUN","F","613","FA","WHU Sat 2:00PM","2,000","0","0","0","-","0%","0","0","0","0","0","0","0","0","0","0","0","0","0","0","0","0","0","0","0","0","0","0","0","0","0","0","0","0","0","0","0","0","0","0","0","0","0","0","0"
"*06uzl*","Oliver Sonne","BUR","D","618","FA","@TOT Sat 2:00PM","2,000","0","0","0","-","0%","0","0","0","0","0","0","0","0","0","0","0","0","0","0","0","0","0","0","0","0","0","0","0","0","0","0","0","0","0","0","0","0","0","0","0","0","0","0","0"
"*06mmk*","Marko Stamenic","NOT","M","621","FA","BRF Sun 1:00PM","2,000","0","0","0","-","0%","0","0","0","0","0","0","0","0","0","0","0","0","0","0","0","0","0","0","0","0","0","0","0","0","0","0","0","0","0","0","0","0","0","0","0","0","0","0","0"
"*06nl8*","Luca Stephenson","LIV","M","622","FA","BOU Fri 7:00PM","2,000","0","0","0","-","0%","0","0","0","0","0","0","0","0","0","0","0","0","0","0","0","0","0","0","0","0","0","0","0","0","0","0","0","0","0","0","0","0","0","0","0","0","0","0","0"
"*06ya6*","Kota Takai","TOT","D","625","FA","BUR Sat 2:00PM","2,000","0","0","0","-","0%","0","0","0","0","0","0","0","0","0","0","0","0","0","0","0","0","0","0","0","0","0","0","0","0","0","0","0","0","0","0","0","0","0","0","0","0","0","0","0"
"*06zbu*","Aled Thomas","EVE","D","630","FA","@LEE Mon 7:00PM","2,000","0","0","0","-","0%","0","0","0","0","0","0","0","0","0","0","0","0","0","0","0","0","0","0","0","0","0","0","0","0","0","0","0","0","0","0","0","0","0","0","0","0","0","0","0"
"*06zc8*","Tynan Thompson","TOT","F","632","FA","BUR Sat 2:00PM","2,000","0","0","0","-","0%","0","0","0","0","0","0","0","0","0","0","0","0","0","0","0","0","0","0","0","0","0","0","0","0","0","0","0","0","0","0","0","0","0","0","0","0","0","0","0"
"*06fy5*","Mike Tresor","BUR","F","638","FA","@TOT Sat 2:00PM","2,000","0","0","0","-","0%","0","0","0","0","0","0","0","0","0","0","0","0","0","0","0","0","0","0","0","0","0","0","0","0","0","0","0","0","0","0","0","0","0","0","0","0","0","0","0"
"*0643w*","Ryan Trevitt","BRF","M","639","FA","@NOT Sun 1:00PM","2,000","0","0","0","-","0%","0","0","0","0","0","0","0","0","0","0","0","0","0","0","0","0","0","0","0","0","0","0","0","0","0","0","0","0","0","0","0","0","0","0","0","0","0","0","0"
"*06xzl*","Nectarios Triantis","SUN","D","640","FA","WHU Sat 2:00PM","2,000","0","0","0","-","0%","0","0","0","0","0","0","0","0","0","0","0","0","0","0","0","0","0","0","0","0","0","0","0","0","0","0","0","0","0","0","0","0","0","0","0","0","0","0","0"
"*06zbr*","Harold William","BOU","D","662","FA","@LIV Fri 7:00PM","2,000","0","0","0","-","0%","0","0","0","0","0","0","0","0","0","0","0","0","0","0","0","0","0","0","0","0","0","0","0","0","0","0","0","0","0","0","0","0","0","0","0","0","0","0","0"
"*06muh*","Ethan Williams","MUN","M,F","663","FA","ARS Sun 3:30PM","2,000","0","0","0","-","0%","0","0","0","0","0","0","0","0","0","0","0","0","0","0","0","0","0","0","0","0","0","0","0","0","0","0","0","0","0","0","0","0","0","0","0","0","0","0","0"
"*05oji*","Rhys Williams","LIV","D","664","FA","BOU Fri 7:00PM","2,000","0","0","0","-","0%","0","0","0","0","0","0","0","0","0","0","0","0","0","0","0","0","0","0","0","0","0","0","0","0","0","0","0","0","0","0","0","0","0","0","0","0","0","0","0"
