"ID","Player","Team","Position","RkOv","Status","Opponent","Salary","FPts","FP/G","%D","ADP","Ros","GP","Min","G","A2","KP","AT","SOP","TLM","Tu","ErS","ErG","YC","SYC","RC","RCR","HB","Pen","Off","SFTP","AC","Int","CLO","CLR","CoSF","BC","BS","TkW+BS","DW","AER","BCC","BCM","BR","FKG","SBON","PKM","PKD","OG","GAO","CS"
"*04y92*","Bukayo Saka","ARS","M","1","FA","@MUN Sun 3:30PM","10,300","335.82","9.59","100","2.1","100%","35","2,916","16","0","91","13","2","0","56","0","1","4","0","0","0","5","0","8","650","45","15","0","19","118","5","2","37","207","24","15","11","155","0","0","0","1","0","27","16"
"*05ylj*","Bruno Guimaraes","NEW","M","2","FA","@AVL Sat 11:30AM","10,300","313.36","8.47","100","64.6","99%","37","3,262","7","0","62","9","1","1","61","0","0","9","0","0","0","3","0","0","564","12","35","0","19","180","1","14","67","286","18","12","2","237","0","0","0","0","0","60","10"
"*04abb*","Phil Foden","MCI","M","3","FA","@WOL Sat 4:30PM","6,900","304.01","8.69","100","27.5","100%","35","2,850","19","0","73","8","1","0","62","1","0","2","0","0","0","1","1","5","677","19","13","0","16","107","2","0","20","144","6","10","7","127","2","2","0","0","0","27","14"
"*05ocl*","Ollie Watkins","AVL","F","4","FA","NEW Sat 11:30AM","8,400","303.45","8.2","100","17.8","100%","37","3,212","19","0","45","18","4","0","78","0","0","4","0","0","0","2","0","16","212","2","4","2","19","67","1","4","11","128","50","11","22","64","0","0","0","2","0","56","7"
"*05l8q*","Cole Palmer","CHE","M","5","FA","CRY Sun 1:00PM","11,200","298.2","8.77","100","2.8","100%","34","2,604","22","0","72","13","1","0","58","2","0","7","0","0","0","0","0","6","509","16","20","0","11","78","2","2","14","102","1","17","7","105","0","5","0","1","0","46","7"
"*0524k*","Rodri","MCI","M","6","FA","@WOL Sat 4:30PM","2,700","295.39","8.69","99","56.4","98%","34","2,931","8","1","49","10","0","1","23","3","1","8","0","1","0","1","0","6","1,019","0","26","0","40","77","1","8","51","201","55","8","2","235","0","0","0","1","0","26","14"
"*05gcr*","Bruno Fernandes","MUN","M","7","FA","ARS Sun 3:30PM","11,600","287.72","8.22","100","4.8","100%","35","3,117","10","2","114","9","3","0","48","2","0","9","0","0","0","0","0","13","666","52","27","0","47","47","3","6","44","136","21","21","7","200","0","0","1","0","0","52","7"
"*05r9b*","Martin Odegaard","ARS","M","8","FA","@MUN Sun 3:30PM","8,700","287.13","8.2","100","18.1","100%","35","3,085","8","0","102","11","0","0","53","0","0","2","0","0","0","0","0","3","811","30","15","0","5","73","0","1","18","125","3","17","4","158","0","0","0","1","0","23","19"
"*04agz*","Declan Rice","ARS","M","9","FA","@MUN Sun 3:30PM","9,500","282.03","7.42","100","32.1","100%","38","3,222","7","0","47","9","1","0","31","0","0","5","0","0","0","1","2","2","653","21","44","2","51","34","1","11","62","156","39","9","2","178","0","1","0","0","0","28","17"
"*04mdn*","Anthony Gordon","NEW","M","10","FA","@AVL Sat 11:30AM","7,900","280.79","8.02","100","25.3","100%","35","2,880","11","0","57","16","2","0","70","0","0","10","1","1","0","0","0","8","338","30","7","0","4","121","3","0","34","185","9","16","9","125","0","1","0","6","0","48","12"
"*0427d*","James Tarkowski","EVE","D","11","FA","@LEE Mon 7:00PM","10,400","279.92","7.37","100","56.6","99%","38","3,418","1","1","22","1","0","3","16","1","1","11","0","0","0","0","1","1","187","3","56","1","186","41","5","56","98","242","145","5","4","186","0","0","0","0","0","51","13"
"*04qr9*","Morgan Gibbs-White","NOT","M","12","FA","BRF Sun 1:00PM","9,600","270.35","7.31","100","21.2","100%","37","3,151","5","1","74","12","2","0","78","0","0","9","0","0","0","1","0","6","406","54","17","0","18","101","3","8","32","197","61","16","5","179","0","2","0","0","0","59","5"
"*03v9d*","Son Heung-Min","TOT","F","13","FA","BUR Sat 2:00PM","8,800","267.95","7.66","96","49.8","99%","35","2,930","17","1","68","10","2","0","55","0","0","1","0","0","0","1","1","20","445","5","8","0","4","78","0","1","14","104","5","20","7","80","0","1","0","1","1","51","8"
"*061vq*","Erling Haaland","MCI","F","14","FA","@WOL Sat 4:30PM","10,000","260.9","8.42","100","4.7","100%","31","2,546","27","0","29","8","1","0","41","0","0","1","0","0","0","0","0","6","141","0","2","0","16","43","0","1","4","88","39","6","34","47","0","2","1","2","0","25","11"
"*04e1e*","Ben White","ARS","D","15","FA","@MUN Sun 3:30PM","6,200","260.7","7.05","75","117.4","86%","37","2,986","4","0","39","5","0","0","26","1","0","8","0","0","0","2","0","11","511","13","32","0","67","21","10","22","50","105","36","7","0","120","0","2","0","0","0","26","18"
"*05n07*","Pedro Porro","TOT","D","16","FA","BUR Sat 2:00PM","9,200","258.17","7.38","100","36.3","100%","35","3,088","3","0","51","8","2","1","37","2","1","3","0","0","0","1","1","1","477","37","34","0","80","53","22","18","81","159","17","13","2","199","0","0","0","0","0","54","7"
"*03fgo*","Dominic Solanke","TOT","F","17","FA","BUR Sat 2:00PM","7,400","255.5","6.72","100","37.3","100%","38","3,321","19","0","39","3","3","0","136","0","0","3","0","0","0","3","0","16","191","3","7","0","43","84","0","5","16","204","98","3","14","97","0","1","1","1","0","61","10"
"*06fv8*","Mohammed Kudus","TOT","M","18","FA","BUR Sat 2:00PM","7,500","254.67","7.72","100","33.4","100%","33","2,469","8","0","28","9","2","0","80","1","0","6","0","0","0","6","1","16","198","21","11","0","8","199","1","0","47","279","15","5","4","212","0","6","0","1","0","61","3"
"*03aqp*","Mohamed Salah","LIV","F","19","FA","BOU Fri 7:00PM","15,000","254.39","7.95","100","2.1","100%","32","2,525","18","2","66","12","2","0","77","0","0","2","0","0","0","0","0","17","378","10","2","0","1","53","0","1","12","76","6","22","17","84","0","4","2","1","0","30","8"
"*0558w*","William Saliba","ARS","D","20","FA","@MUN Sun 3:30PM","8,900","253.78","6.68","89","86.4","98%","38","3,420","2","0","6","1","0","4","22","3","0","4","0","0","0","1","1","0","256","1","29","0","78","26","3","17","43","139","72","0","1","213","0","0","0","0","0","29","18"
"*046c5*","Jarrod Bowen","WHU","F","21","FA","@SUN Sat 2:00PM","10,900","253.55","7.46","100","11.3","100%","34","3,017","16","0","32","6","4","0","79","0","0","2","0","0","0","2","0","20","192","14","19","0","12","76","2","5","33","151","33","12","13","118","0","0","0","0","0","63","5"
"*05nzu*","Gabriel Magalhaes","ARS","D","22","FA","@MUN Sun 3:30PM","9,000","252.42","7.01","100","67.9","100%","36","3,040","4","0","3","0","0","2","12","1","0","4","0","0","0","1","0","1","284","1","31","1","97","36","3","33","61","161","79","2","2","136","0","2","0","0","1","26","16"
"*03rzp*","Antonee Robinson","FUL","D","23","FA","@BHA Sat 2:00PM","10,200","245.25","6.63","100","33.3","100%","37","3,265","0","1","33","6","0","0","47","2","1","6","0","0","0","1","0","3","325","30","80","2","109","57","8","8","66","192","42","6","2","227","0","0","0","0","2","60","9"
"*03vlj*","Virgil van Dijk","LIV","D","24","FA","BOU Fri 7:00PM","10,400","245.1","6.81","100","39.5","100%","36","3,177","2","0","11","2","2","3","7","0","0","3","0","1","0","0","0","1","277","0","39","1","142","15","2","34","57","195","140","3","3","170","0","0","0","0","0","40","9"
"*05o6h*","Kai Havertz","ARS","F","25","FA","@MUN Sun 3:30PM","7,200","244.53","6.61","98","58","98%","37","2,621","13","0","46","10","1","0","54","0","0","11","0","0","0","8","0","15","332","2","20","0","22","60","0","1","16","197","105","8","13","122","0","7","0","1","0","22","16"
"*05os8*","Joachim Andersen","FUL","D","26","FA","@BHA Sat 2:00PM","7,700","240.96","6.34","12","293.8","13%","38","3,414","2","0","20","3","0","0","11","0","1","7","0","0","0","4","0","1","236","10","41","0","202","37","5","18","53","182","91","5","3","193","0","0","0","0","0","58","10"
"*05l27*","Jarrad Branthwaite","EVE","D","27","FA","@LEE Mon 7:00PM","8,100","238","6.8","57","131.2","67%","35","3,116","3","0","4","1","0","2","20","2","0","8","0","0","0","1","1","5","76","1","50","0","157","24","6","36","68","184","95","1","1","181","0","0","0","1","0","44","12"
"*04p0d*","Dwight McNeil","EVE","M","28","FA","@LEE Mon 7:00PM","7,800","237.76","6.79","100","25.9","100%","35","2,887","3","1","69","8","2","0","67","0","0","2","0","0","0","0","0","4","289","65","22","1","27","63","10","7","34","123","16","17","3","177","0","2","0","0","0","39","12"
"*04qfz*","Diogo Dalot","MUN","D","29","FA","ARS Sun 3:30PM","8,500","236.81","6.58","64","137.5","53%","36","3,171","2","0","38","3","2","0","24","0","0","4","1","1","0","2","1","2","348","24","37","3","96","45","15","16","67","158","32","5","0","195","0","1","0","0","0","55","8"
"*04tig*","Fabian Schar","NEW","D","30","FA","@AVL Sat 11:30AM","8,900","227.69","6.32","68","130.7","71%","36","3,050","4","0","10","3","0","1","17","1","0","5","0","0","0","1","0","0","203","3","36","1","131","39","2","38","62","150","70","2","2","174","0","1","0","2","0","58","9"
"*067yz*","Matheus Cunha","MUN","F","31","FA","ARS Sun 3:30PM","10,900","226.96","7.09","100","9.4","100%","32","2,433","12","0","28","7","2","0","80","1","0","9","0","0","0","0","0","4","220","2","13","0","20","114","1","7","23","160","16","7","6","114","0","3","0","1","0","46","6"
"*02oq8*","James Ward-Prowse","WHU","M","32","FA","@SUN Sat 2:00PM","5,200","226.23","6.11","47","136.2","60%","37","2,998","7","0","64","7","1","0","15","0","0","4","0","0","0","1","0","0","359","64","38","0","44","31","5","9","38","102","26","12","1","145","0","3","0","0","0","65","5"
"*061ve*","Ryan Christie","BOU","M","33","FA","@LIV Fri 7:00PM","7,700","224.94","6.08","50","135","63%","37","2,901","0","0","55","5","0","0","58","1","0","6","0","0","0","1","1","5","339","19","52","1","50","89","3","11","55","196","22","10","0","231","0","2","0","0","0","56","8"
"*05akv*","Tyrick Mitchell","CRY","D","34","FA","@CHE Sun 1:00PM","9,200","223.55","6.04","98","95.6","95%","37","3,202","2","0","24","3","0","1","46","0","0","6","0","0","0","2","0","1","247","17","26","2","86","34","19","10","70","160","21","5","2","208","0","0","0","0","0","55","10"
"*05r8o*","Jean-Philippe Mateta","CRY","F","35","FA","@CHE Sun 1:00PM","7,600","222.83","6.37","100","49.3","100%","35","2,262","16","0","32","7","0","0","89","0","0","3","0","0","0","0","0","24","133","4","4","0","14","47","0","4","19","119","50","5","7","81","0","10","0","2","0","44","8"
"*0647t*","Lucas Paqueta","WHU","M","36","FA","@SUN Sat 2:00PM","7,000","222.18","7.17","53","133.3","64%","31","2,618","4","1","43","6","2","0","72","2","0","10","0","0","0","4","0","5","369","10","21","0","25","107","3","1","49","237","61","12","3","194","0","0","0","0","0","52","4"
"*04fk6*","Bernardo Silva","MCI","M","37","FA","@WOL Sat 4:30PM","8,100","222.16","6.73","90","99.7","96%","33","2,571","6","0","64","9","0","0","43","1","0","8","0","0","0","0","0","3","703","17","17","0","12","64","3","4","27","117","2","13","3","102","0","4","0","0","0","26","10"
"*05uns*","Leon Bailey","AVL","M","38","FA","NEW Sat 11:30AM","4,500","222.12","6.35","3","363.4","2%","35","2,045","10","0","52","11","1","0","51","0","0","5","0","0","0","0","0","11","279","17","9","0","4","83","2","1","8","110","15","12","1","107","0","13","0","0","0","32","5"
"*02lpf*","Ross Barkley","AVL","M","39","FA","NEW Sat 11:30AM","3,900","220.79","6.9","0","-","1%","32","2,614","5","2","44","5","3","0","27","2","0","6","0","0","0","0","0","0","347","14","25","0","48","106","3","9","28","195","44","6","1","201","0","2","0","0","0","66","2"
"*0522h*","Alexis Mac Allister","LIV","M","40","FA","BOU Fri 7:00PM","9,400","219.78","6.66","100","65.1","100%","33","2,594","5","0","47","5","0","2","30","0","1","7","0","1","0","1","0","0","455","10","35","0","25","65","0","8","63","195","31","3","2","195","0","2","0","0","0","34","6"
"*051k0*","John McGinn","AVL","M","41","FA","NEW Sat 11:30AM","6,500","219.15","6.26","18","232.8","20%","35","2,998","6","1","44","5","0","0","55","0","0","9","0","1","0","0","0","2","358","25","21","0","18","123","3","4","39","191","9","10","3","161","1","0","0","0","0","52","7"
"*06cm1*","Nicolas Jackson","CHE","F","42","FA","CRY Sun 1:00PM","6,300","216.55","6.19","84","111.8","87%","35","2,787","14","0","39","6","2","0","87","0","0","10","0","0","0","4","0","28","232","0","4","0","17","94","0","5","18","150","35","8","24","98","0","4","0","0","0","48","9"
"*05nt6*","Eberechi Eze","CRY","M","43","FA","@CHE Sun 1:00PM","9,500","212.12","7.86","100","11.3","100%","27","2,051","11","0","54","5","0","0","77","0","0","3","0","0","0","2","1","11","265","35","11","0","4","117","2","2","19","164","12","7","5","135","1","3","0","1","0","28","8"
"*04yey*","Max Kilman","WHU","D","44","FA","@SUN Sat 2:00PM","8,400","210.93","5.55","64","126.2","71%","38","3,420","2","0","17","0","0","0","7","4","0","7","0","0","0","1","1","2","181","1","39","3","179","28","3","37","58","161","89","4","1","177","0","0","0","0","0","65","5"
"*03dx3*","Kieran Trippier","NEW","D","45","FA","@AVL Sat 11:30AM","7,000","210.55","7.52","39","152.2","42%","28","2,234","1","0","65","10","2","1","20","1","2","5","0","0","0","0","0","3","349","69","24","0","47","37","10","8","35","125","31","13","0","162","0","2","0","0","0","43","6"
"*0414o*","James Maddison","TOT","M","46","FA","BUR Sat 2:00PM","9,000","208.51","7.45","100","56.2","100%","28","2,129","4","1","67","11","0","0","35","1","0","5","0","0","0","1","0","2","546","23","13","0","8","106","2","3","22","142","3","11","4","60","0","2","0","0","0","31","7"
"*02lp9*","Kyle Walker","BUR","D","47","FA","@TOT Sat 2:00PM","3,700","207.96","6.5","15","260.1","12%","32","2,762","0","0","25","5","0","1","24","1","0","2","0","0","0","1","0","7","579","19","27","0","35","39","5","6","30","102","26","7","0","152","0","2","0","0","0","29","10"
"*05uoc*","Cristian Romero","TOT","D","48","FA","BUR Sat 2:00PM","6,400","206.75","6.27","90","105.3","93%","33","2,790","5","0","7","0","2","3","12","1","0","7","0","1","0","1","2","1","315","0","44","1","100","29","6","22","62","182","90","1","6","189","0","0","0","0","1","42","7"
"*04spw*","James Garner","EVE","M","49","FA","@LEE Mon 7:00PM","5,500","206.4","5.58","5","375.6","5%","37","2,998","1","0","44","2","4","0","33","0","1","7","0","0","0","2","0","3","303","25","45","0","45","63","2","14","58","169","25","7","1","172","0","3","0","0","0","47","11"
"*05gcp*","Tomas Soucek","WHU","M","50","FA","@SUN Sat 2:00PM","7,900","203.64","5.5","57","142.1","61%","37","2,864","7","0","20","2","1","0","20","0","0","7","0","0","0","3","1","10","162","2","37","2","107","28","2","28","63","189","108","4","11","151","0","3","0","0","0","64","5"
"*02lsa*","Dan Burn","NEW","D","51","FA","@AVL Sat 11:30AM","9,200","203.02","6.15","96","100","97%","33","2,724","2","0","10","2","0","0","15","1","0","4","0","0","0","0","1","4","123","4","37","3","119","15","5","25","58","177","103","3","4","124","0","1","0","0","0","45","8"
"*05ylx*","Dejan Kulusevski","TOT","M","52","FA","BUR Sat 2:00PM","7,800","202.13","5.61","93","69.3","96%","36","2,749","8","0","66","3","1","0","86","1","0","7","0","0","0","2","1","10","485","22","18","0","1","83","1","1","34","152","7","14","4","133","0","5","0","0","0","46","8"
"*03jly*","Andreas Pereira","FUL","M","53","FA","@BHA Sat 2:00PM","6,200","202.11","5.46","30","149.2","34%","37","2,606","3","1","84","9","3","0","49","0","0","6","0","0","0","1","0","3","343","67","4","0","11","46","1","2","14","84","14","9","3","99","0","3","0","0","0","40","14"
"*0646f*","Alexander Isak","NEW","F","54","FA","@AVL Sat 11:30AM","10,300","201.75","6.73","100","6.4","100%","30","2,248","21","0","27","4","1","0","49","0","0","1","0","0","0","1","0","17","178","0","6","0","12","57","1","1","1","72","10","5","21","38","0","3","1","1","0","41","7"
"*060wh*","Alejandro Garnacho","MUN","M","55","FA","ARS Sun 3:30PM","6,300","201.22","5.59","40","166.8","31%","36","2,550","7","0","46","7","0","0","69","0","0","4","0","0","0","2","0","15","289","7","18","0","12","102","6","2","17","130","7","6","7","106","0","6","0","2","0","39","8"
"*05rb8*","Moises Caicedo","CHE","M","56","FA","CRY Sun 1:00PM","9,500","200.83","5.74","62","111.3","76%","35","2,860","1","0","23","3","0","0","36","3","1","11","0","0","0","0","1","0","401","0","37","1","33","75","11","25","71","196","31","4","0","200","0","2","0","0","0","50","7"
"*06ex4*","Josko Gvardiol","MCI","D","57","FA","@WOL Sat 4:30PM","10,000","200.5","7.16","100","56.5","100%","28","2,323","4","0","18","2","0","0","23","2","1","3","0","0","0","0","0","2","443","4","27","0","26","48","11","12","45","134","31","2","4","150","0","2","0","1","0","23","9"
"*06fup*","Jeremy Doku","MCI","M","58","FA","@WOL Sat 4:30PM","7,600","198.99","6.86","100","46.2","98%","29","1,572","3","0","45","10","2","0","52","0","0","3","0","0","0","0","0","5","405","12","9","0","2","120","3","0","22","161","2","5","1","75","0","11","0","2","0","19","1"
"*05uor*","Yoane Wissa","BRF","F","59","FA","@NOT Sun 1:00PM","9,200","197.07","5.8","100","29.6","100%","34","2,483","12","0","30","4","2","0","58","0","0","7","0","0","0","1","0","20","152","5","9","0","13","71","2","3","19","137","38","7","12","99","0","5","0","1","0","40","11"
"*061ya*","Brennan Johnson","TOT","F","60","FA","BUR Sat 2:00PM","7,800","194.17","5.55","100","82.2","98%","35","2,305","5","0","46","12","2","0","39","1","0","3","0","0","0","1","0","13","269","17","10","0","9","63","3","2","18","99","6","12","17","86","0","9","0","0","0","42","5"
"*05g2o*","Joao Pedro","CHE","F","61","FA","CRY Sun 1:00PM","7,900","193.53","6.24","100","24.2","100%","31","2,025","9","0","38","3","1","0","83","0","0","2","0","0","0","0","0","11","306","10","11","0","25","103","3","2","16","175","41","9","9","65","0","12","1","2","0","38","5"
"*04mqv*","Emerson","WHU","D","63","FA","@SUN Sat 2:00PM","5,800","191.85","5.33","0","-","2%","36","3,136","1","0","25","4","1","1","36","0","0","10","0","0","0","0","1","1","296","10","43","2","88","57","8","15","83","188","25","2","2","142","0","1","0","2","1","67","5"
"*063e7*","Marcos Senesi","BOU","D","64","FA","@LIV Fri 7:00PM","5,500","191.72","6.18","48","146.9","51%","31","2,234","4","0","22","5","1","2","19","1","0","13","0","0","0","1","0","0","208","11","35","0","105","22","4","23","55","114","41","2","0","164","0","5","0","0","0","44","6"
"*05tre*","Vitaly Janelt","BRF","M","66","FA","@NOT Sun 1:00PM","5,800","191.28","5.03","0","-","2%","38","3,048","1","0","37","4","1","0","27","2","1","8","0","0","0","2","0","3","289","20","36","1","57","36","7","9","47","133","34","5","2","189","0","1","0","1","0","52","9"
"*068yi*","Illia Zabarnyi","BOU","D","67","FA","@LIV Fri 7:00PM","8,400","190.66","5.15","14","254.1","15%","37","3,330","1","0","7","0","0","1","15","3","1","5","0","0","0","0","0","0","157","0","33","0","138","33","5","34","66","167","77","0","2","153","0","0","0","0","0","67","8"
"*061x2*","Darwin Nunez","LIV","F","68","FA","BOU Fri 7:00PM","4,900","189.68","5.27","24","179.5","20%","36","2,020","11","0","33","11","7","0","53","0","0","9","0","0","0","1","0","33","206","3","3","0","9","30","0","6","18","86","34","11","27","56","0","14","1","1","0","25","6"
"*043qy*","Lewis Cook","BOU","M","69","FA","@LIV Fri 7:00PM","7,800","188.83","5.72","55","129.7","67%","33","2,786","0","1","46","3","0","1","35","0","1","5","0","1","0","1","0","2","272","34","65","0","43","37","3","11","52","140","42","3","0","228","0","1","0","0","0","50","8"
"*06cmm*","Dominik Szoboszlai","LIV","M","70","FA","BOU Fri 7:00PM","8,400","188.69","5.72","100","67.7","100%","33","2,090","3","0","56","4","0","0","27","1","0","1","0","0","0","0","0","3","428","28","15","0","13","53","3","2","21","97","14","7","2","171","0","8","0","2","0","23","8"
"*05ogb*","Anthony Elanga","NEW","F","71","FA","@AVL Sat 11:30AM","8,000","185.25","5.15","100","38.4","100%","36","2,415","5","1","32","9","2","0","67","0","1","1","0","0","0","0","0","19","200","7","8","0","16","54","4","2","21","104","18","14","10","96","0","11","0","0","0","47","2"
"*05ybq*","Vitalii Mykolenko","EVE","D","73","FA","@LEE Mon 7:00PM","9,200","184.37","6.58","100","84.9","98%","28","2,469","2","0","13","1","2","0","39","0","0","1","0","0","0","0","0","1","158","13","36","1","82","27","10","11","49","126","30","2","1","142","0","0","0","0","0","37","9"
"*052h5*","Gabriel Martinelli","ARS","M","74","FA","@MUN Sun 3:30PM","7,500","184.33","5.27","100","62.7","99%","35","1,999","6","0","46","5","1","0","54","1","0","1","0","0","0","1","0","9","385","28","5","0","7","64","2","1","25","109","17","7","5","95","0","11","0","0","0","23","10"
"*068y0*","Antoine Semenyo","BOU","F","75","FA","@LIV Fri 7:00PM","10,400","183.92","5.57","100","15","99%","33","2,089","8","0","29","4","1","0","58","0","0","6","0","0","0","1","0","3","193","8","6","0","20","74","1","2","19","150","52","6","5","111","0","8","0","1","0","33","8"
"*0649j*","Manuel Akanji","MCI","D","76","FA","@WOL Sat 4:30PM","6,100","183.43","6.11","7","349.3","8%","30","2,510","2","0","13","0","0","1","14","3","0","2","1","1","0","0","0","0","481","2","23","0","61","21","9","12","40","90","28","0","2","142","0","2","0","0","0","23","11"
"*05trb*","Bryan Mbeumo","MUN","F","77","FA","ARS Sun 3:30PM","12,600","183.12","7.32","100","11","100%","25","1,952","9","0","32","7","2","0","67","0","0","2","0","0","0","1","0","3","251","29","7","0","12","68","1","2","12","106","23","6","9","93","0","3","0","0","0","31","5"
"*02lkp*","Raheem Sterling","CHE","F","78","FA","CRY Sun 1:00PM","3,000","182.87","5.9","8","319.1","6%","31","1,959","8","0","30","8","2","0","54","1","0","7","0","0","0","3","0","10","263","10","13","0","8","86","1","0","10","109","2","7","11","92","1","9","0","3","0","38","5"
"*05o4c*","Timothy Castagne","FUL","D","79","FA","@BHA Sat 2:00PM","6,000","181.02","5.32","0","-","2%","34","2,625","1","0","18","3","1","0","25","1","0","3","0","0","0","0","0","3","214","10","38","0","57","27","12","10","34","111","35","1","1","119","0","5","0","0","0","40","9"
"*067yv*","Cody Gakpo","LIV","F","80","FA","BOU Fri 7:00PM","7,700","179.1","5.12","100","57.8","99%","35","1,615","8","0","25","5","0","0","44","0","0","1","0","0","0","0","0","8","210","6","14","0","7","69","0","4","21","128","32","5","6","81","0","18","0","0","0","20","5"
"*05gcs*","Sander Berge","FUL","M","81","FA","@BHA Sat 2:00PM","5,100","177.7","4.8","2","537.1","2%","37","2,997","1","0","29","2","0","1","23","0","2","8","1","1","0","1","0","2","367","1","23","0","58","39","2","20","67","179","65","5","2","202","0","3","0","0","0","69","2"
"*05tr1*","Ethan Pinnock","BRF","D","82","FA","@NOT Sun 1:00PM","6,600","176.73","6.09","14","237.3","13%","29","2,521","2","0","4","0","0","0","11","2","1","1","0","0","0","0","0","0","107","0","43","0","167","17","3","24","47","165","114","1","3","131","0","1","0","0","0","46","5"
"*05os4*","Rayan Ait-Nouri","MCI","D","83","FA","@WOL Sat 4:30PM","8,900","176.66","5.35","100","44.1","100%","33","2,324","2","0","25","3","0","0","51","0","0","7","0","0","0","0","1","8","231","8","15","1","31","115","7","6","50","206","20","3","5","136","0","4","0","1","0","43","3"
"*05yg5*","Toti","WOL","D","84","FA","MCI Sat 4:30PM","7,800","176.53","5.04","8","333.4","9%","35","2,765","1","0","6","4","0","0","17","2","0","7","0","0","0","1","0","2","156","1","26","3","87","36","6","19","44","136","56","2","3","136","0","4","0","0","0","49","4"
"*05u1m*","Nathan Collins","BRF","D","85","FA","@NOT Sun 1:00PM","10,600","176.45","5.51","99","73.3","98%","32","2,644","1","0","11","1","0","1","22","0","4","3","0","0","0","0","0","3","139","1","44","0","129","34","12","30","50","145","73","5","3","136","0","3","0","0","0","51","7"
"*052ca*","Ezri Konsa","AVL","D","86","FA","NEW Sat 11:30AM","7,900","175.97","5.03","11","284.1","12%","35","3,068","1","0","8","1","0","3","26","1","2","5","0","0","0","2","1","0","232","4","28","0","68","83","5","20","52","167","30","1","3","142","0","0","0","1","0","54","7"
"*05tr8*","Christian Norgaard","ARS","M","87","FA","@MUN Sun 3:30PM","8,600","175.61","5.66","41","153","41%","31","2,502","2","0","24","1","0","0","21","0","0","8","0","0","0","2","0","1","284","6","54","0","49","38","1","6","56","159","41","6","3","216","0","1","0","0","0","51","6"
"*04e1c*","Lewis Dunk","BHA","D","88","FA","FUL Sat 2:00PM","5,500","175.07","5.31","5","397.6","4%","33","2,869","3","0","13","1","1","0","9","0","1","7","0","1","0","1","1","1","293","1","31","3","88","17","2","37","51","101","57","1","1","180","0","0","0","0","0","52","5"
"*0639x*","Marcus Tavernier","BOU","M","89","FA","@LIV Fri 7:00PM","8,100","174.95","5.83","99","69.3","94%","30","2,108","3","1","44","4","1","0","53","0","0","3","0","0","0","0","0","3","288","24","5","0","19","66","4","3","37","132","13","7","3","142","0","5","0","0","0","38","8"
"*068yd*","Joao Gomes","WOL","M","90","FA","MCI Sat 4:30PM","7,100","174.4","5.13","18","199.2","19%","34","2,643","2","0","20","2","0","0","42","2","0","11","0","0","0","2","2","1","223","12","18","1","29","64","0","8","83","210","18","2","0","183","0","2","0","0","0","51","4"
"*05ojg*","Nelson Semedo","WOL","D","91","FA","MCI Sat 4:30PM","7,800","171.92","4.78","25","150.2","18%","36","3,083","0","0","24","2","0","0","56","1","0","11","0","1","0","0","2","1","297","13","36","0","78","81","7","8","56","182","22","2","2","188","0","0","0","0","0","60","5"
"*06fwz*","Murillo","NOT","D","92","FA","BRF Sun 1:00PM","10,000","169.95","5.31","93","88.2","98%","32","2,790","0","0","7","2","1","3","20","0","0","5","0","0","0","1","0","0","130","1","37","3","185","27","3","24","55","115","38","2","2","146","0","0","0","0","1","56","3"
"*05omu*","Ruben Dias","MCI","D","93","FA","@WOL Sat 4:30PM","7,200","168.35","5.61","33","126.6","47%","30","2,555","0","0","7","0","0","0","10","0","0","0","0","0","0","1","1","0","400","4","30","2","75","15","2","17","37","101","47","1","3","108","0","2","0","0","1","28","9"
"*063y7*","Destiny Udogie","TOT","D","94","FA","BUR Sat 2:00PM","5,600","168.16","6.01","34","142","48%","28","2,391","2","0","24","3","0","1","49","2","3","5","1","1","0","0","0","3","373","1","37","0","67","60","13","8","41","150","22","3","3","169","0","0","0","0","0","40","5"
"*04ug0*","Sean Longstaff","LEE","M","95","FA","EVE Mon 7:00PM","3,600","167.95","4.8","4","364.9","5%","35","2,736","6","0","20","3","0","1","34","0","0","7","0","0","0","1","0","2","266","8","17","0","22","45","1","7","37","117","19","5","7","120","0","5","0","0","0","50","10"
"*0520r*","Leandro Trossard","ARS","M","96","FA","@MUN Sun 3:30PM","8,500","167.36","4.92","73","120.5","84%","34","1,617","12","0","24","2","0","0","47","0","0","2","0","0","0","0","0","9","209","10","8","0","5","45","1","1","17","77","6","3","7","88","0","16","0","1","0","10","12"
"*04mi4*","Callum Hudson-Odoi","NOT","F","97","FA","BRF Sun 1:00PM","6,600","166.95","5.76","100","90.8","98%","29","1,835","8","0","36","2","1","0","34","1","0","0","0","0","0","0","0","9","265","11","7","0","11","73","1","1","9","93","2","4","2","98","0","9","0","1","0","41","2"
"*043c1*","Oleksandr Zinchenko","ARS","D","98","FA","@MUN Sun 3:30PM","4,400","165.43","6.13","0","1173.4","2%","27","1,705","1","1","29","2","0","0","10","1","1","2","0","0","0","0","0","1","441","5","20","1","22","16","4","3","33","93","27","5","0","104","0","7","0","0","0","15","9"
"*05tr9*","Mathias Jensen","BRF","M","99","FA","@NOT Sun 1:00PM","4,500","164.54","5.14","0","-","2%","32","2,190","3","0","41","4","0","1","31","1","0","5","0","0","0","1","0","2","253","43","23","0","24","37","1","6","38","96","6","9","0","123","1","5","0","1","0","45","9"
"*02m5b*","Chris Wood","NOT","F","100","FA","BRF Sun 1:00PM","9,000","164.52","5.31","100","67.2","99%","31","1,790","14","0","22","1","2","0","50","0","0","0","0","0","0","0","1","7","84","0","1","0","26","19","0","3","7","98","73","3","12","46","0","11","0","0","0","34","2"
"*04tm0*","Lucas Digne","AVL","D","102","FA","NEW Sat 11:30AM","7,700","162.41","4.92","66","135.4","62%","33","2,395","1","0","38","4","0","0","16","0","0","7","0","0","0","2","0","3","222","36","26","0","61","40","6","2","21","129","42","5","0","101","0","6","0","0","0","41","6"
"*038ze*","Alex Iwobi","FUL","M","104","FA","@BHA Sat 2:00PM","8,900","161.14","5.04","100","33.4","100%","32","2,322","5","0","53","2","1","0","53","0","0","2","0","0","0","1","0","8","350","13","15","0","6","45","3","0","18","82","6","5","2","150","0","5","0","0","0","41","7"
"*05w91*","Hwang Hee-Chan","WOL","F","105","FA","MCI Sat 4:30PM","3,500","160.14","5.52","3","383.3","4%","29","2,112","12","0","17","3","1","0","55","0","0","6","0","0","0","2","1","15","145","2","10","0","8","68","1","1","11","95","7","4","8","75","0","4","0","1","0","37","3"
"*02y6o*","Nathan Ake","MCI","D","107","FA","@WOL Sat 4:30PM","4,900","159.95","5.52","3","394.7","4%","29","2,036","2","0","10","3","0","0","8","0","0","0","0","0","0","1","0","0","316","1","14","0","52","23","2","2","18","95","47","3","2","119","0","5","0","0","0","20","6"
"*0626q*","Simon Adingra","SUN","M","108","FA","WHU Sat 2:00PM","4,000","159.6","5.15","95","93.4","94%","31","2,213","6","0","33","1","1","0","48","0","0","3","0","0","0","1","0","17","238","14","19","0","22","69","0","1","21","122","8","6","4","118","0","6","0","1","0","38","4"
"*04xjr*","Harvey Elliott","LIV","M","109","FA","BOU Fri 7:00PM","3,300","159.28","4.68","29","153.8","38%","34","1,308","3","0","37","9","1","0","15","0","0","2","0","0","0","1","0","1","299","22","6","0","6","22","1","0","17","58","9","5","1","78","0","23","0","1","0","13","4"
"*04tzt*","Jefferson Lerma","CRY","M","110","FA","@CHE Sun 1:00PM","6,200","158.91","5.68","2","462.1","3%","28","2,397","1","0","24","1","2","2","26","0","0","8","0","0","0","1","0","4","254","3","36","0","64","36","8","12","37","147","69","3","2","174","0","1","0","0","0","46","5"
"*0642l*","Casemiro","MUN","M","111","FA","ARS Sun 3:30PM","6,600","158.37","6.33","6","348.3","5%","25","1,980","1","0","16","3","0","2","15","0","1","7","0","0","0","0","1","6","229","3","18","2","66","19","5","33","89","144","42","2","4","133","0","1","0","0","0","34","5"
"*063hu*","Amadou Onana","AVL","M","112","FA","NEW Sat 11:30AM","6,000","156.11","5.2","7","332.3","6%","30","2,079","2","0","18","0","0","0","20","0","0","5","0","0","0","1","1","1","246","1","21","0","30","57","1","6","44","180","53","4","1","160","0","7","0","0","0","38","5"
"*04spq*","Jack Harrison","LEE","M","113","FA","EVE Mon 7:00PM","5,900","156.04","5.38","17","251.2","16%","29","2,210","3","0","28","3","0","1","68","0","0","1","0","0","0","0","0","1","183","14","12","0","21","59","3","5","27","106","12","5","3","129","0","4","0","0","0","26","11"
"*03r93*","Joseph Gomez","LIV","D","114","FA","BOU Fri 7:00PM","4,100","155.93","4.87","0","-","1%","32","1,761","0","0","22","2","0","0","25","2","0","5","0","0","0","0","0","0","222","7","19","0","45","31","5","4","35","109","31","2","0","111","0","15","0","0","0","19","7"
"*03gu5*","Andrew Robertson","LIV","D","115","FA","BOU Fri 7:00PM","6,700","155.89","6.78","21","193.7","19%","23","1,682","3","3","62","2","0","0","18","0","0","2","0","0","0","1","0","3","300","56","13","1","34","10","6","6","30","59","14","10","0","104","0","5","0","0","0","22","3"
"*06ezb*","Micky van de Ven","TOT","D","116","FA","BUR Sat 2:00PM","4,900","155.57","5.76","24","129.6","28%","27","2,339","3","0","1","0","0","4","15","1","0","5","0","0","0","0","1","1","168","0","18","1","71","32","7","15","50","119","38","0","0","144","0","0","0","0","0","38","5"
"*03rxs*","Harry Wilson","FUL","M","117","FA","@BHA Sat 2:00PM","5,700","155.51","4.44","88","105.6","87%","35","1,587","4","1","22","7","2","0","32","0","0","6","0","0","0","0","0","5","179","12","10","0","11","55","1","3","17","81","5","5","2","78","0","19","0","1","0","30","5"
"*06crm*","Pau Torres","AVL","D","119","FA","NEW Sat 11:30AM","5,200","152.48","5.26","6","375.5","6%","29","2,460","2","0","8","0","0","0","9","0","0","1","0","0","0","2","0","2","221","3","14","2","74","27","1","12","30","79","23","1","3","127","0","2","0","0","0","37","6"
"*06f81*","Edson Alvarez","WHU","M","120","FA","@SUN Sat 2:00PM","4,700","151.05","4.87","0","-","2%","31","2,373","1","0","12","1","0","0","38","0","0","11","0","0","0","0","1","1","178","1","42","0","70","42","11","20","59","152","30","0","0","164","0","3","0","0","0","45","5"
"*05w7t*","Pape Sarr","TOT","M","122","FA","BUR Sat 2:00PM","5,700","150.15","4.42","3","479.3","4%","34","2,057","3","0","20","3","0","0","37","1","0","9","0","0","0","1","0","0","362","5","31","0","28","36","0","5","29","94","24","2","3","144","0","7","0","0","0","27","9"
"*068ym*","Enzo Fernandez","CHE","M","123","FA","CRY Sun 1:00PM","9,700","150.09","5.36","100","25.1","100%","28","2,204","3","0","32","3","2","0","29","0","0","7","0","0","0","0","1","4","407","9","17","0","26","54","2","13","35","125","21","5","6","122","0","2","1","1","0","47","5"
"*061y6*","Ryan Yates","NOT","M","124","FA","BRF Sun 1:00PM","6,400","149.5","4.27","0","-","1%","35","1,966","1","0","7","1","1","0","24","1","0","6","0","0","0","0","0","2","151","1","21","0","39","61","5","15","54","168","43","2","2","110","0","14","0","0","0","38","1"
"*03hff*","Josh Cullen","BUR","M","125","FA","@TOT Sat 2:00PM","2,900","149.35","5.97","18","220.7","17%","25","2,052","2","0","26","4","0","1","17","1","0","9","0","0","0","1","0","0","317","10","15","1","24","52","2","19","48","113","21","3","0","141","0","2","0","0","0","48","0"
"*05oh0*","Jan-Paul van Hecke","BHA","D","126","FA","FUL Sat 2:00PM","7,900","149.27","5.33","15","235","19%","28","2,367","0","0","10","0","1","1","16","3","1","4","0","0","0","0","1","0","246","1","30","0","74","22","2","27","53","135","66","0","2","130","0","2","0","0","0","38","5"
"*06ew2*","Axel Disasi","CHE","D","127","FA","CRY Sun 1:00PM","4,400","149.03","4.81","0","-","1%","31","2,578","2","0","3","0","0","1","16","2","0","6","0","0","0","1","0","4","204","1","18","0","97","29","5","19","38","134","73","0","2","150","0","2","0","0","1","50","5"
"*04io4*","Richarlison","TOT","F","128","FA","BUR Sat 2:00PM","4,000","148.59","5.31","3","482.9","4%","28","1,471","11","1","15","4","0","0","53","0","0","3","0","0","0","0","0","12","109","1","8","0","23","40","0","6","17","81","26","3","7","42","0","10","0","0","0","18","7"
"*04yo7*","Youri Tielemans","AVL","M","129","FA","NEW Sat 11:30AM","9,700","147.61","4.61","100","49","100%","32","1,597","2","0","18","6","2","0","17","0","0","3","0","0","0","1","0","0","244","2","15","0","8","44","1","3","23","98","13","5","1","97","0","15","0","0","0","27","4"
"*03rxa*","Idrissa Gueye","EVE","M","130","FA","@LEE Mon 7:00PM","8,200","146.83","5.87","9","315.9","11%","25","1,883","4","0","15","0","0","0","17","0","0","8","0","0","0","1","0","0","189","1","28","0","16","42","0","7","51","128","15","1","0","174","1","1","0","0","0","25","7"
"*06clz*","Malo Gusto","CHE","D","131","FA","CRY Sun 1:00PM","5,500","145.96","5.41","31","148.2","43%","27","1,738","0","0","32","6","0","0","32","1","0","7","0","1","0","1","1","6","280","17","17","0","37","47","6","4","31","110","8","8","3","126","0","8","0","0","0","27","5"
"*0328q*","Tom Cairney","FUL","M","132","FA","@BHA Sat 2:00PM","3,500","145.33","4.27","2","543.1","1%","34","1,449","1","0","26","6","1","0","29","0","0","3","0","0","0","2","0","0","365","5","13","0","6","49","0","4","20","87","14","5","0","105","0","20","0","1","1","27","4"
"*06fhy*","Wilson Odobert","TOT","F","134","FA","BUR Sat 2:00PM","3,100","142.32","4.91","11","316.8","13%","29","2,091","3","0","31","4","0","0","48","0","0","3","0","0","0","0","0","1","210","11","6","0","12","72","2","2","15","97","8","7","2","94","0","4","0","0","0","48","2"
"*068a1*","Mykhailo Mudryk","CHE","M","135","FA","CRY Sun 1:00PM","2,200","141.15","4.55","0","-","1%","31","1,552","5","0","32","5","1","0","54","0","0","5","0","0","0","0","0","1","172","15","9","0","6","66","3","1","13","94","7","6","4","50","0","13","0","2","0","28","7"
"*02lp5*","Adam Smith","BOU","D","136","FA","@LIV Fri 7:00PM","5,100","141.02","5.04","0","-","1%","28","2,144","0","0","17","3","0","0","14","0","0","6","0","0","0","2","2","1","158","18","21","1","49","26","13","11","34","81","19","2","0","92","0","3","0","0","0","33","8"
"*061vn*","Rodrigo Muniz","FUL","F","137","FA","@BHA Sat 2:00PM","5,300","140.54","5.41","46","151.6","44%","26","1,580","9","0","18","2","2","0","54","0","0","1","0","0","0","1","0","4","53","0","6","0","20","39","0","3","6","120","75","2","4","34","0","8","0","0","0","27","6"
"*06exb*","Rasmus Hojlund","MUN","F","138","FA","ARS Sun 3:30PM","4,200","140.07","4.67","14","272.3","17%","30","2,147","10","0","28","2","0","0","50","0","0","2","0","0","0","1","1","15","121","1","1","0","19","48","0","1","8","84","25","0","13","60","0","5","0","0","0","35","6"
"*056iy*","Pedro Neto","CHE","F","139","FA","CRY Sun 1:00PM","6,900","139.88","6.99","100","32.6","100%","20","1,512","2","0","38","11","1","0","44","0","0","4","0","0","0","0","0","2","198","33","5","0","2","58","0","1","4","69","4","7","2","79","0","2","0","1","0","27","3"
"*050jq*","Marc Guehi","CRY","D","140","FA","@CHE Sun 1:00PM","9,100","139.24","5.57","77","120.3","82%","25","2,016","0","1","7","1","0","0","9","0","1","2","0","0","0","0","0","0","134","0","18","0","88","33","1","17","36","90","29","1","0","120","0","2","0","0","0","32","6"
"*05o8o*","Jayden Bogle","LEE","D","141","FA","EVE Mon 7:00PM","4,900","138.37","4.07","43","142.7","47%","34","2,783","3","0","10","3","0","1","51","0","0","9","0","0","0","1","0","4","132","10","32","0","86","47","11","11","47","163","50","0","1","139","0","2","0","0","1","79","3"
"*045c8*","Gabriel Jesus","ARS","F","143","FA","@MUN Sun 3:30PM","4,500","137.55","5.09","0","-","2%","27","1,460","4","0","29","7","2","0","61","0","0","6","0","0","0","2","0","16","205","1","13","0","11","67","1","1","18","106","15","6","7","59","0","10","0","1","0","11","11"
"*0554g*","Calvin Bassey","FUL","D","144","FA","@BHA Sat 2:00PM","6,900","136.69","4.71","7","340","4%","29","2,297","1","0","1","0","1","1","12","3","1","4","1","1","0","1","1","2","95","0","28","0","80","22","4","11","40","101","30","0","0","171","0","4","0","0","0","42","6"
"*062p5*","Levi Colwill","CHE","D","145","FA","CRY Sun 1:00PM","8,600","136.67","5.94","43","133.4","60%","23","1,791","1","0","7","1","0","1","22","0","0","2","0","0","0","0","0","4","145","0","26","0","64","23","2","10","40","114","44","3","0","96","0","3","0","0","0","26","5"
"*05tr5*","Mads Roerslev","BRF","D","146","FA","@NOT Sun 1:00PM","4,700","136.44","4.01","0","-","1%","34","1,963","1","0","15","2","0","1","23","0","0","1","0","0","0","0","0","3","101","24","19","0","61","26","10","3","34","88","15","3","1","82","0","12","0","0","0","40","5"
"*03gu4*","Harry Maguire","MUN","D","147","FA","ARS Sun 3:30PM","5,800","135.57","6.16","25","149.1","18%","22","1,647","2","0","6","4","0","0","9","1","0","4","0","0","0","1","0","6","116","1","25","0","83","10","0","24","41","103","69","2","2","78","0","4","0","1","0","29","4"
"*06dn2*","Zeki Amdouni","BUR","F","148","FA","@TOT Sat 2:00PM","2,000","133.26","3.92","0","-","0%","34","1,942","5","0","16","1","1","0","67","0","0","2","0","0","0","1","0","2","144","1","9","0","10","68","0","10","28","110","16","2","6","79","0","7","0","1","0","41","5"
"*05o4b*","Matty Cash","AVL","D","149","FA","NEW Sat 11:30AM","6,600","133.14","4.59","11","317.3","10%","29","2,131","2","0","13","2","0","0","21","0","0","8","0","0","0","2","1","0","204","9","18","1","52","34","7","14","45","103","15","6","4","110","0","6","0","0","1","36","3"
"*06clt*","Justin Kluivert","BOU","M","150","FA","@LIV Fri 7:00PM","8,200","132.31","4.13","100","46.7","100%","32","1,902","7","0","21","1","1","0","50","0","0","5","0","0","0","2","0","5","144","6","8","0","10","52","1","1","15","92","12","1","7","88","0","6","0","0","0","23","11"
"*04f6o*","Will Hughes","CRY","M","151","FA","@CHE Sun 1:00PM","6,000","130.8","4.36","3","512.7","2%","30","1,878","0","0","21","2","0","0","22","0","0","6","0","0","0","1","0","1","183","10","22","0","20","39","5","14","47","112","12","2","0","121","0","7","0","0","0","38","8"
"*05uel*","Kristoffer Ajer","BRF","D","152","FA","@NOT Sun 1:00PM","4,600","130.08","4.65","0","-","1%","28","1,821","2","0","12","1","0","0","16","0","1","5","0","0","0","0","0","1","107","5","25","0","78","20","1","11","32","121","65","5","0","60","0","7","0","0","0","33","5"
"*05u7f*","Ibrahima Konate","LIV","D","153","FA","BOU Fri 7:00PM","8,700","129.56","5.89","94","104.1","98%","22","1,563","0","0","8","0","0","1","8","0","1","3","1","1","0","0","0","0","180","0","20","0","51","19","0","12","34","132","77","1","0","97","0","5","0","0","0","18","6"
"*0635j*","Chris Richards","CRY","D","155","FA","@CHE Sun 1:00PM","6,600","127.53","4.91","49","140.8","58%","26","2,088","1","0","6","1","0","0","7","0","0","3","0","0","0","0","1","1","74","0","27","0","106","8","3","12","40","115","62","1","0","88","0","3","0","0","0","38","4"
"*03am7*","Jacob Murphy","NEW","M","156","FA","@AVL Sat 11:30AM","9,100","126.69","6.03","100","83.3","97%","21","1,178","3","0","31","8","0","0","19","0","0","1","0","0","0","0","0","1","151","17","6","0","13","28","3","0","10","52","4","10","3","66","0","7","0","0","0","21","5"
"*0666p*","Kobbie Mainoo","MUN","M","157","FA","ARS Sun 3:30PM","4,600","126.31","5.26","8","371.5","10%","24","1,923","3","0","15","1","0","0","29","0","1","3","0","0","0","2","0","0","180","1","22","0","27","54","3","12","39","120","19","0","0","96","0","0","0","0","0","31","7"
"*05a6e*","Neco Williams","NOT","D","158","FA","BRF Sun 1:00PM","8,900","125.87","4.84","87","99.9","96%","26","1,623","0","0","11","1","1","0","38","0","0","4","0","0","0","3","0","4","122","12","22","1","43","49","10","13","53","149","31","1","0","107","0","8","0","0","0","33","1"
"*04qr0*","Willy Boly","NOT","D","159","FA","BRF Sun 1:00PM","2,500","124.65","6.23","0","-","1%","20","1,435","2","0","9","1","0","0","4","0","0","1","1","1","0","0","0","1","45","0","25","1","86","5","4","21","50","108","57","4","2","86","0","2","0","0","0","23","3"
"*04sft*","Yves Bissouma","TOT","M","160","FA","BUR Sat 2:00PM","4,100","122.84","4.39","0","-","2%","28","2,063","0","0","11","0","0","0","33","2","1","9","1","2","0","0","0","0","446","0","37","0","42","58","1","5","57","152","14","0","1","128","0","2","0","0","0","35","7"
"*062ci*","Kaoru Mitoma","BHA","M","161","FA","FUL Sat 2:00PM","8,300","122.7","6.46","100","29.5","100%","19","1,484","3","0","25","7","0","0","38","0","0","4","0","0","0","1","0","7","269","5","5","0","11","62","1","1","7","86","11","6","6","68","0","4","0","0","0","27","1"
"*05w9q*","Odsonne Edouard","CRY","F","162","FA","@CHE Sun 1:00PM","2,000","120.27","4.01","0","-","1%","30","1,530","7","0","18","0","3","0","55","0","0","4","0","0","0","1","0","9","124","2","6","0","18","41","1","1","13","95","32","1","6","38","0","13","0","0","0","24","6"
"*05uhs*","James Mcatee","MCI","M","163","FA","@WOL Sat 4:30PM","2,600","119.69","3.86","4","386.1","10%","31","1,809","3","0","28","4","0","0","49","0","0","2","0","0","0","2","0","1","157","9","11","0","15","62","3","0","21","104","12","4","2","96","0","11","0","0","0","66","2"
"*06fy7*","Nicolas Dominguez","NOT","M","164","FA","BRF Sun 1:00PM","5,400","118.79","4.57","0","-","1%","26","1,483","2","0","10","2","0","0","21","0","0","4","0","0","0","0","0","2","191","2","18","0","23","23","1","5","39","107","21","2","1","108","0","7","0","0","0","27","6"
"*06fso*","Wataru Endo","LIV","M","165","FA","BOU Fri 7:00PM","2,500","117.94","4.07","0","-","1%","29","1,703","1","0","16","0","1","0","27","3","0","10","0","0","0","0","0","0","226","2","20","0","30","35","1","2","30","114","31","2","0","108","0","9","0","0","0","16","6"
"*05mxa*","Joel Veltman","BHA","D","166","FA","FUL Sat 2:00PM","6,400","117.65","4.36","0","-","1%","27","1,570","1","0","4","1","0","0","21","0","1","4","0","0","0","0","0","1","145","0","18","0","52","43","5","7","48","125","29","1","0","76","0","10","0","0","0","32","3"
"*068lx*","Dango Ouattara","BOU","M","167","FA","@LIV Fri 7:00PM","8,000","117.3","3.91","98","89.8","94%","30","1,198","1","0","17","2","0","0","23","0","0","3","0","0","0","4","0","4","108","8","22","1","33","38","2","3","30","118","35","1","2","69","0","18","0","0","0","24","5"
"*06jgi*","Daniel Munoz","CRY","D","168","FA","@CHE Sun 1:00PM","10,000","117.27","7.33","100","20","100%","16","1,438","0","0","21","4","0","1","21","0","0","4","0","0","0","1","0","8","152","1","24","0","34","21","13","7","42","102","26","5","2","76","0","0","0","0","0","22","5"
"*06do9*","Milos Kerkez","LIV","D","169","FA","BOU Fri 7:00PM","9,400","116.16","4.15","100","50.8","100%","28","1,961","0","0","12","2","1","0","29","1","1","4","0","1","0","1","0","1","148","11","20","0","56","33","4","11","37","98","18","3","2","93","0","6","0","1","1","37","6"
"*05w9i*","Marc Cucurella","CHE","D","170","FA","CRY Sun 1:00PM","8,500","116.14","5.53","100","76","100%","21","1,781","0","0","19","3","0","0","15","0","0","10","0","0","0","0","1","1","184","5","22","0","33","39","15","13","51","123","25","1","2","96","0","1","0","1","1","33","4"
"*04adp*","Aaron Wan-Bissaka","WHU","D","171","FA","@SUN Sat 2:00PM","9,500","115.61","5.25","100","54.9","99%","22","1,775","0","0","12","2","0","1","20","1","0","4","0","0","0","0","1","0","182","4","41","0","54","26","14","15","40","89","21","1","0","94","0","2","0","0","0","34","3"
"*068n8*","Noni Madueke","ARS","M","172","FA","@MUN Sun 3:30PM","6,900","115.53","5.02","98","81.8","98%","23","1,036","5","0","20","3","1","0","25","0","0","2","0","0","0","0","0","3","192","4","4","0","12","56","2","0","10","79","7","2","0","54","0","10","0","2","0","19","4"
"*02lnx*","Danny Welbeck","BHA","F","173","FA","FUL Sat 2:00PM","6,900","115.12","3.97","64","124.3","77%","29","1,681","5","0","22","4","1","0","46","1","0","4","0","0","0","1","0","9","165","0","9","0","17","29","0","0","17","80","16","3","10","42","0","8","0","2","0","28","8"
"*04f67*","Philip Billing","BOU","M","174","FA","@LIV Fri 7:00PM","2,900","112.7","3.89","0","-","1%","29","1,371","2","0","23","3","0","0","27","0","1","3","0","1","0","0","0","0","136","7","20","1","27","24","1","5","21","93","36","7","1","76","0","16","0","0","0","36","2"
"*04u41*","Mateo Kovacic","MCI","M","175","FA","@WOL Sat 4:30PM","7,700","112.54","3.75","0","-","2%","30","1,528","1","0","21","0","0","0","16","0","0","4","0","0","0","0","0","0","346","0","10","0","10","35","0","1","26","75","4","3","1","72","0","14","0","0","0","14","9"
"*06dwm*","Jacob Bruun Larsen","BUR","F","177","FA","@TOT Sat 2:00PM","2,300","111.78","3.49","0","1153","0%","32","1,221","6","0","25","0","0","0","28","0","0","1","0","0","0","0","0","11","172","23","7","0","21","26","2","2","6","47","12","1","4","64","0","16","0","0","0","23","3"
"*03yeg*","Tosin Adarabioyo","CHE","D","178","FA","CRY Sun 1:00PM","6,600","111.44","5.57","4","431.1","4%","20","1,616","2","0","2","0","1","0","4","0","0","2","0","0","0","0","0","0","59","0","25","0","80","6","0","11","22","83","57","0","1","43","0","2","0","0","0","25","6"
"*0649i*","Antony","MUN","M","179","FA","ARS Sun 3:30PM","2,500","109.52","3.78","0","1125","1%","29","1,298","1","0","22","1","1","0","26","0","0","5","0","0","0","1","1","2","232","4","12","0","8","58","1","1","22","100","2","7","4","96","0","14","0","1","0","26","3"
"*06c4o*","Lyle Foster","BUR","F","180","FA","@TOT Sat 2:00PM","4,900","109.1","4.55","4","458.9","2%","24","1,893","5","0","19","3","0","0","69","0","0","0","0","1","0","1","0","14","138","0","3","0","33","30","1","3","13","99","50","1","6","51","0","2","0","0","0","43","2"
"*04ge9*","Eddie Nketiah","CRY","F","181","FA","@CHE Sun 1:00PM","4,000","107.78","3.99","10","327.6","8%","27","1,051","5","0","9","4","2","0","38","0","0","3","0","0","0","1","0","8","67","0","4","0","4","36","0","0","7","71","24","2","4","24","0","17","0","2","0","10","6"
"*062p3*","Keane Lewis-Potter","BRF","M","182","FA","@NOT Sun 1:00PM","7,400","107.32","3.58","27","166.7","20%","30","1,415","3","0","13","2","2","0","30","0","0","0","0","0","0","0","0","3","129","6","7","0","20","39","3","2","9","71","15","3","12","62","0","15","0","0","0","29","6"
"*03frx*","Ola Aina","NOT","D","183","FA","BRF Sun 1:00PM","8,900","106.94","4.86","50","145.8","56%","22","1,687","1","0","11","1","0","0","24","1","0","3","0","0","0","0","1","2","150","7","18","0","41","52","10","3","34","115","17","0","0","97","0","2","0","0","0","39","2"
"*067yu*","Facundo Buonanotte","BHA","M","184","FA","FUL Sat 2:00PM","6,000","106.23","3.93","10","316.5","10%","27","1,347","3","0","18","1","1","0","42","0","0","7","0","0","0","2","0","3","148","1","8","0","5","59","0","3","25","107","6","3","2","66","0","10","0","0","0","19","6"
"*062cl*","Issa Kabore","MCI","D","185","FA","@WOL Sat 4:30PM","2,000","106.12","4.42","0","-","1%","24","1,723","0","0","16","3","0","0","25","1","1","7","0","0","0","0","0","2","107","14","16","1","46","48","10","11","39","117","18","5","0","102","0","3","0","0","1","39","0"
"*05s08*","Valentino Livramento","NEW","D","187","FA","@AVL Sat 11:30AM","8,300","106.03","4.08","84","102.5","94%","26","1,290","1","0","12","0","0","0","17","1","0","1","0","0","0","0","0","1","171","5","25","1","37","45","4","7","20","80","12","1","1","85","0","14","0","0","0","27","2"
"*04qrc*","Raul Jimenez","FUL","F","188","FA","@BHA Sat 2:00PM","8,100","105.63","4.4","100","74.6","98%","24","1,385","7","0","11","1","1","0","44","0","0","3","0","1","0","0","0","12","96","2","4","0","13","31","0","3","15","93","44","3","4","43","0","6","0","0","0","26","4"
"*03vll*","Michail Antonio","WHU","F","189","FA","@SUN Sat 2:00PM","4,200","105.55","4.06","2","520.1","2%","26","1,688","6","0","8","2","0","0","69","0","0","6","0","0","0","4","0","9","73","2","4","0","4","57","0","3","11","105","33","1","6","55","0","5","0","0","0","34","5"
"*06eka*","Igor Julio","BHA","D","190","FA","FUL Sat 2:00PM","3,800","104.35","4.35","0","-","1%","24","1,626","0","0","7","0","0","0","9","1","0","4","0","0","0","0","0","0","201","0","14","1","45","20","7","9","27","71","26","1","0","105","0","7","0","0","0","26","2"
"*0554i*","Joelinton","NEW","M","191","FA","@AVL Sat 11:30AM","8,200","102","5.1","57","126.2","74%","20","1,270","2","0","23","1","0","0","22","1","0","6","0","0","0","0","0","0","165","0","19","0","10","40","1","7","34","97","18","5","3","85","0","5","0","0","0","23","3"
"*061va*","Boubacar Kamara","AVL","M","192","FA","NEW Sat 11:30AM","6,000","101.94","5.1","7","340.9","5%","20","1,649","0","0","20","1","0","0","19","0","0","7","0","1","0","0","0","0","197","0","21","1","15","43","1","7","36","105","20","1","0","97","0","0","0","0","0","22","7"
"*05ue3*","Albert Sambi Lokonga","ARS","M","193","FA","@MUN Sun 3:30PM","2,000","99.15","5.83","0","-","0%","17","1,300","1","0","9","3","0","0","12","0","0","4","0","0","0","0","0","0","165","1","11","3","14","38","0","13","31","82","16","2","0","64","0","1","0","0","0","31","2"
"*06jgs*","Adam Wharton","CRY","M","194","FA","@CHE Sun 1:00PM","5,200","99.03","6.19","42","145.3","48%","16","1,295","0","0","21","3","0","0","12","0","1","2","0","0","0","1","0","0","131","8","20","0","24","24","0","3","35","79","8","5","0","76","0","1","0","0","0","16","7"
"*02m11*","Matt Doherty","WOL","D","196","FA","MCI Sat 4:30PM","6,700","97.14","3.24","4","449.1","3%","30","1,123","1","0","12","0","0","1","17","0","0","2","0","0","0","2","0","5","111","1","7","0","37","18","10","5","23","87","38","2","1","64","0","21","0","0","0","21","1"
"*05ue7*","Frank Onyeka","BRF","M","197","FA","@NOT Sun 1:00PM","2,000","95.52","3.67","0","-","0%","26","1,135","1","0","12","2","0","0","33","0","0","8","0","0","0","0","0","4","89","5","23","0","17","42","0","7","31","89","10","2","2","73","0","15","0","0","0","27","1"
"*02lm7*","Jack Grealish","MCI","M","198","FA","@WOL Sat 4:30PM","4,400","94.69","4.73","69","131.2","78%","20","990","3","1","26","1","0","0","19","0","0","7","0","0","0","1","0","2","273","4","6","0","4","59","1","2","10","75","4","3","0","42","0","10","0","0","0","13","3"
"*05opj*","Elliot Anderson","NOT","M","199","FA","BRF Sun 1:00PM","9,300","92.46","4.4","96","95.3","97%","21","1,006","0","0","15","2","0","0","28","0","0","3","0","0","0","0","0","1","158","3","8","0","20","40","3","4","22","83","19","2","1","60","0","11","0","0","0","14","5"
"*0620k*","Nayef Aguerd","WHU","D","200","FA","@SUN Sat 2:00PM","2,000","92.4","4.4","0","-","1%","21","1,857","1","0","4","0","0","0","10","2","0","1","1","1","0","0","1","0","97","0","17","1","80","9","5","24","38","83","48","0","2","102","0","0","0","0","0","44","2"
"*04abn*","Harvey Barnes","NEW","M","201","FA","@AVL Sat 11:30AM","6,900","91.99","4.38","82","112.4","89%","21","774","5","0","13","3","0","0","12","0","0","2","0","0","0","1","0","2","97","3","5","0","2","28","1","0","1","38","4","8","2","43","0","14","0","0","0","10","2"
"*063q8*","Mikkel Damsgaard","BRF","M","202","FA","@NOT Sun 1:00PM","9,500","90.92","3.95","100","42.9","98%","23","815","0","1","10","4","0","0","18","1","0","2","0","0","0","0","0","3","124","3","11","0","10","17","0","1","18","58","12","5","1","57","0","16","0","0","0","9","5"
"*068sd*","Jakub Kiwior","ARS","D","203","FA","@MUN Sun 3:30PM","5,300","90.58","4.53","2","516.1","2%","20","941","1","0","6","3","0","0","8","1","0","1","0","0","0","0","0","0","117","3","8","0","24","5","4","3","15","40","16","1","3","35","0","9","0","0","0","8","6"
"*02t1k*","Nathaniel Clyne","CRY","D","204","FA","@CHE Sun 1:00PM","2,400","90.44","4.76","0","-","0%","19","1,329","0","0","3","1","0","0","13","0","0","0","0","0","0","0","0","0","87","2","10","1","28","11","5","6","21","48","13","0","0","50","0","5","0","0","0","16","5"
"*04rzl*","Taiwo Awoniyi","NOT","F","205","FA","BRF Sun 1:00PM","2,700","89.95","4.5","2","544.1","2%","20","1,030","6","0","10","3","0","0","38","0","0","2","0","0","0","0","0","13","45","0","1","0","9","24","0","2","9","54","21","2","4","33","0","8","0","0","0","21","3"
"*037mt*","Harrison Reed","FUL","M","206","FA","@BHA Sat 2:00PM","2,000","89.39","3.31","0","-","1%","27","1,305","0","1","14","2","0","0","19","0","0","6","0","0","0","0","0","0","128","4","11","0","22","15","2","9","27","53","10","2","0","72","0","12","0","0","0","23","6"
"*06fxe*","Ryan Gravenberch","LIV","M","207","FA","BOU Fri 7:00PM","7,900","89.25","3.43","58","122.3","64%","26","1,099","1","0","16","0","1","0","46","0","0","0","0","0","0","1","0","0","164","0","14","0","11","38","0","2","14","74","10","1","1","74","0","14","0","0","0","17","3"
"*06f8y*","Alex Scott","BOU","M","208","FA","@LIV Fri 7:00PM","3,900","88.23","3.84","2","491.1","3%","23","992","1","0","22","1","0","0","17","1","1","3","0","0","0","0","0","1","113","7","12","0","17","38","1","4","19","76","17","4","0","63","0","12","0","0","0","25","3"
"*04qos*","Issa Diop","FUL","D","211","FA","@BHA Sat 2:00PM","4,100","86.65","4.81","0","-","1%","18","1,420","0","0","0","0","0","1","3","0","1","2","1","1","0","1","3","0","70","0","17","3","80","5","0","19","35","60","25","0","0","65","0","2","0","0","0","25","5"
"*062h9*","Luis Sinisterra","BOU","F","213","FA","@LIV Fri 7:00PM","3,600","86.55","4.33","2","514.1","2%","20","673","2","0","20","2","1","0","24","0","0","0","0","0","0","0","0","4","113","1","8","0","4","35","0","0","12","74","16","2","1","47","0","13","0","0","0","18","1"
"*04ml6*","Konstantinos Mavropanos","WHU","D","214","FA","@SUN Sat 2:00PM","5,400","86.53","4.55","0","-","2%","19","1,500","1","0","3","0","0","2","7","1","2","2","0","0","0","0","0","0","41","0","23","0","78","12","1","13","29","84","44","0","1","70","0","3","0","0","2","27","3"
"*06fwi*","Carlos Baleba","BHA","M","215","FA","FUL Sat 2:00PM","7,400","85.91","3.18","30","141.3","35%","27","1,303","0","0","8","0","0","0","16","1","2","7","0","0","0","3","0","0","90","0","18","0","27","38","3","7","27","102","25","1","0","95","0","12","0","0","0","28","2"
"*02oo1*","Ben Davies","TOT","D","217","FA","BUR Sat 2:00PM","5,900","82.96","4.88","0","-","1%","17","1,079","1","0","4","2","0","0","2","0","0","2","0","0","0","0","0","0","121","1","10","0","35","23","0","15","32","76","29","0","3","53","0","5","0","1","0","21","1"
"*062a9*","Sven Botman","NEW","D","218","FA","@AVL Sat 11:30AM","4,800","81.24","4.78","19","204.9","18%","17","1,373","2","0","5","2","0","2","5","1","2","2","0","0","0","0","1","1","46","0","9","1","58","2","3","16","29","56","34","2","0","70","0","2","0","0","1","29","3"
"*03pig*","Jamaal Lascelles","NEW","D","219","FA","@AVL Sat 11:30AM","2,000","81.22","5.08","0","-","1%","16","1,073","1","0","2","0","0","0","2","0","0","4","0","0","0","0","0","1","52","0","5","0","42","3","0","12","21","64","47","0","1","53","0","3","0","0","0","15","5"
"*05uhj*","Conor Bradley","LIV","D","220","FA","BOU Fri 7:00PM","4,500","80.77","7.34","81","118.7","82%","11","752","1","0","15","3","0","0","17","0","0","2","0","0","0","0","0","2","121","4","10","0","13","25","1","1","26","69","11","2","0","50","0","1","0","0","1","7","3"
"*06ab3*","Lewis Miley","NEW","M","221","FA","@AVL Sat 11:30AM","2,700","79.84","4.7","0","-","2%","17","1,194","1","0","12","3","0","0","16","2","0","1","0","0","0","0","0","2","132","2","8","0","16","14","2","3","24","58","11","3","1","78","0","3","0","0","0","29","1"
"*06fvn*","Beto","EVE","F","222","FA","@LEE Mon 7:00PM","6,000","79.44","2.65","76","119.5","85%","30","913","3","0","11","0","0","0","47","0","0","2","0","0","0","1","0","10","51","0","1","0","13","34","1","0","6","95","47","3","8","36","0","21","1","0","0","20","2"
"*05yct*","Nathan Patterson","EVE","D","223","FA","@LEE Mon 7:00PM","3,100","78.66","3.93","2","519.1","2%","20","990","0","0","8","2","1","1","19","0","0","4","0","0","0","1","0","1","87","7","9","1","28","12","5","3","27","53","7","3","1","60","0","11","0","0","0","21","2"
"*068yt*","Sasa Lukic","FUL","M","224","FA","@BHA Sat 2:00PM","5,700","78.38","3.27","3","430","2%","24","1,103","1","0","11","0","0","1","11","1","0","3","0","0","0","0","0","0","74","0","16","0","18","14","1","5","24","58","11","0","2","65","0","11","0","0","0","20","5"
"*062x7*","Rico Lewis","MCI","D","225","FA","@WOL Sat 4:30PM","6,100","77.95","4.87","6","367","6%","16","796","2","0","13","0","0","0","2","0","0","1","0","0","0","1","0","0","156","0","4","0","3","24","3","1","8","34","0","4","0","42","0","8","0","0","0","9","4"
"*0687b*","Alex Moreno","AVL","D","226","FA","NEW Sat 11:30AM","5,300","77.41","3.69","0","-","2%","21","1,017","2","0","11","0","0","0","14","0","0","2","0","0","0","1","0","2","79","4","13","0","33","31","4","2","14","53","4","1","1","40","0","10","0","0","1","20","3"
"*02yl5*","John Stones","MCI","D","228","FA","@WOL Sat 4:30PM","3,700","76.85","4.8","4","461.3","4%","16","1,058","1","0","6","0","0","0","5","0","0","2","0","0","0","0","0","0","183","0","10","0","20","6","1","7","8","22","14","0","0","46","0","4","0","0","0","9","5"
"*06804*","Benoit Badiashile","CHE","D","229","FA","CRY Sun 1:00PM","3,900","76.76","4.26","0","-","1%","18","1,333","0","0","6","1","0","0","6","1","1","3","0","0","0","0","1","1","70","0","18","1","65","6","1","14","29","55","28","2","1","82","0","3","0","0","1","31","3"
"*05n3v*","Konstantinos Tsimikas","LIV","D","230","FA","BOU Fri 7:00PM","5,100","75.03","5.77","0","-","2%","13","671","0","0","16","3","0","0","9","0","0","0","0","0","0","0","0","1","87","19","6","0","9","11","1","1","14","33","4","2","0","43","0","5","0","0","0","7","4"
"*04o82*","Curtis Jones","LIV","M","231","FA","BOU Fri 7:00PM","5,900","74.19","3.23","7","396.6","6%","23","1,148","1","0","11","1","0","0","15","0","0","3","0","1","0","0","0","5","206","1","7","0","7","29","1","0","14","63","7","0","1","72","0","9","0","0","0","17","2"
"*06fxv*","Jean-Ricner Bellegarde","WOL","M","232","FA","MCI Sat 4:30PM","6,000","73.79","3.35","54","136.6","64%","22","940","2","0","12","2","0","0","25","0","0","0","0","1","0","2","0","2","83","3","8","0","13","41","1","2","12","66","8","1","0","41","0","12","0","0","0","23","0"
"*05ylw*","Rodrigo Bentancur","TOT","M","233","FA","BUR Sat 2:00PM","5,600","73.69","3.2","11","307.6","12%","23","989","1","0","8","1","1","0","16","1","0","7","0","0","0","0","0","0","212","1","17","0","16","28","0","4","19","65","14","0","1","54","0","10","0","0","0","25","1"
"*06clx*","Jordan Beyer","BUR","D","234","FA","@TOT Sat 2:00PM","2,000","73.69","4.91","0","-","0%","15","1,233","0","0","3","1","0","1","5","0","1","6","0","0","0","0","0","0","41","0","16","0","68","10","0","15","35","73","29","1","0","57","0","0","0","0","0","23","2"
"*063zi*","Matheus Nunes","MCI","D","235","FA","@WOL Sat 4:30PM","7,600","70.48","3.71","95","108.9","96%","19","820","0","0","12","2","1","0","22","0","1","0","1","1","0","0","0","5","166","7","7","0","9","43","0","1","6","63","7","2","2","40","0","10","0","0","0","13","2"
"*04mup*","Trevoh Chalobah","CHE","D","236","FA","CRY Sun 1:00PM","7,600","70.25","5.4","22","178","25%","13","946","1","1","2","0","0","0","10","0","0","1","0","0","0","0","0","0","66","0","8","0","49","4","2","7","19","39","19","0","0","46","0","3","0","0","0","14","3"
"*05746*","Emil Krafth","NEW","D","237","FA","@AVL Sat 11:30AM","2,500","69.95","4.11","0","-","1%","17","906","0","0","9","0","1","0","8","0","0","2","0","0","0","0","0","0","86","8","9","0","18","10","3","3","17","44","13","2","0","44","0","9","0","0","0","15","3"
"*05y9n*","Lewis Hall","NEW","D","238","FA","@AVL Sat 11:30AM","9,400","69.88","3.88","100","68.2","100%","18","760","1","0","3","0","0","0","9","1","0","2","0","0","0","0","0","0","86","4","12","0","17","14","5","2","20","52","10","0","0","56","0","10","0","0","0","12","2"
"*02oq6*","Luke Shaw","MUN","D","240","FA","ARS Sun 3:30PM","2,500","67.85","5.65","0","-","3%","12","959","0","0","13","1","0","0","14","0","0","6","0","0","0","1","0","0","99","9","6","0","37","10","2","11","19","34","13","1","0","59","0","0","0","0","0","13","4"
"*06fxu*","Ibrahim Sangare","NOT","M","241","FA","BRF Sun 1:00PM","3,700","66.03","3.88","1","1180.8","1%","17","1,026","0","0","7","0","0","0","10","0","0","6","0","0","0","0","0","2","77","0","16","0","19","15","2","7","30","65","9","0","1","70","0","4","0","0","0","16","4"
"*06jgr*","Maxime Esteve","BUR","D","242","FA","@TOT Sat 2:00PM","4,100","65.29","4.08","10","308.8","11%","16","1,310","0","0","1","0","0","1","5","0","0","6","0","0","0","0","0","0","63","1","27","0","55","17","1","10","20","70","27","0","0","62","0","1","0","0","0","28","0"
"*06dqv*","Luca Koleosho","BUR","M","243","FA","@TOT Sat 2:00PM","2,000","65.26","4.35","0","-","1%","15","970","1","0","11","2","1","0","22","0","0","0","0","0","0","0","0","8","87","2","2","0","0","46","0","0","4","55","2","2","3","46","0","2","0","1","0","23","3"
"*066r9*","Ehor Yarmolyuk","BRF","M","244","FA","@NOT Sun 1:00PM","4,300","63.5","2.35","0","-","2%","27","652","0","0","3","0","0","0","17","0","0","2","0","0","0","2","0","1","82","1","6","0","5","23","0","4","15","49","9","0","2","50","0","21","0","0","0","9","4"
"*05a6d*","Tariq Lamptey","BHA","D","245","FA","FUL Sat 2:00PM","4,400","62.56","3.29","1","1072.2","2%","19","898","0","0","10","3","0","0","22","0","0","3","0","0","0","1","1","3","75","9","6","1","5","24","1","3","17","49","4","1","1","32","0","9","0","0","0","20","1"
"*056ir*","Adam Webster","BHA","D","246","FA","FUL Sat 2:00PM","5,200","61.35","4.09","0","-","0%","15","1,140","0","0","5","0","0","0","5","0","1","2","0","0","0","0","0","0","145","0","16","0","41","3","2","12","24","50","33","0","0","63","0","2","0","0","1","22","2"
"*05oeh*","Kenny Tete","FUL","D","247","FA","@BHA Sat 2:00PM","6,800","61.12","4.37","64","137.8","64%","14","859","1","0","3","0","1","0","10","0","0","2","0","0","0","2","1","0","113","7","16","0","31","21","4","3","20","53","5","0","1","45","0","4","0","0","0","21","2"
"*02lv9*","James Milner","BHA","M","249","FA","FUL Sat 2:00PM","2,400","59.52","3.97","0","-","0%","15","765","0","0","16","2","1","0","11","0","0","3","0","0","0","0","1","3","164","8","8","0","13","7","3","0","14","33","6","2","0","45","0","4","0","0","0","12","4"
"*05raa*","Hugo Bueno","WOL","D","250","FA","MCI Sat 4:30PM","2,000","59.47","2.7","1","1133.4","2%","22","709","0","0","6","0","0","0","7","0","0","1","0","0","0","1","0","1","48","10","6","0","20","14","4","4","18","44","9","2","0","37","0","15","0","0","1","16","2"
"*051k3*","Jacob Ramsey","AVL","M","251","FA","NEW Sat 11:30AM","5,500","58.93","3.68","7","363.9","8%","16","842","1","1","10","1","0","0","18","0","0","2","0","0","0","0","0","0","108","2","3","0","7","20","1","2","10","41","5","1","2","42","0","8","0","0","0","12","0"
"*03u2b*","Adama Traore","FUL","F","252","FA","@BHA Sat 2:00PM","6,600","57.46","3.38","59","148.8","53%","17","349","2","0","7","3","1","0","13","0","0","2","0","0","0","0","0","0","51","5","1","0","2","13","0","0","3","26","9","2","2","13","0","16","0","0","0","13","0"
"*062ot*","Cheick Doucoure","CRY","M","253","FA","@CHE Sun 1:00PM","3,500","56.42","5.13","2","423.1","2%","11","918","0","0","10","0","0","0","16","0","0","2","0","0","0","0","0","0","82","0","20","0","9","11","3","2","19","50","5","1","0","74","0","0","0","0","0","12","3"
"*04e1k*","Solly March","BHA","M","254","FA","FUL Sat 2:00PM","2,300","55.44","7.92","1","1147.2","2%","7","553","3","0","7","1","0","0","8","0","0","1","0","0","0","0","0","7","71","7","11","0","8","16","0","0","14","41","6","2","1","36","0","0","0","0","0","11","2"
"*05gvx*","Armando Broja","CHE","F","255","FA","CRY Sun 1:00PM","2,500","55.02","2.62","0","-","1%","21","517","1","0","4","2","1","0","20","0","0","0","0","0","0","1","0","6","61","0","0","0","3","26","0","1","1","39","10","1","2","16","0","15","0","1","0","9","3"
"*03sbh*","Enes Unal","BOU","F","256","FA","@LIV Fri 7:00PM","3,100","52.92","3.31","0","-","1%","16","308","2","0","5","4","0","0","15","0","0","1","0","0","0","1","0","6","32","0","1","0","6","11","0","2","6","25","9","2","6","10","0","14","0","0","0","9","1"
"*067ys*","Jack Hinshelwood","BHA","M","257","FA","FUL Sat 2:00PM","5,600","52.49","4.37","10","314.6","9%","12","861","3","0","8","0","0","0","9","0","0","1","0","0","0","0","1","1","79","2","14","1","16","3","2","2","7","24","7","1","3","33","0","4","0","0","0","17","2"
"*02lpl*","Seamus Coleman","EVE","D","258","FA","@LEE Mon 7:00PM","2,400","52.47","4.37","0","-","1%","12","657","0","0","3","0","0","0","7","0","1","0","0","0","0","1","0","0","41","2","7","1","24","11","2","4","18","29","1","1","0","39","0","5","0","0","1","10","4"
"*03v6t*","Ben Chilwell","CHE","D","259","FA","CRY Sun 1:00PM","3,900","52.22","4.02","6","353.1","4%","13","747","0","0","14","2","0","0","21","1","0","5","0","0","0","0","0","4","101","9","4","0","17","19","2","3","13","46","12","3","2","33","0","4","0","0","0","14","1"
"*05uht*","Morgan Rogers","AVL","M","260","FA","NEW Sat 11:30AM","8,900","50.99","4.64","100","25.6","100%","11","634","3","0","9","1","0","0","17","0","0","3","0","0","0","0","0","0","52","0","3","0","8","26","3","0","1","41","7","1","1","31","0","3","0","0","0","13","2"
"*05ye7*","Oscar Bobb","MCI","M","264","FA","@WOL Sat 4:30PM","2,000","48.7","3.48","24","182.3","17%","14","287","1","1","9","2","0","0","6","0","0","0","0","0","0","1","0","0","107","3","5","0","1","14","0","0","3","22","1","2","1","17","0","12","0","0","0","5","1"
"*052cd*","Mason Mount","MUN","M","265","FA","ARS Sun 3:30PM","2,900","45.07","3.22","21","234.7","12%","14","501","1","0","6","0","0","0","11","0","0","2","0","0","0","0","0","0","70","4","6","0","3","13","0","1","15","41","6","0","0","37","0","9","0","0","0","13","1"
"*04ylt*","Chris Mepham","BOU","D","267","FA","@LIV Fri 7:00PM","2,000","44.07","4.41","0","-","0%","10","609","0","0","3","1","0","0","2","1","0","2","0","0","0","0","0","0","48","0","7","0","29","2","1","6","17","43","30","1","0","31","0","4","0","0","0","16","1"
"*067zv*","Kevin Schade","BRF","F","268","FA","@NOT Sun 1:00PM","8,600","43.69","3.97","100","62.7","100%","11","321","2","0","4","2","0","0","14","0","0","0","0","0","0","1","0","2","24","2","1","0","4","8","0","0","1","28","17","2","2","23","0","8","0","0","0","5","1"
"*06fwx*","Santiago Bueno","WOL","D","269","FA","MCI Sat 4:30PM","4,900","42.95","3.58","0","-","1%","12","816","0","0","2","0","0","0","1","0","0","1","0","0","0","0","0","0","26","0","6","0","33","6","0","12","19","34","16","0","0","30","0","3","0","0","0","18","0"
"*06cm0*","Christopher Nkunku","CHE","F","270","FA","CRY Sun 1:00PM","3,900","42.72","3.88","11","322.8","9%","11","429","3","0","3","0","0","0","17","0","0","0","0","0","0","0","0","3","68","0","2","0","4","9","0","1","5","24","10","0","3","12","0","9","0","0","0","12","0"
"*061xs*","Julio Enciso","BHA","M","271","FA","FUL Sat 2:00PM","5,200","40.08","3.34","9","340.9","6%","12","463","0","0","9","2","0","0","15","0","0","2","0","0","0","0","0","1","54","2","0","0","3","27","0","0","2","34","1","4","2","13","0","7","0","0","0","12","0"
"*062pl*","Lisandro Martinez","MUN","D","272","FA","ARS Sun 3:30PM","7,000","39.5","3.59","5","367.8","6%","11","640","0","0","3","1","0","0","1","0","0","3","0","0","0","0","0","0","40","0","5","1","23","5","3","8","16","21","4","0","0","33","0","3","0","0","1","12","1"
"*04sat*","Emile Smith Rowe","FUL","M","273","FA","@BHA Sat 2:00PM","5,900","39.31","3.02","64","130.6","73%","13","335","0","0","4","2","1","0","6","0","0","0","0","0","0","0","0","0","82","0","3","0","1","5","0","1","2","12","3","0","1","15","0","10","0","0","0","3","3"
"*062og*","Aaron Hickey","BRF","D","274","FA","@NOT Sun 1:00PM","2,000","38.65","4.29","0","-","1%","9","713","0","0","1","0","0","0","14","0","0","5","0","0","0","0","0","0","33","0","3","0","10","21","0","3","12","38","2","0","0","42","0","0","0","0","0","12","2"
"*061z3*","Fabio Vieira","ARS","M","275","FA","@MUN Sun 3:30PM","2,000","38.62","3.51","0","-","1%","11","284","1","0","5","3","0","0","7","0","0","0","0","1","0","1","0","2","53","3","2","0","1","12","1","0","2","16","1","2","0","16","0","9","0","2","0","2","1"
"*05t6x*","William Osula","NEW","F","276","FA","@AVL Sat 11:30AM","2,100","38.39","1.83","4","365.2","3%","21","768","0","0","1","1","0","0","32","0","0","4","0","0","0","1","0","6","21","1","2","0","9","15","0","1","3","41","24","1","2","12","0","12","0","0","0","23","0"
"*06fy5*","Mike Tresor","BUR","F","277","FA","@TOT Sat 2:00PM","2,000","38.21","2.39","0","-","0%","16","398","0","0","7","0","0","0","9","0","0","0","0","0","0","0","0","2","50","5","1","0","1","14","0","0","6","25","1","1","1","28","0","13","0","0","0","10","0"
"*05r34*","Amad Diallo","MUN","M","278","FA","ARS Sun 3:30PM","9,200","38.18","4.24","100","19.4","100%","9","380","1","0","10","1","0","0","7","0","0","1","0","0","0","0","0","0","51","0","1","0","6","15","0","1","4","29","4","1","0","14","0","6","0","0","0","6","1"
"*04azm*","Connor Roberts","BUR","D","279","FA","@TOT Sat 2:00PM","5,000","37.19","2.66","2","531.1","2%","14","811","0","0","7","1","0","0","3","2","0","3","1","1","0","0","0","3","89","2","4","1","22","9","3","6","11","27","7","0","1","40","0","6","0","0","0","22","0"
"*068ys*","Naouirou Ahamada","CRY","M","280","FA","@CHE Sun 1:00PM","2,000","36.04","1.8","0","-","0%","20","315","0","0","1","0","0","0","8","0","0","2","1","1","0","0","0","1","43","0","2","0","4","13","0","0","9","29","4","0","0","30","0","20","0","0","0","14","0"
"*04rh9*","David Brooks","BOU","M","281","FA","@LIV Fri 7:00PM","4,000","34.84","2.68","0","-","2%","13","261","1","0","8","1","1","0","7","0","0","1","0","0","0","0","0","1","44","4","2","0","2","5","0","0","4","11","1","2","3","17","0","11","0","0","0","7","0"
"*051k7*","Reece James","CHE","D","282","FA","CRY Sun 1:00PM","6,000","34.79","3.48","100","89","98%","10","412","0","1","12","2","0","0","6","1","0","0","1","2","0","0","0","2","70","7","3","0","7","14","0","4","13","36","8","7","0","28","0","5","0","0","0","11","0"
"*05uog*","Lewis Dobbin","AVL","F","283","FA","NEW Sat 11:30AM","2,000","32.34","2.69","0","-","0%","12","220","1","0","4","0","0","0","12","0","0","1","0","0","0","0","0","0","18","1","1","0","0","12","0","1","8","23","2","1","1","20","0","11","0","0","0","3","1"
"*04ge8*","Reiss Nelson","ARS","F","284","FA","@MUN Sun 3:30PM","4,200","31.25","2.08","49","133.2","61%","15","245","0","0","5","0","0","0","11","0","0","1","0","0","0","0","0","0","45","3","1","0","5","7","0","1","7","16","0","1","0","22","0","14","0","0","0","1","1"
"*05tqz*","Rico Henry","BRF","D","286","FA","@NOT Sun 1:00PM","2,400","30.68","6.14","2","374.7","2%","5","401","0","1","5","1","0","0","8","0","1","1","0","0","0","0","0","2","37","2","5","0","5","13","0","3","8","24","4","2","0","24","0","0","0","0","0","5","1"
"*06492*","Sasa Kalajdzic","WOL","F","287","FA","MCI Sat 4:30PM","2,000","30.6","2.78","0","-","0%","11","150","2","0","4","0","0","0","2","0","0","1","0","0","0","0","0","2","10","0","1","0","6","5","0","0","2","19","8","2","1","4","0","10","0","0","0","2","1"
"*06exa*","Matheus Franca","CRY","F","288","FA","@CHE Sun 1:00PM","2,600","30.58","3.06","0","-","2%","10","216","0","0","6","2","0","0","4","0","0","1","0","0","0","0","0","2","17","3","1","0","1","6","0","0","3","10","1","1","0","17","0","9","0","1","0","7","0"
"*06ime*","Radu Dragusin","TOT","D","289","FA","BUR Sat 2:00PM","4,200","30.27","3.36","0","-","1%","9","420","0","0","0","0","0","0","1","0","0","1","0","0","0","0","0","1","14","0","8","0","18","5","1","4","7","19","9","0","1","21","0","5","0","0","0","7","1"
"*05vyc*","Aaron Ramsey","BUR","M","290","FA","@TOT Sat 2:00PM","2,000","30.18","2.16","0","-","1%","14","511","0","0","1","0","0","0","11","0","0","1","0","0","0","0","1","1","37","0","1","0","10","6","0","2","16","27","4","1","0","24","0","9","0","0","0","17","0"
"*06cms*","Sandro Tonali","NEW","M","291","FA","@AVL Sat 11:30AM","7,600","30.05","3.76","94","99.5","96%","8","432","1","1","7","0","0","0","4","0","0","2","0","0","0","0","0","0","42","4","2","0","4","9","0","0","7","17","1","0","1","20","0","3","0","0","0","5","1"
"*04ge6*","Joe Willock","NEW","M","292","FA","@AVL Sat 11:30AM","4,000","29.81","3.31","2","541.1","1%","9","409","1","0","7","0","0","0","14","0","0","0","0","0","0","0","0","1","56","1","1","0","1","10","0","0","7","24","1","0","1","26","0","4","0","0","0","9","1"
"*06c4h*","Hjalmar Ekdal","BUR","D","293","FA","@TOT Sat 2:00PM","2,000","27.5","3.44","0","-","0%","8","430","0","0","1","0","0","0","2","0","0","2","0","0","0","0","0","0","15","0","6","0","21","4","0","5","7","12","4","0","0","26","0","3","0","0","0","8","1"
"*0327r*","Michael Keane","EVE","D","294","FA","@LEE Mon 7:00PM","5,400","27.33","3.04","0","-","1%","9","435","1","0","0","0","1","0","2","0","1","2","0","0","0","1","1","0","21","0","5","0","18","2","0","4","7","25","16","0","1","26","0","5","0","0","0","13","1"
"*06few*","Youssef Chermiti","EVE","F","295","FA","@LEE Mon 7:00PM","2,000","27.22","1.51","0","-","1%","18","183","0","0","4","0","0","0","14","0","0","3","0","0","0","0","0","6","17","0","1","0","2","7","0","1","3","25","15","2","1","9","0","17","0","0","0","4","1"
"*06329*","Manor Solomon","TOT","F","296","FA","BUR Sat 2:00PM","2,000","26.86","5.37","15","261","14%","5","193","0","0","12","2","0","0","5","0","0","1","0","0","0","0","0","1","50","1","3","0","1","11","1","0","3","14","0","1","0","11","0","3","0","0","0","2","0"
"*06eo0*","Lesley Ugochukwu","CHE","M","297","FA","CRY Sun 1:00PM","4,400","26.46","2.2","1","1039.4","2%","12","291","0","0","3","0","0","0","3","0","0","2","0","0","0","1","0","0","33","0","1","0","5","5","0","2","12","28","9","0","0","12","0","9","0","0","0","6","1"
"*05re5*","Carney Chukwuemeka","CHE","M","298","FA","CRY Sun 1:00PM","2,000","25.58","2.84","0","-","1%","9","217","1","0","4","1","0","0","5","0","0","2","0","0","0","0","0","0","48","0","0","0","1","4","0","1","5","11","1","0","0","11","0","7","0","0","0","5","0"
"*05uh9*","Bryan Gil","TOT","F","299","FA","BUR Sat 2:00PM","2,000","24.79","2.25","0","-","0%","11","192","0","0","4","0","1","0","9","0","0","0","0","0","0","0","0","1","55","2","3","0","4","11","0","0","0","12","0","0","1","16","0","9","0","0","0","11","0"
"*06fuh*","Hannes Delcroix","BUR","D","300","FA","@TOT Sat 2:00PM","2,000","23.68","1.97","0","-","0%","12","580","0","0","4","0","0","1","5","0","0","2","0","0","0","0","0","0","36","2","9","0","23","3","3","3","9","21","8","0","0","29","0","7","0","0","0","25","0"
"*061xw*","Joe Worrall","BUR","D","301","FA","@TOT Sat 2:00PM","2,000","23.36","3.34","0","-","0%","7","436","0","0","2","0","0","0","0","1","0","0","0","1","0","0","0","0","8","0","3","0","31","2","1","4","9","21","12","0","0","18","0","2","0","0","0","8","1"
"*05n03*","Kalvin Phillips","MCI","M","302","FA","@WOL Sat 4:30PM","3,700","23.1","1.93","0","-","1%","12","386","0","0","0","0","0","0","8","0","1","1","1","1","0","0","1","0","51","1","6","0","4","9","0","1","10","30","7","0","0","31","0","9","0","0","0","12","0"
"*066si*","Alfie Gilchrist","CHE","D","304","FA","CRY Sun 1:00PM","2,000","22.63","2.06","0","-","0%","11","195","1","0","0","0","0","0","2","0","0","1","0","0","0","0","0","0","21","0","3","0","9","1","2","3","3","7","2","0","0","9","0","9","0","0","0","6","1"
"*052cb*","Ian Maatsen","AVL","D","305","FA","NEW Sat 11:30AM","4,900","22.46","1.87","91","109.2","93%","12","191","0","0","2","0","1","0","8","0","0","1","0","0","0","0","0","0","38","2","3","0","9","1","1","0","2","7","3","0","1","11","0","11","0","0","0","5","0"
"*04u6i*","Leander Dendoncker","AVL","M","306","FA","NEW Sat 11:30AM","2,000","21.75","2.72","0","-","0%","8","115","1","0","0","1","0","0","2","1","0","0","0","0","0","0","0","0","5","0","2","0","3","1","0","2","6","11","4","0","0","4","0","7","0","0","0","3","0"
"*05t6z*","Tim Iroegbunam","EVE","M","307","FA","@LEE Mon 7:00PM","3,300","18.69","2.08","0","-","2%","9","150","0","0","0","0","0","0","2","0","0","0","0","0","0","0","0","0","3","0","2","0","2","6","1","0","5","14","2","0","0","15","0","8","0","0","0","7","0"
"*05t6y*","Hannibal Mejbri","BUR","M","308","FA","@TOT Sat 2:00PM","6,400","17.66","3.53","4","420.3","3%","5","127","1","0","2","0","0","0","7","0","0","1","0","0","0","0","0","1","14","0","0","0","0","8","0","1","4","13","2","0","0","10","0","4","0","0","0","1","1"
"*05rjn*","Jesurun Rak-Sakyi","CRY","M","309","FA","@CHE Sun 1:00PM","2,000","17","2.83","0","-","1%","6","128","0","0","2","0","0","0","4","0","0","0","0","0","0","0","0","0","18","0","3","0","1","9","0","0","1","15","3","0","0","6","0","6","0","0","0","3","1"
"*05w90*","Maxwel Cornet","WHU","F","310","FA","@SUN Sat 2:00PM","2,200","16.96","2.42","0","-","0%","7","106","1","0","4","0","0","0","1","0","0","0","0","0","0","1","0","3","13","0","2","0","1","2","0","0","2","5","0","0","0","8","0","6","0","0","0","3","0"
"*06c4p*","Benson Manuel","BUR","F","312","FA","@TOT Sat 2:00PM","2,000","14.86","1.86","0","-","0%","8","104","0","0","1","0","0","0","5","0","0","0","0","0","0","0","0","0","21","2","0","0","0","8","0","0","2","11","0","0","0","6","0","7","0","0","0","5","0"
"*06ib6*","Tawanda Chirewa","WOL","M","313","FA","MCI Sat 4:30PM","2,000","12.43","1.55","0","-","0%","8","131","0","0","1","0","0","0","7","0","0","1","0","0","0","0","0","1","12","2","1","0","0","3","0","0","3","11","1","0","0","3","0","7","0","0","0","2","0"
"*05o8k*","Fabio Silva","WOL","F","314","FA","MCI Sat 4:30PM","2,000","12.24","1.53","0","-","1%","8","253","0","0","4","0","0","0","12","0","0","2","0","0","0","0","1","5","21","0","2","0","0","6","0","0","4","15","2","0","2","15","0","5","0","0","0","8","1"
"*061vb*","James Hill","BOU","D","315","FA","@LIV Fri 7:00PM","3,800","11.58","2.32","0","-","1%","5","72","0","0","0","0","0","0","1","0","0","0","0","0","0","0","0","0","8","0","3","0","8","0","0","2","4","7","4","0","0","7","0","4","0","0","0","1","0"
"*062h7*","Tyler Adams","BOU","M","316","FA","@LIV Fri 7:00PM","6,500","10.7","3.57","3","437.7","4%","3","116","0","0","1","0","0","0","3","0","0","0","0","0","0","0","0","0","16","0","4","0","2","5","0","0","3","11","2","0","0","7","0","2","0","0","0","3","0"
"*04gw7*","Jadon Sancho","MUN","M","317","FA","ARS Sun 3:30PM","6,400","9.53","3.18","0","-","2%","3","73","0","0","1","0","0","0","0","0","0","0","0","0","0","0","0","1","19","0","1","0","0","5","0","0","0","6","0","0","0","10","0","3","0","0","0","1","0"
"*06dmn*","George Earthy","WHU","M","318","FA","@SUN Sat 2:00PM","2,000","8.71","2.9","0","-","1%","3","28","1","0","0","0","0","0","0","0","0","0","0","0","0","0","0","0","5","0","1","0","0","0","0","0","0","0","0","0","0","4","0","3","0","0","0","0","0"
"*061vk*","Jaidon Anthony","BUR","F","319","FA","@TOT Sat 2:00PM","2,000","7.84","2.61","49","138.1","53%","3","150","0","0","0","0","0","0","5","0","0","1","0","0","0","0","0","2","13","0","1","0","2","4","1","0","1","8","1","0","0","11","0","1","0","0","0","5","0"
"*06jgk*","Romain Faivre","BOU","M","320","FA","@LIV Fri 7:00PM","2,000","7.53","1.51","0","-","0%","5","34","0","0","0","0","0","0","3","0","0","1","0","0","0","0","0","0","10","0","0","0","0","6","0","0","1","7","0","0","0","1","0","5","0","0","0","1","0"
"*068yr*","Hamed Traore","BOU","M","321","FA","@LIV Fri 7:00PM","2,000","6.72","2.24","0","1126","1%","3","41","0","0","1","0","0","0","2","0","0","0","0","0","0","0","0","0","5","0","0","0","0","4","0","0","0","6","1","0","0","4","0","3","0","0","0","1","0"
"*05nip*","Dane Scarlett","TOT","F","323","FA","BUR Sat 2:00PM","2,500","4.82","1.21","0","-","0%","4","17","0","0","0","0","0","0","5","0","0","0","0","0","0","0","0","0","1","0","0","0","0","2","0","0","1","3","0","0","0","0","0","4","0","0","0","0","0"
"*05nuf*","Myles Peart-Harris","BRF","M","324","FA","@NOT Sun 1:00PM","2,000","4.5","1.5","0","-","0%","3","9","0","0","1","0","0","0","0","0","0","0","0","0","0","0","0","0","4","0","0","0","1","2","0","0","0","2","0","0","0","0","0","3","0","0","0","0","0"
"*06l4c*","Ethan Wheatley","MUN","F","325","FA","ARS Sun 3:30PM","2,000","4.07","1.36","0","-","1%","3","11","0","0","0","0","0","0","1","0","0","0","0","0","0","0","0","0","0","0","2","0","0","0","0","0","1","1","0","0","0","1","0","3","0","0","0","0","0"
"*0372y*","Matt Targett","NEW","D","326","FA","@AVL Sat 11:30AM","2,000","3.85","1.28","0","-","1%","3","76","0","0","1","0","0","0","0","0","0","1","0","0","0","0","0","0","6","0","0","0","2","2","0","0","0","4","0","0","0","5","0","2","0","0","0","4","0"
"*04mmx*","Michael Obafemi","BUR","F","327","FA","@TOT Sat 2:00PM","2,000","3.8","1.9","0","-","0%","2","17","0","0","0","0","0","0","0","0","0","0","0","0","0","0","0","0","2","0","0","0","0","3","0","0","0","3","0","0","0","1","0","2","0","0","0","0","0"
"*066t3*","Jamie Donley","TOT","F","328","FA","BUR Sat 2:00PM","2,000","3.56","1.19","0","-","0%","3","3","0","0","0","0","0","0","0","0","0","1","0","0","0","0","0","0","0","0","0","0","2","1","1","0","0","2","1","0","0","2","0","3","0","0","0","1","0"
"*062p0*","Stefan Bajcetic","LIV","M","329","FA","BOU Fri 7:00PM","2,000","3.3","3.3","1","1149.4","1%","1","25","0","0","0","0","0","0","0","0","0","0","0","0","0","0","0","0","0","0","0","0","0","2","0","0","1","6","0","0","0","2","0","1","0","0","0","2","0"
"*06dmj*","Jurrien Timber","ARS","D","330","FA","@MUN Sun 3:30PM","7,800","3.25","1.62","68","120.6","81%","2","69","0","0","0","0","0","0","0","0","0","2","0","0","0","0","0","1","19","0","0","0","1","1","0","0","2","4","1","0","0","4","0","1","0","0","0","0","0"
"*06ewy*","Alex Murphy","NEW","D","331","FA","@AVL Sat 11:30AM","2,000","3.09","1.54","0","-","1%","2","9","0","0","0","0","0","0","1","0","0","0","0","0","0","0","0","0","2","0","1","0","0","0","0","0","1","1","0","0","0","2","0","2","0","0","0","0","0"
"*06dpv*","Omari Kellyman","CHE","M","332","FA","CRY Sun 1:00PM","2,000","2.97","1.48","0","-","1%","2","33","0","0","0","0","0","0","2","0","0","0","0","0","0","0","0","0","2","0","0","0","0","0","0","0","0","1","0","0","0","2","0","2","0","0","0","1","0"
"*06kwp*","Josh Acheampong","CHE","D","333","FA","CRY Sun 1:00PM","2,000","2.63","2.63","0","-","0%","1","4","0","0","0","0","0","0","0","0","0","0","0","0","0","0","0","0","0","0","0","0","0","0","0","3","3","0","0","0","0","1","0","1","0","0","0","0","0"
"*05unu*","Romeo Lavia","CHE","M","334","FA","CRY Sun 1:00PM","3,700","2.5","2.5","2","497.1","3%","1","31","0","0","0","0","0","0","0","0","0","0","0","0","0","0","0","0","6","0","0","0","1","1","0","0","0","2","0","0","0","0","0","1","0","0","0","0","0"
"*065ao*","Ethan Nwaneri","ARS","M","335","FA","@MUN Sun 3:30PM","4,700","2.35","2.35","74","120.5","76%","1","12","0","0","1","0","0","0","0","0","0","0","0","0","0","0","0","0","7","0","0","0","0","1","0","0","0","2","1","0","0","0","0","1","0","0","0","0","0"
"*066iy*","Kaelan Casey","WHU","D","336","FA","@SUN Sat 2:00PM","2,000","1.42","1.42","0","-","0%","1","1","0","0","0","0","0","0","0","0","0","0","0","0","0","0","0","0","0","0","0","0","1","0","0","0","0","1","1","0","0","0","0","1","0","0","0","0","0"
"*06fwo*","Enso Gonzalez","WOL","F","337","FA","MCI Sat 4:30PM","2,000","1.3","1.3","0","-","0%","1","1","0","0","0","0","0","0","1","0","0","0","0","0","0","0","0","0","1","0","0","0","0","1","0","0","0","1","0","0","0","0","0","1","0","0","0","0","0"
"*03rec*","Tyrone Mings","AVL","D","338","FA","NEW Sat 11:30AM","6,500","1.23","1.23","2","440.1","3%","1","30","0","0","1","0","0","0","1","0","0","0","0","0","0","0","0","0","1","0","1","0","1","0","0","0","0","1","1","0","0","2","0","0","0","0","0","2","0"
"*066nn*","Ben Doak","LIV","F","339","FA","BOU Fri 7:00PM","2,000","1.2","1.2","1","1013.4","2%","1","12","0","0","0","0","0","0","2","0","0","0","0","0","0","0","0","0","2","0","0","0","0","0","0","0","0","0","0","0","0","1","0","1","0","0","0","0","0"
"*068a0*","Andrey Santos","CHE","M","340","FA","CRY Sun 1:00PM","4,800","1.18","1.18","5","378.1","3%","1","6","0","0","0","0","0","0","0","0","0","0","0","0","0","0","0","0","2","0","0","0","0","0","0","0","0","0","0","0","0","0","0","1","0","0","0","0","0"
"*06lox*","Mikey Moore","TOT","F","341","FA","BUR Sat 2:00PM","2,900","1.07","0.53","0","-","1%","2","2","0","0","0","0","0","0","1","0","0","0","0","0","0","1","0","0","1","0","0","0","1","0","0","0","0","0","0","0","0","0","0","2","0","0","0","0","0"
"*05r93*","Tyler Onyango","EVE","M","342","FA","@LEE Mon 7:00PM","2,000","1.02","1.02","0","-","0%","1","1","0","0","0","0","0","0","0","0","0","0","0","0","0","0","0","0","0","0","0","0","0","0","0","0","0","0","0","0","0","0","0","1","0","0","0","0","0"
"*06mw0*","Nikola Milenkovic","NOT","D","549","FA","BRF Sun 1:00PM","9,700","0","0","100","77.1","100%","0","0","0","0","0","0","0","0","0","0","0","0","0","0","0","0","0","0","0","0","0","0","0","0","0","0","0","0","0","0","0","0","0","0","0","0","0","0","0"
"*06v05*","Jeremie Frimpong","LIV","D","444","FA","BOU Fri 7:00PM","8,200","0","0","100","36.5","100%","0","0","0","0","0","0","0","0","0","0","0","0","0","0","0","0","0","0","0","0","0","0","0","0","0","0","0","0","0","0","0","0","0","0","0","0","0","0","0"
"*06rf9*","Omar Marmoush","MCI","F","536","FA","@WOL Sat 4:30PM","6,600","0","0","100","16.4","100%","0","0","0","0","0","0","0","0","0","0","0","0","0","0","0","0","0","0","0","0","0","0","0","0","0","0","0","0","0","0","0","0","0","0","0","0","0","0","0"
"*05748*","Ismaila Sarr","CRY","M","619","FA","@CHE Sun 1:00PM","8,100","0","0","100","62.5","100%","0","0","0","0","0","0","0","0","0","0","0","0","0","0","0","0","0","0","0","0","0","0","0","0","0","0","0","0","0","0","0","0","0","0","0","0","0","0","0"
"*06v21*","Florian Wirtz","LIV","M","670","FA","BOU Fri 7:00PM","10,700","0","0","100","6.6","99%","0","0","0","0","0","0","0","0","0","0","0","0","0","0","0","0","0","0","0","0","0","0","0","0","0","0","0","0","0","0","0","0","0","0","0","0","0","0","0"
"*06p6j*","Evanilson","BOU","F","680","FA","@LIV Fri 7:00PM","7,100","0","0","100","65.2","99%","0","0","0","0","0","0","0","0","0","0","0","0","0","0","0","0","0","0","0","0","0","0","0","0","0","0","0","0","0","0","0","0","0","0","0","0","0","0","0"
"*06v07*","Rayan Cherki","MCI","M","404","FA","@WOL Sat 4:30PM","8,900","0","0","99","50.4","99%","0","0","0","0","0","0","0","0","0","0","0","0","0","0","0","0","0","0","0","0","0","0","0","0","0","0","0","0","0","0","0","0","0","0","0","0","0","0","0"
"*05oig*","Liam Delap","CHE","F","419","FA","CRY Sun 1:00PM","6,900","0","0","100","75.3","99%","0","0","0","0","0","0","0","0","0","0","0","0","0","0","0","0","0","0","0","0","0","0","0","0","0","0","0","0","0","0","0","0","0","0","0","0","0","0","0"
"*05r94*","Iliman Ndiaye","EVE","M","566","FA","@LEE Mon 7:00PM","8,400","0","0","100","68.1","99%","0","0","0","0","0","0","0","0","0","0","0","0","0","0","0","0","0","0","0","0","0","0","0","0","0","0","0","0","0","0","0","0","0","0","0","0","0","0","0"
"*06mvz*","Savio","MCI","M","554","FA","@WOL Sat 4:30PM","7,700","0","0","100","47.8","98%","0","0","0","0","0","0","0","0","0","0","0","0","0","0","0","0","0","0","0","0","0","0","0","0","0","0","0","0","0","0","0","0","0","0","0","0","0","0","0"
"*06v06*","Tijjani Reijnders","MCI","M","598","FA","@WOL Sat 4:30PM","8,400","0","0","98","78.9","98%","0","0","0","0","0","0","0","0","0","0","0","0","0","0","0","0","0","0","0","0","0","0","0","0","0","0","0","0","0","0","0","0","0","0","0","0","0","0","0"
"*06mow*","Jorgen Strand Larsen","WOL","F","636","FA","MCI Sat 4:30PM","7,100","0","0","100","73.2","98%","0","0","0","0","0","0","0","0","0","0","0","0","0","0","0","0","0","0","0","0","0","0","0","0","0","0","0","0","0","0","0","0","0","0","0","0","0","0","0"
"*06c6g*","Yankuba Minteh","BHA","M","550","FA","FUL Sat 2:00PM","6,500","0","0","100","55.1","98%","0","0","0","0","0","0","0","0","0","0","0","0","0","0","0","0","0","0","0","0","0","0","0","0","0","0","0","0","0","0","0","0","0","0","0","0","0","0","0"
"*0687c*","Carlos Alcaraz","EVE","M","352","FA","@LEE Mon 7:00PM","5,200","0","0","98","87.5","96%","0","0","0","0","0","0","0","0","0","0","0","0","0","0","0","0","0","0","0","0","0","0","0","0","0","0","0","0","0","0","0","0","0","0","0","0","0","0","0"
"*0689w*","Georginio Rutter","BHA","F","614","FA","FUL Sat 2:00PM","6,600","0","0","95","99.3","95%","0","0","0","0","0","0","0","0","0","0","0","0","0","0","0","0","0","0","0","0","0","0","0","0","0","0","0","0","0","0","0","0","0","0","0","0","0","0","0"
"*06uyc*","Adrien Truffert","BOU","D","651","FA","@LIV Fri 7:00PM","6,500","0","0","91","109.2","94%","0","0","0","0","0","0","0","0","0","0","0","0","0","0","0","0","0","0","0","0","0","0","0","0","0","0","0","0","0","0","0","0","0","0","0","0","0","0","0"
"*06y9n*","Jamie Gittens","CHE","F","452","FA","CRY Sun 1:00PM","7,900","0","0","89","99","93%","0","0","0","0","0","0","0","0","0","0","0","0","0","0","0","0","0","0","0","0","0","0","0","0","0","0","0","0","0","0","0","0","0","0","0","0","0","0","0"
"*06rgg*","Michael Kayode","BRF","D","507","FA","@NOT Sun 1:00PM","4,300","0","0","89","95.6","90%","0","0","0","0","0","0","0","0","0","0","0","0","0","0","0","0","0","0","0","0","0","0","0","0","0","0","0","0","0","0","0","0","0","0","0","0","0","0","0"
"*06rm8*","Mathys Tel","TOT","F","643","FA","BUR Sat 2:00PM","4,800","0","0","86","105.6","90%","0","0","0","0","0","0","0","0","0","0","0","0","0","0","0","0","0","0","0","0","0","0","0","0","0","0","0","0","0","0","0","0","0","0","0","0","0","0","0"
"*066sd*","Myles Lewis-Skelly","ARS","D","525","FA","@MUN Sun 3:30PM","4,700","0","0","71","109.3","88%","0","0","0","0","0","0","0","0","0","0","0","0","0","0","0","0","0","0","0","0","0","0","0","0","0","0","0","0","0","0","0","0","0","0","0","0","0","0","0"
"*06mn0*","Igor Thiago","BRF","F","565","FA","@NOT Sun 1:00PM","2,200","0","0","82","110.6","86%","0","0","0","0","0","0","0","0","0","0","0","0","0","0","0","0","0","0","0","0","0","0","0","0","0","0","0","0","0","0","0","0","0","0","0","0","0","0","0"
"*06mpp*","Mats Wieffer","BHA","M","663","FA","FUL Sat 2:00PM","5,200","0","0","71","110.5","86%","0","0","0","0","0","0","0","0","0","0","0","0","0","0","0","0","0","0","0","0","0","0","0","0","0","0","0","0","0","0","0","0","0","0","0","0","0","0","0"
"*06y9m*","Maxim De Cuyper","BHA","D","418","FA","FUL Sat 2:00PM","7,300","0","0","65","116.9","85%","0","0","0","0","0","0","0","0","0","0","0","0","0","0","0","0","0","0","0","0","0","0","0","0","0","0","0","0","0","0","0","0","0","0","0","0","0","0","0"
"*06ybp*","Thierno Barry","EVE","F","378","FA","@LEE Mon 7:00PM","6,400","0","0","56","115.8","80%","0","0","0","0","0","0","0","0","0","0","0","0","0","0","0","0","0","0","0","0","0","0","0","0","0","0","0","0","0","0","0","0","0","0","0","0","0","0","0"
"*06pia*","Maxence Lacroix","CRY","D","519","FA","@CHE Sun 1:00PM","9,000","0","0","70","122.5","79%","0","0","0","0","0","0","0","0","0","0","0","0","0","0","0","0","0","0","0","0","0","0","0","0","0","0","0","0","0","0","0","0","0","0","0","0","0","0","0"
"*06v02*","Joel Piroe","LEE","F","591","FA","EVE Mon 7:00PM","6,800","0","0","65","124.6","78%","0","0","0","0","0","0","0","0","0","0","0","0","0","0","0","0","0","0","0","0","0","0","0","0","0","0","0","0","0","0","0","0","0","0","0","0","0","0","0"
"*04qfm*","Ryan Sessegnon","FUL","M","624","FA","@BHA Sat 2:00PM","4,700","0","0","69","131.5","76%","0","0","0","0","0","0","0","0","0","0","0","0","0","0","0","0","0","0","0","0","0","0","0","0","0","0","0","0","0","0","0","0","0","0","0","0","0","0","0"
"*06p4j*","Noussair Mazraoui","MUN","D","541","FA","ARS Sun 3:30PM","7,700","0","0","61","122.2","72%","0","0","0","0","0","0","0","0","0","0","0","0","0","0","0","0","0","0","0","0","0","0","0","0","0","0","0","0","0","0","0","0","0","0","0","0","0","0","0"
"*03yr0*","Daniel James","LEE","M","497","FA","EVE Mon 7:00PM","2,000","0","0","67","131.7","71%","0","0","0","0","0","0","0","0","0","0","0","0","0","0","0","0","0","0","0","0","0","0","0","0","0","0","0","0","0","0","0","0","0","0","0","0","0","0","0"
"*06v0s*","Eliezer Mayenda","SUN","F","540","FA","WHU Sat 2:00PM","8,200","0","0","64","127","71%","0","0","0","0","0","0","0","0","0","0","0","0","0","0","0","0","0","0","0","0","0","0","0","0","0","0","0","0","0","0","0","0","0","0","0","0","0","0","0"
"*06y9z*","Martin Zubimendi","ARS","M","677","FA","@MUN Sun 3:30PM","7,900","0","0","64","119.3","69%","0","0","0","0","0","0","0","0","0","0","0","0","0","0","0","0","0","0","0","0","0","0","0","0","0","0","0","0","0","0","0","0","0","0","0","0","0","0","0"
"*06v0p*","Enzo Le Fee","SUN","M","522","FA","WHU Sat 2:00PM","5,700","0","0","56","133.3","67%","0","0","0","0","0","0","0","0","0","0","0","0","0","0","0","0","0","0","0","0","0","0","0","0","0","0","0","0","0","0","0","0","0","0","0","0","0","0","0"
"*04qfq*","Matt ORiley","BHA","M","579","FA","FUL Sat 2:00PM","4,200","0","0","58","129.6","66%","0","0","0","0","0","0","0","0","0","0","0","0","0","0","0","0","0","0","0","0","0","0","0","0","0","0","0","0","0","0","0","0","0","0","0","0","0","0","0"
"*06rlj*","Patrick Dorgu","MUN","D","429","FA","ARS Sun 3:30PM","4,300","0","0","61","126.2","65%","0","0","0","0","0","0","0","0","0","0","0","0","0","0","0","0","0","0","0","0","0","0","0","0","0","0","0","0","0","0","0","0","0","0","0","0","0","0","0"
"*06p5s*","Brajan Gruda","BHA","M","462","FA","FUL Sat 2:00PM","4,300","0","0","51","128.9","65%","0","0","0","0","0","0","0","0","0","0","0","0","0","0","0","0","0","0","0","0","0","0","0","0","0","0","0","0","0","0","0","0","0","0","0","0","0","0","0"
"*04hk9*","Mikel Merino","ARS","M","546","FA","@MUN Sun 3:30PM","6,700","0","0","56","137.9","58%","0","0","0","0","0","0","0","0","0","0","0","0","0","0","0","0","0","0","0","0","0","0","0","0","0","0","0","0","0","0","0","0","0","0","0","0","0","0","0"
"*064a0*","Wilfried Gnonto","LEE","F","453","FA","EVE Mon 7:00PM","2,000","0","0","50","137.4","58%","0","0","0","0","0","0","0","0","0","0","0","0","0","0","0","0","0","0","0","0","0","0","0","0","0","0","0","0","0","0","0","0","0","0","0","0","0","0","0"
"*04tsb*","Viktor Gyokeres","ARS","F","469","FA","@MUN Sun 3:30PM","8,700","0","0","51","13.1","56%","0","0","0","0","0","0","0","0","0","0","0","0","0","0","0","0","0","0","0","0","0","0","0","0","0","0","0","0","0","0","0","0","0","0","0","0","0","0","0"
"*06y27*","Loum Tchaouna","BUR","F","642","FA","@TOT Sat 2:00PM","7,200","0","0","24","149","54%","0","0","0","0","0","0","0","0","0","0","0","0","0","0","0","0","0","0","0","0","0","0","0","0","0","0","0","0","0","0","0","0","0","0","0","0","0","0","0"
"*05rl4*","Crysencio Summerville","WHU","M","638","FA","@SUN Sat 2:00PM","4,000","0","0","43","150.6","45%","0","0","0","0","0","0","0","0","0","0","0","0","0","0","0","0","0","0","0","0","0","0","0","0","0","0","0","0","0","0","0","0","0","0","0","0","0","0","0"
"*06rma*","Marshall Munetsi","WOL","M","561","FA","MCI Sat 4:30PM","5,200","0","0","36","153.2","43%","0","0","0","0","0","0","0","0","0","0","0","0","0","0","0","0","0","0","0","0","0","0","0","0","0","0","0","0","0","0","0","0","0","0","0","0","0","0","0"
"*044w8*","Marcus Edwards","BUR","F","433","FA","@TOT Sat 2:00PM","6,700","0","0","31","149.9","42%","0","0","0","0","0","0","0","0","0","0","0","0","0","0","0","0","0","0","0","0","0","0","0","0","0","0","0","0","0","0","0","0","0","0","0","0","0","0","0"
"*06v0g*","Trai Hume","SUN","D","490","FA","WHU Sat 2:00PM","7,000","0","0","40","147.1","42%","0","0","0","0","0","0","0","0","0","0","0","0","0","0","0","0","0","0","0","0","0","0","0","0","0","0","0","0","0","0","0","0","0","0","0","0","0","0","0"
"*06o2t*","Niclas Fullkrug","WHU","F","445","FA","@SUN Sat 2:00PM","4,600","0","0","39","156.4","39%","0","0","0","0","0","0","0","0","0","0","0","0","0","0","0","0","0","0","0","0","0","0","0","0","0","0","0","0","0","0","0","0","0","0","0","0","0","0","0"
"*06zbz*","Hugo Ekitike","LIV","F","434","FA","BOU Fri 7:00PM","7,900","0","0","32","43.5","38%","0","0","0","0","0","0","0","0","0","0","0","0","0","0","0","0","0","0","0","0","0","0","0","0","0","0","0","0","0","0","0","0","0","0","0","0","0","0","0"
"*067x8*","Nico OReilly","MCI","M","578","FA","@WOL Sat 4:30PM","4,400","0","0","25","157.1","29%","0","0","0","0","0","0","0","0","0","0","0","0","0","0","0","0","0","0","0","0","0","0","0","0","0","0","0","0","0","0","0","0","0","0","0","0","0","0","0"
"*06ymu*","El Hadji Malick Diouf","WHU","M","426","FA","@SUN Sat 2:00PM","6,900","0","0","25","140.8","29%","0","0","0","0","0","0","0","0","0","0","0","0","0","0","0","0","0","0","0","0","0","0","0","0","0","0","0","0","0","0","0","0","0","0","0","0","0","0","0"
"*06nu7*","Riccardo Calafiori","ARS","D","396","FA","@MUN Sun 3:30PM","4,600","0","0","28","158.4","29%","0","0","0","0","0","0","0","0","0","0","0","0","0","0","0","0","0","0","0","0","0","0","0","0","0","0","0","0","0","0","0","0","0","0","0","0","0","0","0"
"*04lnu*","Lukas Nmecha","LEE","F","571","FA","EVE Mon 7:00PM","4,300","0","0","26","158.3","27%","0","0","0","0","0","0","0","0","0","0","0","0","0","0","0","0","0","0","0","0","0","0","0","0","0","0","0","0","0","0","0","0","0","0","0","0","0","0","0"
"*06v12*","Fer Lopez","WOL","F","528","FA","MCI Sat 4:30PM","5,200","0","0","30","164.5","26%","0","0","0","0","0","0","0","0","0","0","0","0","0","0","0","0","0","0","0","0","0","0","0","0","0","0","0","0","0","0","0","0","0","0","0","0","0","0","0"
"*062ts*","Djed Spence","TOT","D","632","FA","BUR Sat 2:00PM","6,100","0","0","27","170.9","24%","0","0","0","0","0","0","0","0","0","0","0","0","0","0","0","0","0","0","0","0","0","0","0","0","0","0","0","0","0","0","0","0","0","0","0","0","0","0","0"
"*04ge7*","Donyell Malen","AVL","F","533","FA","NEW Sat 11:30AM","3,100","0","0","14","251.2","24%","0","0","0","0","0","0","0","0","0","0","0","0","0","0","0","0","0","0","0","0","0","0","0","0","0","0","0","0","0","0","0","0","0","0","0","0","0","0","0"
"*06r9h*","Romain Esse","CRY","M","436","FA","@CHE Sun 1:00PM","3,800","0","0","23","184.8","19%","0","0","0","0","0","0","0","0","0","0","0","0","0","0","0","0","0","0","0","0","0","0","0","0","0","0","0","0","0","0","0","0","0","0","0","0","0","0","0"
"*06phe*","Ferdi Kadioglu","BHA","D","504","FA","FUL Sat 2:00PM","4,500","0","0","21","226.9","19%","0","0","0","0","0","0","0","0","0","0","0","0","0","0","0","0","0","0","0","0","0","0","0","0","0","0","0","0","0","0","0","0","0","0","0","0","0","0","0"
"*05220*","Sepp van den Berg","BRF","D","683","FA","@NOT Sun 1:00PM","7,100","0","0","21","206.9","17%","0","0","0","0","0","0","0","0","0","0","0","0","0","0","0","0","0","0","0","0","0","0","0","0","0","0","0","0","0","0","0","0","0","0","0","0","0","0","0"
"*06nvg*","Jota Silva","NOT","F","439","FA","BRF Sun 1:00PM","4,600","0","0","20","222","16%","0","0","0","0","0","0","0","0","0","0","0","0","0","0","0","0","0","0","0","0","0","0","0","0","0","0","0","0","0","0","0","0","0","0","0","0","0","0","0"
"*05ts6*","Yerson Mosquera","WOL","D","557","FA","MCI Sat 4:30PM","4,500","0","0","9","309.9","16%","0","0","0","0","0","0","0","0","0","0","0","0","0","0","0","0","0","0","0","0","0","0","0","0","0","0","0","0","0","0","0","0","0","0","0","0","0","0","0"
"*062oh*","Jake OBrien","EVE","D","576","FA","@LEE Mon 7:00PM","6,500","0","0","18","235.9","16%","0","0","0","0","0","0","0","0","0","0","0","0","0","0","0","0","0","0","0","0","0","0","0","0","0","0","0","0","0","0","0","0","0","0","0","0","0","0","0"
"*06yxe*","Estevao Willian Almeida de Oliveira Goncalves","CHE","F","355","FA","CRY Sun 1:00PM","5,500","0","0","15","227","15%","0","0","0","0","0","0","0","0","0","0","0","0","0","0","0","0","0","0","0","0","0","0","0","0","0","0","0","0","0","0","0","0","0","0","0","0","0","0","0"
"*06xzd*","Charalampos Kostoulas","BHA","F","515","FA","FUL Sat 2:00PM","5,900","0","0","17","258.1","15%","0","0","0","0","0","0","0","0","0","0","0","0","0","0","0","0","0","0","0","0","0","0","0","0","0","0","0","0","0","0","0","0","0","0","0","0","0","0","0"
"*06mve*","Joshua Zirkzee","MUN","F","676","FA","ARS Sun 3:30PM","4,200","0","0","12","283.5","14%","0","0","0","0","0","0","0","0","0","0","0","0","0","0","0","0","0","0","0","0","0","0","0","0","0","0","0","0","0","0","0","0","0","0","0","0","0","0","0"
"*06p4k*","Matthijs de Ligt","MUN","D","679","FA","ARS Sun 3:30PM","6,000","0","0","14","280.4","14%","0","0","0","0","0","0","0","0","0","0","0","0","0","0","0","0","0","0","0","0","0","0","0","0","0","0","0","0","0","0","0","0","0","0","0","0","0","0","0"
"*06zce*","Jhon Arias","WOL","M","362","FA","MCI Sat 4:30PM","4,900","0","0","13","251.1","13%","0","0","0","0","0","0","0","0","0","0","0","0","0","0","0","0","0","0","0","0","0","0","0","0","0","0","0","0","0","0","0","0","0","0","0","0","0","0","0"
"*06y9o*","Igor Jesus Maciel da Cruz","NOT","F","529","FA","BRF Sun 1:00PM","7,000","0","0","15","257.1","12%","0","0","0","0","0","0","0","0","0","0","0","0","0","0","0","0","0","0","0","0","0","0","0","0","0","0","0","0","0","0","0","0","0","0","0","0","0","0","0"
"*06mx0*","Leny Yoro","MUN","D","675","FA","ARS Sun 3:30PM","3,300","0","0","8","325.3","12%","0","0","0","0","0","0","0","0","0","0","0","0","0","0","0","0","0","0","0","0","0","0","0","0","0","0","0","0","0","0","0","0","0","0","0","0","0","0","0"
"*061vp*","Brenden Aaronson","LEE","M","343","FA","EVE Mon 7:00PM","2,000","0","0","14","259.3","11%","0","0","0","0","0","0","0","0","0","0","0","0","0","0","0","0","0","0","0","0","0","0","0","0","0","0","0","0","0","0","0","0","0","0","0","0","0","0","0"
"*05ojf*","Fabio Carvalho","BRF","M","399","FA","@NOT Sun 1:00PM","3,300","0","0","8","329","11%","0","0","0","0","0","0","0","0","0","0","0","0","0","0","0","0","0","0","0","0","0","0","0","0","0","0","0","0","0","0","0","0","0","0","0","0","0","0","0"
"*03zsq*","Kyle Walker-Peters","WHU","D","659","FA","@SUN Sat 2:00PM","6,600","0","0","10","293.3","9%","0","0","0","0","0","0","0","0","0","0","0","0","0","0","0","0","0","0","0","0","0","0","0","0","0","0","0","0","0","0","0","0","0","0","0","0","0","0","0"
"*06v0t*","Wilson Isidor","SUN","F","495","FA","WHU Sat 2:00PM","2,900","0","0","11","305.2","9%","0","0","0","0","0","0","0","0","0","0","0","0","0","0","0","0","0","0","0","0","0","0","0","0","0","0","0","0","0","0","0","0","0","0","0","0","0","0","0"
"*06uzy*","Ao Tanaka","LEE","M","641","FA","EVE Mon 7:00PM","3,800","0","0","9","299.3","9%","0","0","0","0","0","0","0","0","0","0","0","0","0","0","0","0","0","0","0","0","0","0","0","0","0","0","0","0","0","0","0","0","0","0","0","0","0","0","0"
"*06yey*","Borna Sosa","CRY","D","631","FA","@CHE Sun 1:00PM","6,500","0","0","13","298.2","8%","0","0","0","0","0","0","0","0","0","0","0","0","0","0","0","0","0","0","0","0","0","0","0","0","0","0","0","0","0","0","0","0","0","0","0","0","0","0","0"
"*06mn7*","Lucas Bergvall","TOT","M","381","FA","BUR Sat 2:00PM","4,600","0","0","7","373.3","8%","0","0","0","0","0","0","0","0","0","0","0","0","0","0","0","0","0","0","0","0","0","0","0","0","0","0","0","0","0","0","0","0","0","0","0","0","0","0","0"
"*06r7k*","Emmanuel Agbadou","WOL","D","348","FA","MCI Sat 4:30PM","6,600","0","0","5","351.1","7%","0","0","0","0","0","0","0","0","0","0","0","0","0","0","0","0","0","0","0","0","0","0","0","0","0","0","0","0","0","0","0","0","0","0","0","0","0","0","0"
"*06y29*","Habib Diarra","SUN","M","425","FA","WHU Sat 2:00PM","4,500","0","0","8","343.9","7%","0","0","0","0","0","0","0","0","0","0","0","0","0","0","0","0","0","0","0","0","0","0","0","0","0","0","0","0","0","0","0","0","0","0","0","0","0","0","0"
"*0435t*","Ilkay Gundogan","MCI","M","466","FA","@WOL Sat 4:30PM","7,400","0","0","4","441.4","6%","0","0","0","0","0","0","0","0","0","0","0","0","0","0","0","0","0","0","0","0","0","0","0","0","0","0","0","0","0","0","0","0","0","0","0","0","0","0","0"
"*03yqz*","Joe Rodon","LEE","D","604","FA","EVE Mon 7:00PM","6,100","0","0","4","416.1","6%","0","0","0","0","0","0","0","0","0","0","0","0","0","0","0","0","0","0","0","0","0","0","0","0","0","0","0","0","0","0","0","0","0","0","0","0","0","0","0"
"*06pib*","Manuel Ugarte","MUN","M","655","FA","ARS Sun 3:30PM","5,200","0","0","6","393.5","6%","0","0","0","0","0","0","0","0","0","0","0","0","0","0","0","0","0","0","0","0","0","0","0","0","0","0","0","0","0","0","0","0","0","0","0","0","0","0","0"
"*02lk5*","Jordan Henderson","BRF","M","481","FA","@NOT Sun 1:00PM","2,000","0","0","7","350.7","5%","0","0","0","0","0","0","0","0","0","0","0","0","0","0","0","0","0","0","0","0","0","0","0","0","0","0","0","0","0","0","0","0","0","0","0","0","0","0","0"
"*06v0l*","Chris Rigg","SUN","M","601","FA","WHU Sat 2:00PM","6,500","0","0","6","381.2","5%","0","0","0","0","0","0","0","0","0","0","0","0","0","0","0","0","0","0","0","0","0","0","0","0","0","0","0","0","0","0","0","0","0","0","0","0","0","0","0"
"*06mnm*","Marc Guiu","CHE","F","465","FA","CRY Sun 1:00PM","2,000","0","0","3","402.2","5%","0","0","0","0","0","0","0","0","0","0","0","0","0","0","0","0","0","0","0","0","0","0","0","0","0","0","0","0","0","0","0","0","0","0","0","0","0","0","0"
"*06pic*","Andre","WOL","M","650","FA","MCI Sat 4:30PM","5,700","0","0","7","359.8","5%","0","0","0","0","0","0","0","0","0","0","0","0","0","0","0","0","0","0","0","0","0","0","0","0","0","0","0","0","0","0","0","0","0","0","0","0","0","0","0"
"*05mzz*","Pascal Struijk","LEE","D","637","FA","EVE Mon 7:00PM","2,000","0","0","4","374.2","4%","0","0","0","0","0","0","0","0","0","0","0","0","0","0","0","0","0","0","0","0","0","0","0","0","0","0","0","0","0","0","0","0","0","0","0","0","0","0","0"
"*06y26*","Olivier Boscagli","BHA","D","389","FA","FUL Sat 2:00PM","6,100","0","0","4","438.4","4%","0","0","0","0","0","0","0","0","0","0","0","0","0","0","0","0","0","0","0","0","0","0","0","0","0","0","0","0","0","0","0","0","0","0","0","0","0","0","0"
"*068yc*","Yasin Ayari","BHA","M","370","FA","FUL Sat 2:00PM","5,800","0","0","5","408.7","4%","0","0","0","0","0","0","0","0","0","0","0","0","0","0","0","0","0","0","0","0","0","0","0","0","0","0","0","0","0","0","0","0","0","0","0","0","0","0","0"
"*06r2g*","Rio Ngumoha","LIV","F","569","FA","BOU Fri 7:00PM","3,600","0","0","3","376.4","4%","0","0","0","0","0","0","0","0","0","0","0","0","0","0","0","0","0","0","0","0","0","0","0","0","0","0","0","0","0","0","0","0","0","0","0","0","0","0","0"
"*0435m*","Granit Xhaka","SUN","M","672","FA","WHU Sat 2:00PM","2,000","0","0","3","392.2","3%","0","0","0","0","0","0","0","0","0","0","0","0","0","0","0","0","0","0","0","0","0","0","0","0","0","0","0","0","0","0","0","0","0","0","0","0","0","0","0"
"*06y4g*","Antoni Milambo","BRF","M","548","FA","@NOT Sun 1:00PM","3,500","0","0","4","405.2","3%","0","0","0","0","0","0","0","0","0","0","0","0","0","0","0","0","0","0","0","0","0","0","0","0","0","0","0","0","0","0","0","0","0","0","0","0","0","0","0"
"*06ybq*","Chemsdine Talbi","SUN","F","640","FA","WHU Sat 2:00PM","4,100","0","0","5","363","3%","0","0","0","0","0","0","0","0","0","0","0","0","0","0","0","0","0","0","0","0","0","0","0","0","0","0","0","0","0","0","0","0","0","0","0","0","0","0","0"
"*06uyd*","Diego Coppola","BHA","D","411","FA","FUL Sat 2:00PM","4,800","0","0","3","428","3%","0","0","0","0","0","0","0","0","0","0","0","0","0","0","0","0","0","0","0","0","0","0","0","0","0","0","0","0","0","0","0","0","0","0","0","0","0","0","0"
"*06uzo*","Zian Flemming","BUR","M","440","FA","@TOT Sat 2:00PM","3,400","0","0","3","501.3","3%","0","0","0","0","0","0","0","0","0","0","0","0","0","0","0","0","0","0","0","0","0","0","0","0","0","0","0","0","0","0","0","0","0","0","0","0","0","0","0"
"*05opl*","Wesley Fofana","CHE","D","442","FA","CRY Sun 1:00PM","5,500","0","0","4","465.3","3%","0","0","0","0","0","0","0","0","0","0","0","0","0","0","0","0","0","0","0","0","0","0","0","0","0","0","0","0","0","0","0","0","0","0","0","0","0","0","0"
"*05y7c*","Archie Gray","TOT","M","458","FA","BUR Sat 2:00PM","3,500","0","0","3","447","3%","0","0","0","0","0","0","0","0","0","0","0","0","0","0","0","0","0","0","0","0","0","0","0","0","0","0","0","0","0","0","0","0","0","0","0","0","0","0","0"
"*06zbx*","Anton Stach","LEE","M","633","FA","EVE Mon 7:00PM","2,000","0","0","3","391.7","3%","0","0","0","0","0","0","0","0","0","0","0","0","0","0","0","0","0","0","0","0","0","0","0","0","0","0","0","0","0","0","0","0","0","0","0","0","0","0","0"
"*057cr*","Kevin Danso","TOT","D","416","FA","BUR Sat 2:00PM","5,000","0","0","2","506.1","3%","0","0","0","0","0","0","0","0","0","0","0","0","0","0","0","0","0","0","0","0","0","0","0","0","0","0","0","0","0","0","0","0","0","0","0","0","0","0","0"
"*06r9w*","Abdukodir Khusanov","MCI","D","508","FA","@WOL Sat 4:30PM","4,200","0","0","2","467.1","3%","0","0","0","0","0","0","0","0","0","0","0","0","0","0","0","0","0","0","0","0","0","0","0","0","0","0","0","0","0","0","0","0","0","0","0","0","0","0","0"
"*06xza*","Eli Kroupi","BOU","F","517","FA","@LIV Fri 7:00PM","5,400","0","0","4","406.6","3%","0","0","0","0","0","0","0","0","0","0","0","0","0","0","0","0","0","0","0","0","0","0","0","0","0","0","0","0","0","0","0","0","0","0","0","0","0","0","0"
"*04lav*","Ethan Ampadu","LEE","D","357","FA","EVE Mon 7:00PM","5,300","0","0","4","396.2","2%","0","0","0","0","0","0","0","0","0","0","0","0","0","0","0","0","0","0","0","0","0","0","0","0","0","0","0","0","0","0","0","0","0","0","0","0","0","0","0"
"*06v51*","Jaka Bijol","LEE","D","384","FA","EVE Mon 7:00PM","5,000","0","0","3","465.9","2%","0","0","0","0","0","0","0","0","0","0","0","0","0","0","0","0","0","0","0","0","0","0","0","0","0","0","0","0","0","0","0","0","0","0","0","0","0","0","0"
"*06phw*","Federico Chiesa","LIV","F","405","FA","BOU Fri 7:00PM","2,000","0","0","0","-","2%","0","0","0","0","0","0","0","0","0","0","0","0","0","0","0","0","0","0","0","0","0","0","0","0","0","0","0","0","0","0","0","0","0","0","0","0","0","0","0"
"*05gcc*","Kiernan Dewsbury-Hall","CHE","M","424","FA","CRY Sun 1:00PM","2,800","0","0","1","1119.2","2%","0","0","0","0","0","0","0","0","0","0","0","0","0","0","0","0","0","0","0","0","0","0","0","0","0","0","0","0","0","0","0","0","0","0","0","0","0","0","0"
"*06v0j*","Dan Neil","SUN","M","568","FA","WHU Sat 2:00PM","5,100","0","0","5","434","2%","0","0","0","0","0","0","0","0","0","0","0","0","0","0","0","0","0","0","0","0","0","0","0","0","0","0","0","0","0","0","0","0","0","0","0","0","0","0","0"
"*06roj*","Chido Obi-Martin","MUN","F","580","FA","ARS Sun 3:30PM","2,000","0","0","0","-","2%","0","0","0","0","0","0","0","0","0","0","0","0","0","0","0","0","0","0","0","0","0","0","0","0","0","0","0","0","0","0","0","0","0","0","0","0","0","0","0"
"*03brm*","Patrick Roberts","SUN","M","602","FA","WHU Sat 2:00PM","2,000","0","0","1","1123.8","2%","0","0","0","0","0","0","0","0","0","0","0","0","0","0","0","0","0","0","0","0","0","0","0","0","0","0","0","0","0","0","0","0","0","0","0","0","0","0","0"
"*06xzc*","Stefanos Tzimas","BHA","F","654","FA","FUL Sat 2:00PM","5,000","0","0","2","527.7","2%","0","0","0","0","0","0","0","0","0","0","0","0","0","0","0","0","0","0","0","0","0","0","0","0","0","0","0","0","0","0","0","0","0","0","0","0","0","0","0"
"*06yb7*","Gabriel Gudmundsson","LEE","D","464","FA","EVE Mon 7:00PM","4,200","0","0","2","394.6","2%","0","0","0","0","0","0","0","0","0","0","0","0","0","0","0","0","0","0","0","0","0","0","0","0","0","0","0","0","0","0","0","0","0","0","0","0","0","0","0"
"*06yb9*","Reinildo Isnard Mandava","SUN","D","496","FA","WHU Sat 2:00PM","4,800","0","0","3","468.7","2%","0","0","0","0","0","0","0","0","0","0","0","0","0","0","0","0","0","0","0","0","0","0","0","0","0","0","0","0","0","0","0","0","0","0","0","0","0","0","0"
"*05nns*","Danny Ballard","SUN","D","374","FA","WHU Sat 2:00PM","5,800","0","0","4","382.2","2%","0","0","0","0","0","0","0","0","0","0","0","0","0","0","0","0","0","0","0","0","0","0","0","0","0","0","0","0","0","0","0","0","0","0","0","0","0","0","0"
"*05g4d*","Dennis Cirkin","SUN","D","407","FA","WHU Sat 2:00PM","4,300","0","0","2","494.1","2%","0","0","0","0","0","0","0","0","0","0","0","0","0","0","0","0","0","0","0","0","0","0","0","0","0","0","0","0","0","0","0","0","0","0","0","0","0","0","0"
"*06mn8*","Rodrigo Gomes","WOL","M","456","FA","MCI Sat 4:30PM","3,400","0","0","3","475.2","2%","0","0","0","0","0","0","0","0","0","0","0","0","0","0","0","0","0","0","0","0","0","0","0","0","0","0","0","0","0","0","0","0","0","0","0","0","0","0","0"
"*06rm7*","Nico Gonzalez","MCI","M","457","FA","@WOL Sat 4:30PM","4,800","0","0","0","-","2%","0","0","0","0","0","0","0","0","0","0","0","0","0","0","0","0","0","0","0","0","0","0","0","0","0","0","0","0","0","0","0","0","0","0","0","0","0","0","0"
"*06v6n*","Quilindschy Hartman","BUR","D","474","FA","@TOT Sat 2:00PM","6,500","0","0","2","446","2%","0","0","0","0","0","0","0","0","0","0","0","0","0","0","0","0","0","0","0","0","0","0","0","0","0","0","0","0","0","0","0","0","0","0","0","0","0","0","0"
"*06mnc*","Daichi Kamada","CRY","M","505","FA","@CHE Sun 1:00PM","3,900","0","0","1","1038.2","2%","0","0","0","0","0","0","0","0","0","0","0","0","0","0","0","0","0","0","0","0","0","0","0","0","0","0","0","0","0","0","0","0","0","0","0","0","0","0","0"
"*06onx*","Jean-Clair Todibo","WHU","D","647","FA","@SUN Sat 2:00PM","5,200","0","0","2","518.1","2%","0","0","0","0","0","0","0","0","0","0","0","0","0","0","0","0","0","0","0","0","0","0","0","0","0","0","0","0","0","0","0","0","0","0","0","0","0","0","0"
"*03xrs*","Axel Tuanzebe","BUR","D","652","FA","@TOT Sat 2:00PM","3,800","0","0","2","504.7","2%","0","0","0","0","0","0","0","0","0","0","0","0","0","0","0","0","0","0","0","0","0","0","0","0","0","0","0","0","0","0","0","0","0","0","0","0","0","0","0"
"*06mrz*","Pedro Lima","WOL","D","398","FA","MCI Sat 4:30PM","2,000","0","0","1","1043.2","2%","0","0","0","0","0","0","0","0","0","0","0","0","0","0","0","0","0","0","0","0","0","0","0","0","0","0","0","0","0","0","0","0","0","0","0","0","0","0","0"
"*06kyw*","Claudio Echeverri","MCI","M","432","FA","@WOL Sat 4:30PM","2,000","0","0","1","1143.2","2%","0","0","0","0","0","0","0","0","0","0","0","0","0","0","0","0","0","0","0","0","0","0","0","0","0","0","0","0","0","0","0","0","0","0","0","0","0","0","0"
"*063e8*","Goncalo Guedes","WOL","F","446","FA","MCI Sat 4:30PM","4,000","0","0","2","540.1","2%","0","0","0","0","0","0","0","0","0","0","0","0","0","0","0","0","0","0","0","0","0","0","0","0","0","0","0","0","0","0","0","0","0","0","0","0","0","0","0"
"*06r9v*","Andres Garcia","AVL","D","447","FA","NEW Sat 11:30AM","2,200","0","0","0","-","2%","0","0","0","0","0","0","0","0","0","0","0","0","0","0","0","0","0","0","0","0","0","0","0","0","0","0","0","0","0","0","0","0","0","0","0","0","0","0","0"
"*06l4i*","Tyrique George","CHE","F","450","FA","CRY Sun 1:00PM","2,500","0","0","0","-","2%","0","0","0","0","0","0","0","0","0","0","0","0","0","0","0","0","0","0","0","0","0","0","0","0","0","0","0","0","0","0","0","0","0","0","0","0","0","0","0"
"*06mgp*","Luis Guilherme","WHU","M","527","FA","@SUN Sat 2:00PM","2,000","0","0","0","-","2%","0","0","0","0","0","0","0","0","0","0","0","0","0","0","0","0","0","0","0","0","0","0","0","0","0","0","0","0","0","0","0","0","0","0","0","0","0","0","0"
"*06v0m*","Luke ONien","SUN","M","577","FA","WHU Sat 2:00PM","2,000","0","0","0","-","2%","0","0","0","0","0","0","0","0","0","0","0","0","0","0","0","0","0","0","0","0","0","0","0","0","0","0","0","0","0","0","0","0","0","0","0","0","0","0","0"
"*06uzn*","Lucas Pires","BUR","D","590","FA","@TOT Sat 2:00PM","2,000","0","0","0","-","2%","0","0","0","0","0","0","0","0","0","0","0","0","0","0","0","0","0","0","0","0","0","0","0","0","0","0","0","0","0","0","0","0","0","0","0","0","0","0","0"
"*06y59*","Noah Sadiki","SUN","M","615","FA","WHU Sat 2:00PM","5,800","0","0","2","458.6","2%","0","0","0","0","0","0","0","0","0","0","0","0","0","0","0","0","0","0","0","0","0","0","0","0","0","0","0","0","0","0","0","0","0","0","0","0","0","0","0"
"*06635*","Oliver Scarles","WHU","D","621","FA","@SUN Sat 2:00PM","3,800","0","0","1","1069.2","2%","0","0","0","0","0","0","0","0","0","0","0","0","0","0","0","0","0","0","0","0","0","0","0","0","0","0","0","0","0","0","0","0","0","0","0","0","0","0","0"
"*05ogg*","Ajibola Alese","SUN","D","354","FA","WHU Sat 2:00PM","3,500","0","0","1","1122.2","1%","0","0","0","0","0","0","0","0","0","0","0","0","0","0","0","0","0","0","0","0","0","0","0","0","0","0","0","0","0","0","0","0","0","0","0","0","0","0","0"
"*03ek4*","Patrick Bamford","LEE","F","375","FA","EVE Mon 7:00PM","2,000","0","0","0","-","1%","0","0","0","0","0","0","0","0","0","0","0","0","0","0","0","0","0","0","0","0","0","0","0","0","0","0","0","0","0","0","0","0","0","0","0","0","0","0","0"
"*051kl*","Emiliano Buendia","AVL","M","392","FA","NEW Sat 11:30AM","2,100","0","0","2","1094.4","1%","0","0","0","0","0","0","0","0","0","0","0","0","0","0","0","0","0","0","0","0","0","0","0","0","0","0","0","0","0","0","0","0","0","0","0","0","0","0","0"
"*06kx1*","Justin Devenny","CRY","M","422","FA","@CHE Sun 1:00PM","2,800","0","0","0","-","1%","0","0","0","0","0","0","0","0","0","0","0","0","0","0","0","0","0","0","0","0","0","0","0","0","0","0","0","0","0","0","0","0","0","0","0","0","0","0","0"
"*06r5b*","Diego Gomez","BHA","M","470","FA","FUL Sat 2:00PM","3,500","0","0","0","-","1%","0","0","0","0","0","0","0","0","0","0","0","0","0","0","0","0","0","0","0","0","0","0","0","0","0","0","0","0","0","0","0","0","0","0","0","0","0","0","0"
"*06jh3*","Joshua King","FUL","M","510","FA","@BHA Sat 2:00PM","2,300","0","0","0","-","1%","0","0","0","0","0","0","0","0","0","0","0","0","0","0","0","0","0","0","0","0","0","0","0","0","0","0","0","0","0","0","0","0","0","0","0","0","0","0","0"
"*05udw*","Romaine Mundle","SUN","F","560","FA","WHU Sat 2:00PM","5,700","0","0","4","432.7","1%","0","0","0","0","0","0","0","0","0","0","0","0","0","0","0","0","0","0","0","0","0","0","0","0","0","0","0","0","0","0","0","0","0","0","0","0","0","0","0"
"*05afj*","Largie Ramazani","LEE","F","595","FA","EVE Mon 7:00PM","6,900","0","0","3","428","1%","0","0","0","0","0","0","0","0","0","0","0","0","0","0","0","0","0","0","0","0","0","0","0","0","0","0","0","0","0","0","0","0","0","0","0","0","0","0","0"
"*06oav*","Guido Rodriguez","WHU","M","606","FA","@SUN Sat 2:00PM","3,700","0","0","0","-","1%","0","0","0","0","0","0","0","0","0","0","0","0","0","0","0","0","0","0","0","0","0","0","0","0","0","0","0","0","0","0","0","0","0","0","0","0","0","0","0"
"*06uzu*","Mamadou Sarr","CHE","D","620","FA","CRY Sun 1:00PM","2,000","0","0","0","-","1%","0","0","0","0","0","0","0","0","0","0","0","0","0","0","0","0","0","0","0","0","0","0","0","0","0","0","0","0","0","0","0","0","0","0","0","0","0","0","0"
"*06v0y*","Luka Vuskovic","TOT","D","658","FA","BUR Sat 2:00PM","2,000","0","0","0","-","1%","0","0","0","0","0","0","0","0","0","0","0","0","0","0","0","0","0","0","0","0","0","0","0","0","0","0","0","0","0","0","0","0","0","0","0","0","0","0","0"
"*06uns*","Tom Watson","BHA","F","660","FA","FUL Sat 2:00PM","2,000","0","0","0","-","1%","0","0","0","0","0","0","0","0","0","0","0","0","0","0","0","0","0","0","0","0","0","0","0","0","0","0","0","0","0","0","0","0","0","0","0","0","0","0","0"
"*06r5d*","Min-Hyeok Yang","TOT","F","674","FA","BUR Sat 2:00PM","2,000","0","0","0","-","1%","0","0","0","0","0","0","0","0","0","0","0","0","0","0","0","0","0","0","0","0","0","0","0","0","0","0","0","0","0","0","0","0","0","0","0","0","0","0","0"
"*06r9x*","Vitor Reis","MCI","D","681","FA","@WOL Sat 4:30PM","2,000","0","0","0","-","1%","0","0","0","0","0","0","0","0","0","0","0","0","0","0","0","0","0","0","0","0","0","0","0","0","0","0","0","0","0","0","0","0","0","0","0","0","0","0","0"
"*06y28*","Sebastiaan Bornauw","LEE","D","388","FA","EVE Mon 7:00PM","2,000","0","0","0","-","1%","0","0","0","0","0","0","0","0","0","0","0","0","0","0","0","0","0","0","0","0","0","0","0","0","0","0","0","0","0","0","0","0","0","0","0","0","0","0","0"
"*06zbp*","Max Dowman","ARS","M","430","FA","@MUN Sun 3:30PM","2,000","0","0","2","1094.6","1%","0","0","0","0","0","0","0","0","0","0","0","0","0","0","0","0","0","0","0","0","0","0","0","0","0","0","0","0","0","0","0","0","0","0","0","0","0","0","0"
"*06yb8*","Diego Leon","MUN","D","526","FA","ARS Sun 3:30PM","2,000","0","0","1","1135","1%","0","0","0","0","0","0","0","0","0","0","0","0","0","0","0","0","0","0","0","0","0","0","0","0","0","0","0","0","0","0","0","0","0","0","0","0","0","0","0"
"*06zbm*","Cristhian Mosquera","ARS","D","556","FA","@MUN Sun 3:30PM","2,000","0","0","0","-","1%","0","0","0","0","0","0","0","0","0","0","0","0","0","0","0","0","0","0","0","0","0","0","0","0","0","0","0","0","0","0","0","0","0","0","0","0","0","0","0"
"*06cly*","Enock Agyei","BUR","F","350","FA","@TOT Sat 2:00PM","2,000","0","0","0","-","1%","0","0","0","0","0","0","0","0","0","0","0","0","0","0","0","0","0","0","0","0","0","0","0","0","0","0","0","0","0","0","0","0","0","0","0","0","0","0","0"
"*06l2r*","Harry Amass","MUN","D","356","FA","ARS Sun 3:30PM","2,800","0","0","0","-","1%","0","0","0","0","0","0","0","0","0","0","0","0","0","0","0","0","0","0","0","0","0","0","0","0","0","0","0","0","0","0","0","0","0","0","0","0","0","0","0"
"*06r5m*","Aaron Anselmino","CHE","D","359","FA","CRY Sun 1:00PM","2,000","0","0","0","-","1%","0","0","0","0","0","0","0","0","0","0","0","0","0","0","0","0","0","0","0","0","0","0","0","0","0","0","0","0","0","0","0","0","0","0","0","0","0","0","0"
"*06p4l*","Julian Araujo","BOU","D","360","FA","@LIV Fri 7:00PM","2,200","0","0","0","-","1%","0","0","0","0","0","0","0","0","0","0","0","0","0","0","0","0","0","0","0","0","0","0","0","0","0","0","0","0","0","0","0","0","0","0","0","0","0","0","0"
"*06onv*","Harrison Armstrong","EVE","M","363","FA","@LEE Mon 7:00PM","2,000","0","0","0","-","1%","0","0","0","0","0","0","0","0","0","0","0","0","0","0","0","0","0","0","0","0","0","0","0","0","0","0","0","0","0","0","0","0","0","0","0","0","0","0","0"
"*05r4h*","Lamare Bogarde","AVL","D","387","FA","NEW Sat 11:30AM","2,800","0","0","0","-","1%","0","0","0","0","0","0","0","0","0","0","0","0","0","0","0","0","0","0","0","0","0","0","0","0","0","0","0","0","0","0","0","0","0","0","0","0","0","0","0"
"*06uzv*","Dario Essugo","CHE","M","401","FA","CRY Sun 1:00PM","2,000","0","0","0","-","1%","0","0","0","0","0","0","0","0","0","0","0","0","0","0","0","0","0","0","0","0","0","0","0","0","0","0","0","0","0","0","0","0","0","0","0","0","0","0","0"
"*06crn*","Toby Collyer","MUN","M","409","FA","ARS Sun 3:30PM","3,200","0","0","0","-","1%","0","0","0","0","0","0","0","0","0","0","0","0","0","0","0","0","0","0","0","0","0","0","0","0","0","0","0","0","0","0","0","0","0","0","0","0","0","0","0"
"*064op*","Tyler Fredricson","MUN","D","443","FA","ARS Sun 3:30PM","3,700","0","0","0","-","1%","0","0","0","0","0","0","0","0","0","0","0","0","0","0","0","0","0","0","0","0","0","0","0","0","0","0","0","0","0","0","0","0","0","0","0","0","0","0","0"
"*06v03*","Harry Gray","LEE","F","459","FA","EVE Mon 7:00PM","2,000","0","0","0","-","1%","0","0","0","0","0","0","0","0","0","0","0","0","0","0","0","0","0","0","0","0","0","0","0","0","0","0","0","0","0","0","0","0","0","0","0","0","0","0","0"
"*05r4r*","Sam Greenwood","LEE","F","461","FA","EVE Mon 7:00PM","2,000","0","0","0","-","1%","0","0","0","0","0","0","0","0","0","0","0","0","0","0","0","0","0","0","0","0","0","0","0","0","0","0","0","0","0","0","0","0","0","0","0","0","0","0","0"
"*06kqy*","Ayden Heaven","MUN","D","478","FA","ARS Sun 3:30PM","3,700","0","0","0","-","1%","0","0","0","0","0","0","0","0","0","0","0","0","0","0","0","0","0","0","0","0","0","0","0","0","0","0","0","0","0","0","0","0","0","0","0","0","0","0","0"
"*04yjx*","Ki-Jana Hoever","WOL","D","487","FA","MCI Sat 4:30PM","2,000","0","0","0","-","1%","0","0","0","0","0","0","0","0","0","0","0","0","0","0","0","0","0","0","0","0","0","0","0","0","0","0","0","0","0","0","0","0","0","0","0","0","0","0","0"
"*06mnb*","Samuel Iling-Junior","AVL","F","492","FA","NEW Sat 11:30AM","2,000","0","0","0","-","1%","0","0","0","0","0","0","0","0","0","0","0","0","0","0","0","0","0","0","0","0","0","0","0","0","0","0","0","0","0","0","0","0","0","0","0","0","0","0","0"
"*066t2*","Will Lankshear","TOT","F","520","FA","BUR Sat 2:00PM","2,000","0","0","0","-","1%","0","0","0","0","0","0","0","0","0","0","0","0","0","0","0","0","0","0","0","0","0","0","0","0","0","0","0","0","0","0","0","0","0","0","0","0","0","0","0"
"*06do1*","Zach Marsh","CRY","F","537","FA","@CHE Sun 1:00PM","2,000","0","0","0","-","1%","0","0","0","0","0","0","0","0","0","0","0","0","0","0","0","0","0","0","0","0","0","0","0","0","0","0","0","0","0","0","0","0","0","0","0","0","0","0","0"
"*05uhk*","Tyler Morton","LIV","M","555","FA","BOU Fri 7:00PM","2,000","0","0","0","-","1%","0","0","0","0","0","0","0","0","0","0","0","0","0","0","0","0","0","0","0","0","0","0","0","0","0","0","0","0","0","0","0","0","0","0","0","0","0","0","0"
"*06rrr*","Hindolo Mustapha","CRY","M","564","FA","@CHE Sun 1:00PM","2,000","0","0","0","-","1%","0","0","0","0","0","0","0","0","0","0","0","0","0","0","0","0","0","0","0","0","0","0","0","0","0","0","0","0","0","0","0","0","0","0","0","0","0","0","0"
"*06phr*","Gustavo Nunes","BRF","F","573","FA","@NOT Sun 1:00PM","2,000","0","0","0","-","1%","0","0","0","0","0","0","0","0","0","0","0","0","0","0","0","0","0","0","0","0","0","0","0","0","0","0","0","0","0","0","0","0","0","0","0","0","0","0","0"
"*06hze*","Treymaurice Nyoni","LIV","M","574","FA","BOU Fri 7:00PM","2,000","0","0","0","-","1%","0","0","0","0","0","0","0","0","0","0","0","0","0","0","0","0","0","0","0","0","0","0","0","0","0","0","0","0","0","0","0","0","0","0","0","0","0","0","0"
"*066iz*","Lewis Orford","WHU","M","582","FA","@SUN Sat 2:00PM","2,100","0","0","0","-","1%","0","0","0","0","0","0","0","0","0","0","0","0","0","0","0","0","0","0","0","0","0","0","0","0","0","0","0","0","0","0","0","0","0","0","0","0","0","0","0"
"*06pig*","Morato","NOT","D","605","FA","BRF Sun 1:00PM","3,800","0","0","0","-","1%","0","0","0","0","0","0","0","0","0","0","0","0","0","0","0","0","0","0","0","0","0","0","0","0","0","0","0","0","0","0","0","0","0","0","0","0","0","0","0"
"*06uzx*","Isaac Schmidt","LEE","D","622","FA","EVE Mon 7:00PM","2,000","0","0","0","-","1%","0","0","0","0","0","0","0","0","0","0","0","0","0","0","0","0","0","0","0","0","0","0","0","0","0","0","0","0","0","0","0","0","0","0","0","0","0","0","0"
"*06r7f*","Julio Soler","BOU","D","629","FA","@LIV Fri 7:00PM","2,000","0","0","0","-","1%","0","0","0","0","0","0","0","0","0","0","0","0","0","0","0","0","0","0","0","0","0","0","0","0","0","0","0","0","0","0","0","0","0","0","0","0","0","0","0"
"*06msb*","Malick Yalcouye","BHA","M","673","FA","FUL Sat 2:00PM","2,000","0","0","0","-","1%","0","0","0","0","0","0","0","0","0","0","0","0","0","0","0","0","0","0","0","0","0","0","0","0","0","0","0","0","0","0","0","0","0","0","0","0","0","0","0"
"*06v0u*","Ahmed Abdullahi","SUN","F","345","FA","WHU Sat 2:00PM","2,000","0","0","0","-","0%","0","0","0","0","0","0","0","0","0","0","0","0","0","0","0","0","0","0","0","0","0","0","0","0","0","0","0","0","0","0","0","0","0","0","0","0","0","0","0"
"*067y2*","Daniel Adu-Addei","BOU","F","347","FA","@LIV Fri 7:00PM","2,000","0","0","0","-","0%","0","0","0","0","0","0","0","0","0","0","0","0","0","0","0","0","0","0","0","0","0","0","0","0","0","0","0","0","0","0","0","0","0","0","0","0","0","0","0"
"*06nvc*","Asher Agbinone","CRY","M","349","FA","@CHE Sun 1:00PM","2,000","0","0","0","-","0%","0","0","0","0","0","0","0","0","0","0","0","0","0","0","0","0","0","0","0","0","0","0","0","0","0","0","0","0","0","0","0","0","0","0","0","0","0","0","0"
"*06v0v*","Milan Aleksic","SUN","F","353","FA","WHU Sat 2:00PM","2,000","0","0","0","-","0%","0","0","0","0","0","0","0","0","0","0","0","0","0","0","0","0","0","0","0","0","0","0","0","0","0","0","0","0","0","0","0","0","0","0","0","0","0","0","0"
"*06kwh*","Benjamin Arthur","BRF","D","365","FA","@NOT Sun 1:00PM","2,000","0","0","0","-","0%","0","0","0","0","0","0","0","0","0","0","0","0","0","0","0","0","0","0","0","0","0","0","0","0","0","0","0","0","0","0","0","0","0","0","0","0","0","0","0"
"*06zef*","Adam Aznou","EVE","D","371","FA","@LEE Mon 7:00PM","2,000","0","0","0","-","0%","0","0","0","0","0","0","0","0","0","0","0","0","0","0","0","0","0","0","0","0","0","0","0","0","0","0","0","0","0","0","0","0","0","0","0","0","0","0","0"
"*06cm7*","Josh Bowler","NOT","M","390","FA","BRF Sun 1:00PM","2,000","0","0","0","1104","0%","0","0","0","0","0","0","0","0","0","0","0","0","0","0","0","0","0","0","0","0","0","0","0","0","0","0","0","0","0","0","0","0","0","0","0","0","0","0","0"
"*06v0k*","Alan Browne","SUN","M","391","FA","WHU Sat 2:00PM","2,000","0","0","0","-","0%","0","0","0","0","0","0","0","0","0","0","0","0","0","0","0","0","0","0","0","0","0","0","0","0","0","0","0","0","0","0","0","0","0","0","0","0","0","0","0"
"*03ysd*","Sam Byram","LEE","D","394","FA","EVE Mon 7:00PM","2,000","0","0","0","-","0%","0","0","0","0","0","0","0","0","0","0","0","0","0","0","0","0","0","0","0","0","0","0","0","0","0","0","0","0","0","0","0","0","0","0","0","0","0","0","0"
"*06v00*","Sam Chambers","LEE","M","403","FA","EVE Mon 7:00PM","2,000","0","0","0","-","0%","0","0","0","0","0","0","0","0","0","0","0","0","0","0","0","0","0","0","0","0","0","0","0","0","0","0","0","0","0","0","0","0","0","0","0","0","0","0","0"
"*06xzh*","Antonito Cordero","NEW","F","412","FA","@AVL Sat 11:30AM","2,000","0","0","0","-","0%","0","0","0","0","0","0","0","0","0","0","0","0","0","0","0","0","0","0","0","0","0","0","0","0","0","0","0","0","0","0","0","0","0","0","0","0","0","0","0"
"*06xzf*","Charlie Crew","LEE","M","414","FA","EVE Mon 7:00PM","2,000","0","0","0","-","0%","0","0","0","0","0","0","0","0","0","0","0","0","0","0","0","0","0","0","0","0","0","0","0","0","0","0","0","0","0","0","0","0","0","0","0","0","0","0","0"
"*06nyw*","Jorge Cuenca","FUL","D","415","FA","@BHA Sat 2:00PM","2,700","0","0","0","-","0%","0","0","0","0","0","0","0","0","0","0","0","0","0","0","0","0","0","0","0","0","0","0","0","0","0","0","0","0","0","0","0","0","0","0","0","0","0","0","0"
"*05nio*","Alfie Devine","TOT","M","423","FA","BUR Sat 2:00PM","2,000","0","0","0","-","0%","0","0","0","0","0","0","0","0","0","0","0","0","0","0","0","0","0","0","0","0","0","0","0","0","0","0","0","0","0","0","0","0","0","0","0","0","0","0","0"
"*06xzb*","Romelle Donovan","BRF","M","428","FA","@NOT Sun 1:00PM","2,000","0","0","0","-","0%","0","0","0","0","0","0","0","0","0","0","0","0","0","0","0","0","0","0","0","0","0","0","0","0","0","0","0","0","0","0","0","0","0","0","0","0","0","0","0"
"*062ck*","Malcolm Ebiowei","CRY","F","431","FA","@CHE Sun 1:00PM","2,000","0","0","0","-","0%","0","0","0","0","0","0","0","0","0","0","0","0","0","0","0","0","0","0","0","0","0","0","0","0","0","0","0","0","0","0","0","0","0","0","0","0","0","0","0"
"*066j4*","Mateo Joseph","LEE","F","438","FA","EVE Mon 7:00PM","2,000","0","0","0","-","0%","0","0","0","0","0","0","0","0","0","0","0","0","0","0","0","0","0","0","0","0","0","0","0","0","0","0","0","0","0","0","0","0","0","0","0","0","0","0","0"
"*06mul*","Jack Fletcher","MUN","M","441","FA","ARS Sun 3:30PM","2,000","0","0","0","-","0%","0","0","0","0","0","0","0","0","0","0","0","0","0","0","0","0","0","0","0","0","0","0","0","0","0","0","0","0","0","0","0","0","0","0","0","0","0","0","0"
"*06v01*","Ilia Gruev","LEE","M","463","FA","EVE Mon 7:00PM","4,800","0","0","3","517.7","0%","0","0","0","0","0","0","0","0","0","0","0","0","0","0","0","0","0","0","0","0","0","0","0","0","0","0","0","0","0","0","0","0","0","0","0","0","0","0","0"
"*06rnm*","Isaac Heath","EVE","F","476","FA","@LEE Mon 7:00PM","2,000","0","0","0","-","0%","0","0","0","0","0","0","0","0","0","0","0","0","0","0","0","0","0","0","0","0","0","0","0","0","0","0","0","0","0","0","0","0","0","0","0","0","0","0","0"
"*06prv*","Jamaldeen Jimoh","AVL","M","499","FA","NEW Sat 11:30AM","2,000","0","0","0","-","0%","0","0","0","0","0","0","0","0","0","0","0","0","0","0","0","0","0","0","0","0","0","0","0","0","0","0","0","0","0","0","0","0","0","0","0","0","0","0","0"
"*06pms*","Ismeal Kabia","ARS","F","503","FA","@MUN Sun 3:30PM","2,000","0","0","0","-","0%","0","0","0","0","0","0","0","0","0","0","0","0","0","0","0","0","0","0","0","0","0","0","0","0","0","0","0","0","0","0","0","0","0","0","0","0","0","0","0"
"*06pez*","Mohamadou Kante","WHU","M","506","FA","@SUN Sat 2:00PM","2,000","0","0","0","-","0%","0","0","0","0","0","0","0","0","0","0","0","0","0","0","0","0","0","0","0","0","0","0","0","0","0","0","0","0","0","0","0","0","0","0","0","0","0","0","0"
"*06ils*","Yunus Konak","BRF","M","513","FA","@NOT Sun 1:00PM","2,000","0","0","0","-","0%","0","0","0","0","0","0","0","0","0","0","0","0","0","0","0","0","0","0","0","0","0","0","0","0","0","0","0","0","0","0","0","0","0","0","0","0","0","0","0"
"*06roh*","Sekou Kone","MUN","M","514","FA","ARS Sun 3:30PM","2,000","0","0","0","-","0%","0","0","0","0","0","0","0","0","0","0","0","0","0","0","0","0","0","0","0","0","0","0","0","0","0","0","0","0","0","0","0","0","0","0","0","0","0","0","0"
"*06nvb*","Caleb Kporha","CRY","D","516","FA","@CHE Sun 1:00PM","2,000","0","0","0","-","0%","0","0","0","0","0","0","0","0","0","0","0","0","0","0","0","0","0","0","0","0","0","0","0","0","0","0","0","0","0","0","0","0","0","0","0","0","0","0","0"
"*06mgn*","Rio Kyerematen","TOT","M","518","FA","BUR Sat 2:00PM","2,000","0","0","0","-","0%","0","0","0","0","0","0","0","0","0","0","0","0","0","0","0","0","0","0","0","0","0","0","0","0","0","0","0","0","0","0","0","0","0","0","0","0","0","0","0"
"*03dyx*","Josh Laurent","BUR","M","521","FA","@TOT Sat 2:00PM","2,000","0","0","0","-","0%","0","0","0","0","0","0","0","0","0","0","0","0","0","0","0","0","0","0","0","0","0","0","0","0","0","0","0","0","0","0","0","0","0","0","0","0","0","0","0"
"*062ft*","Tyrell Malacia","MUN","D","532","FA","ARS Sun 3:30PM","2,000","0","0","0","-","0%","0","0","0","0","0","0","0","0","0","0","0","0","0","0","0","0","0","0","0","0","0","0","0","0","0","0","0","0","0","0","0","0","0","0","0","0","0","0","0"
"*06tf6*","Bendito Mantato","MUN","M","535","FA","ARS Sun 3:30PM","2,000","0","0","0","-","0%","0","0","0","0","0","0","0","0","0","0","0","0","0","0","0","0","0","0","0","0","0","0","0","0","0","0","0","0","0","0","0","0","0","0","0","0","0","0","0"
"*06hcm*","Callum Marshall","WHU","F","538","FA","@SUN Sat 2:00PM","2,000","0","0","0","-","0%","0","0","0","0","0","0","0","0","0","0","0","0","0","0","0","0","0","0","0","0","0","0","0","0","0","0","0","0","0","0","0","0","0","0","0","0","0","0","0"
"*06mgk*","Jayden Meghoma","BRF","D","545","FA","@NOT Sun 1:00PM","2,000","0","0","0","-","0%","0","0","0","0","0","0","0","0","0","0","0","0","0","0","0","0","0","0","0","0","0","0","0","0","0","0","0","0","0","0","0","0","0","0","0","0","0","0","0"
"*06on6*","Anthony Munda","NEW","M","559","FA","@AVL Sat 11:30AM","2,000","0","0","0","-","0%","0","0","0","0","0","0","0","0","0","0","0","0","0","0","0","0","0","0","0","0","0","0","0","0","0","0","0","0","0","0","0","0","0","0","0","0","0","0","0"
"*06v09*","Reece Munro","MUN","D","562","FA","ARS Sun 3:30PM","2,000","0","0","0","-","0%","0","0","0","0","0","0","0","0","0","0","0","0","0","0","0","0","0","0","0","0","0","0","0","0","0","0","0","0","0","0","0","0","0","0","0","0","0","0","0"
"*06rnn*","Sean Neave","NEW","F","567","FA","@AVL Sat 11:30AM","2,000","0","0","0","-","0%","0","0","0","0","0","0","0","0","0","0","0","0","0","0","0","0","0","0","0","0","0","0","0","0","0","0","0","0","0","0","0","0","0","0","0","0","0","0","0"
"*06nk3*","Josh Nichols","ARS","D","570","FA","@MUN Sun 3:30PM","2,000","0","0","0","-","0%","0","0","0","0","0","0","0","0","0","0","0","0","0","0","0","0","0","0","0","0","0","0","0","0","0","0","0","0","0","0","0","0","0","0","0","0","0","0","0"
"*06ys4*","Sverre Nypan","MCI","M","575","FA","@WOL Sat 4:30PM","2,000","0","0","0","-","0%","0","0","0","0","0","0","0","0","0","0","0","0","0","0","0","0","0","0","0","0","0","0","0","0","0","0","0","0","0","0","0","0","0","0","0","0","0","0","0"
"*06qq8*","Callum Olusesi","TOT","M","581","FA","BUR Sat 2:00PM","2,000","0","0","0","-","0%","0","0","0","0","0","0","0","0","0","0","0","0","0","0","0","0","0","0","0","0","0","0","0","0","0","0","0","0","0","0","0","0","0","0","0","0","0","0","0"
"*06awp*","Travis Patterson","AVL","D","585","FA","NEW Sat 11:30AM","2,000","0","0","0","-","0%","0","0","0","0","0","0","0","0","0","0","0","0","0","0","0","0","0","0","0","0","0","0","0","0","0","0","0","0","0","0","0","0","0","0","0","0","0","0","0"
"*06xzk*","Timothee Pembele","SUN","D","588","FA","WHU Sat 2:00PM","2,000","0","0","0","-","0%","0","0","0","0","0","0","0","0","0","0","0","0","0","0","0","0","0","0","0","0","0","0","0","0","0","0","0","0","0","0","0","0","0","0","0","0","0","0","0"
"*06r3w*","Remy Rees-Dottin","BOU","F","597","FA","@LIV Fri 7:00PM","2,000","0","0","0","-","0%","0","0","0","0","0","0","0","0","0","0","0","0","0","0","0","0","0","0","0","0","0","0","0","0","0","0","0","0","0","0","0","0","0","0","0","0","0","0","0"
"*06prt*","Triston Rowe","AVL","D","609","FA","NEW Sat 11:30AM","2,000","0","0","0","-","0%","0","0","0","0","0","0","0","0","0","0","0","0","0","0","0","0","0","0","0","0","0","0","0","0","0","0","0","0","0","0","0","0","0","0","0","0","0","0","0"
"*05x9k*","Jeremy Sarmiento","BHA","M","618","FA","FUL Sat 2:00PM","2,000","0","0","0","-","0%","0","0","0","0","0","0","0","0","0","0","0","0","0","0","0","0","0","0","0","0","0","0","0","0","0","0","0","0","0","0","0","0","0","0","0","0","0","0","0"
"*062cj*","Abdallah Sima","BHA","F","627","FA","FUL Sat 2:00PM","2,000","0","0","0","-","0%","0","0","0","0","0","0","0","0","0","0","0","0","0","0","0","0","0","0","0","0","0","0","0","0","0","0","0","0","0","0","0","0","0","0","0","0","0","0","0"
"*06kk4*","Franco Umeh-Chibueze","CRY","F","656","FA","@CHE Sun 1:00PM","2,000","0","0","0","-","0%","0","0","0","0","0","0","0","0","0","0","0","0","0","0","0","0","0","0","0","0","0","0","0","0","0","0","0","0","0","0","0","0","0","0","0","0","0","0","0"
"*06qq9*","Luca Williams-Barnett","TOT","M,F","667","FA","BUR Sat 2:00PM","2,000","0","0","0","-","0%","0","0","0","0","0","0","0","0","0","0","0","0","0","0","0","0","0","0","0","0","0","0","0","0","0","0","0","0","0","0","0","0","0","0","0","0","0","0","0"
"*05wwd*","Joshua Wilson-Esbrand","MCI","D","668","FA","@WOL Sat 4:30PM","2,000","0","0","0","-","0%","0","0","0","0","0","0","0","0","0","0","0","0","0","0","0","0","0","0","0","0","0","0","0","0","0","0","0","0","0","0","0","0","0","0","0","0","0","0","0"
"*06qwh*","Ben Winterburn","BOU","M","669","FA","@LIV Fri 7:00PM","2,000","0","0","0","-","0%","0","0","0","0","0","0","0","0","0","0","0","0","0","0","0","0","0","0","0","0","0","0","0","0","0","0","0","0","0","0","0","0","0","0","0","0","0","0","0"
"*06mnd*","Eric da Silva Moreira","NOT","F","678","FA","BRF Sun 1:00PM","2,000","0","0","0","-","0%","0","0","0","0","0","0","0","0","0","0","0","0","0","0","0","0","0","0","0","0","0","0","0","0","0","0","0","0","0","0","0","0","0","0","0","0","0","0","0"
"*06unr*","Yasin Ozcan","AVL","D","684","FA","NEW Sat 11:30AM","2,000","0","0","0","-","0%","0","0","0","0","0","0","0","0","0","0","0","0","0","0","0","0","0","0","0","0","0","0","0","0","0","0","0","0","0","0","0","0","0","0","0","0","0","0","0"
"*06awq*","George Abbott","TOT","M","344","FA","BUR Sat 2:00PM","2,000","0","0","0","-","0%","0","0","0","0","0","0","0","0","0","0","0","0","0","0","0","0","0","0","0","0","0","0","0","0","0","0","0","0","0","0","0","0","0","0","0","0","0","0","0"
"*06yb6*","Oluwaseun Adewumi","BUR","M","346","FA","@TOT Sat 2:00PM","2,000","0","0","0","-","0%","0","0","0","0","0","0","0","0","0","0","0","0","0","0","0","0","0","0","0","0","0","0","0","0","0","0","0","0","0","0","0","0","0","0","0","0","0","0","0"
"*06zc7*","Yusuf Akhamrich","TOT","F","351","FA","BUR Sat 2:00PM","2,000","0","0","0","-","0%","0","0","0","0","0","0","0","0","0","0","0","0","0","0","0","0","0","0","0","0","0","0","0","0","0","0","0","0","0","0","0","0","0","0","0","0","0","0","0"
"*05uh0*","Joseph Anderson","SUN","D","358","FA","WHU Sat 2:00PM","2,000","0","0","0","-","0%","0","0","0","0","0","0","0","0","0","0","0","0","0","0","0","0","0","0","0","0","0","0","0","0","0","0","0","0","0","0","0","0","0","0","0","0","0","0","0"
"*06zc4*","Pele Arganese-McDermott","TOT","D","361","FA","BUR Sat 2:00PM","2,000","0","0","0","-","0%","0","0","0","0","0","0","0","0","0","0","0","0","0","0","0","0","0","0","0","0","0","0","0","0","0","0","0","0","0","0","0","0","0","0","0","0","0","0","0"
"*05ogh*","Harrison Ashby","NEW","D","366","FA","@AVL Sat 11:30AM","2,000","0","0","0","-","0%","0","0","0","0","0","0","0","0","0","0","0","0","0","0","0","0","0","0","0","0","0","0","0","0","0","0","0","0","0","0","0","0","0","0","0","0","0","0","0"
"*06zc2*","Tyrell Ashcroft","TOT","D","367","FA","BUR Sat 2:00PM","2,000","0","0","0","-","0%","0","0","0","0","0","0","0","0","0","0","0","0","0","0","0","0","0","0","0","0","0","0","0","0","0","0","0","0","0","0","0","0","0","0","0","0","0","0","0"
"*06xzn*","Abdoullah Ba","SUN","M","372","FA","WHU Sat 2:00PM","2,000","0","0","0","-","0%","0","0","0","0","0","0","0","0","0","0","0","0","0","0","0","0","0","0","0","0","0","0","0","0","0","0","0","0","0","0","0","0","0","0","0","0","0","0","0"
"*06uzr*","Jaydon Banel","BUR","F","376","FA","@TOT Sat 2:00PM","2,000","0","0","0","-","0%","0","0","0","0","0","0","0","0","0","0","0","0","0","0","0","0","0","0","0","0","0","0","0","0","0","0","0","0","0","0","0","0","0","0","0","0","0","0","0"
"*03dxr*","Ashley Barnes","BUR","F","377","FA","@TOT Sat 2:00PM","2,000","0","0","0","-","0%","0","0","0","0","0","0","0","0","0","0","0","0","0","0","0","0","0","0","0","0","0","0","0","0","0","0","0","0","0","0","0","0","0","0","0","0","0","0","0"
"*0643r*","Owen Bevan","BOU","D","383","FA","@LIV Fri 7:00PM","2,000","0","0","0","-","0%","0","0","0","0","0","0","0","0","0","0","0","0","0","0","0","0","0","0","0","0","0","0","0","0","0","0","0","0","0","0","0","0","0","0","0","0","0","0","0"
"*06zc3*","Junai Byfield","TOT","D","393","FA","BUR Sat 2:00PM","2,000","0","0","0","-","0%","0","0","0","0","0","0","0","0","0","0","0","0","0","0","0","0","0","0","0","0","0","0","0","0","0","0","0","0","0","0","0","0","0","0","0","0","0","0","0"
"*06zbt*","Rio Cardines","CRY","M","397","FA","@CHE Sun 1:00PM","2,000","0","0","0","-","0%","0","0","0","0","0","0","0","0","0","0","0","0","0","0","0","0","0","0","0","0","0","0","0","0","0","0","0","0","0","0","0","0","0","0","0","0","0","0","0"
"*06q2g*","Dante Cassanova","TOT","D","400","FA","BUR Sat 2:00PM","2,000","0","0","0","-","0%","0","0","0","0","0","0","0","0","0","0","0","0","0","0","0","0","0","0","0","0","0","0","0","0","0","0","0","0","0","0","0","0","0","0","0","0","0","0","0"
"*06yxd*","Rhys Chadwick","LEE","M","402","FA","EVE Mon 7:00PM","2,000","0","0","0","-","0%","0","0","0","0","0","0","0","0","0","0","0","0","0","0","0","0","0","0","0","0","0","0","0","0","0","0","0","0","0","0","0","0","0","0","0","0","0","0","0"
"*06c4r*","Darko Churlinov","BUR","F","406","FA","@TOT Sat 2:00PM","2,000","0","0","0","-","0%","0","0","0","0","0","0","0","0","0","0","0","0","0","0","0","0","0","0","0","0","0","0","0","0","0","0","0","0","0","0","0","0","0","0","0","0","0","0","0"
"*06zbv*","Justin Clarke","EVE","M","408","FA","@LEE Mon 7:00PM","2,000","0","0","0","-","0%","0","0","0","0","0","0","0","0","0","0","0","0","0","0","0","0","0","0","0","0","0","0","0","0","0","0","0","0","0","0","0","0","0","0","0","0","0","0","0"
"*06zbo*","Louie Copley","ARS","M","410","FA","@MUN Sun 3:30PM","2,000","0","0","0","-","0%","0","0","0","0","0","0","0","0","0","0","0","0","0","0","0","0","0","0","0","0","0","0","0","0","0","0","0","0","0","0","0","0","0","0","0","0","0","0","0"
"*05tz8*","Emmanuel Dennis","NOT","F","420","FA","BRF Sun 1:00PM","2,000","0","0","0","-","0%","0","0","0","0","0","0","0","0","0","0","0","0","0","0","0","0","0","0","0","0","0","0","0","0","0","0","0","0","0","0","0","0","0","0","0","0","0","0","0"
"*05ux0*","Owen Dodgson","BUR","D","427","FA","@TOT Sat 2:00PM","2,000","0","0","0","-","0%","0","0","0","0","0","0","0","0","0","0","0","0","0","0","0","0","0","0","0","0","0","0","0","0","0","0","0","0","0","0","0","0","0","0","0","0","0","0","0"
"*05yf8*","Pierre Ekwah","SUN","M","435","FA","WHU Sat 2:00PM","2,000","0","0","0","-","0%","0","0","0","0","0","0","0","0","0","0","0","0","0","0","0","0","0","0","0","0","0","0","0","0","0","0","0","0","0","0","0","0","0","0","0","0","0","0","0"
"*06zcd*","Preston Fearon","WHU","M","437","FA","@SUN Sat 2:00PM","2,000","0","0","0","-","0%","0","0","0","0","0","0","0","0","0","0","0","0","0","0","0","0","0","0","0","0","0","0","0","0","0","0","0","0","0","0","0","0","0","0","0","0","0","0","0"
"*05n3u*","Joe Gelhardt","LEE","F","449","FA","EVE Mon 7:00PM","2,000","0","0","0","-","0%","0","0","0","0","0","0","0","0","0","0","0","0","0","0","0","0","0","0","0","0","0","0","0","0","0","0","0","0","0","0","0","0","0","0","0","0","0","0","0"
"*06441*","Martial Godo","FUL","F","454","FA","@BHA Sat 2:00PM","2,000","0","0","0","-","0%","0","0","0","0","0","0","0","0","0","0","0","0","0","0","0","0","0","0","0","0","0","0","0","0","0","0","0","0","0","0","0","0","0","0","0","0","0","0","0"
"*06zcc*","Airidas Golambeckis","WHU","D","455","FA","@SUN Sat 2:00PM","2,000","0","0","0","-","0%","0","0","0","0","0","0","0","0","0","0","0","0","0","0","0","0","0","0","0","0","0","0","0","0","0","0","0","0","0","0","0","0","0","0","0","0","0","0","0"
"*062du*","Darko Gyabi","LEE","M","468","FA","EVE Mon 7:00PM","2,000","0","0","0","-","0%","0","0","0","0","0","0","0","0","0","0","0","0","0","0","0","0","0","0","0","0","0","0","0","0","0","0","0","0","0","0","0","0","0","0","0","0","0","0","0"
"*06lvm*","Tyrese Hall","TOT","M","471","FA","BUR Sat 2:00PM","2,000","0","0","0","-","0%","0","0","0","0","0","0","0","0","0","0","0","0","0","0","0","0","0","0","0","0","0","0","0","0","0","0","0","0","0","0","0","0","0","0","0","0","0","0","0"
"*06zbq*","Andre Harriman-Annous","ARS","F","472","FA","@MUN Sun 3:30PM","2,000","0","0","0","-","0%","0","0","0","0","0","0","0","0","0","0","0","0","0","0","0","0","0","0","0","0","0","0","0","0","0","0","0","0","0","0","0","0","0","0","0","0","0","0","0"
"*06nv5*","Alfie Harrison","NEW","M","473","FA","@AVL Sat 11:30AM","2,000","0","0","0","-","0%","0","0","0","0","0","0","0","0","0","0","0","0","0","0","0","0","0","0","0","0","0","0","0","0","0","0","0","0","0","0","0","0","0","0","0","0","0","0","0"
"*035mq*","Isaac Hayden","NEW","M","475","FA","@AVL Sat 11:30AM","2,000","0","0","0","-","0%","0","0","0","0","0","0","0","0","0","0","0","0","0","0","0","0","0","0","0","0","0","0","0","0","0","0","0","0","0","0","0","0","0","0","0","0","0","0","0"
"*06jfq*","Travis Hernes","NEW","M","482","FA","@AVL Sat 11:30AM","2,000","0","0","0","-","0%","0","0","0","0","0","0","0","0","0","0","0","0","0","0","0","0","0","0","0","0","0","0","0","0","0","0","0","0","0","0","0","0","0","0","0","0","0","0","0"
"*05x12*","Leo Fuhr Hjelde","SUN","D","485","FA","WHU Sat 2:00PM","2,000","0","0","0","-","0%","0","0","0","0","0","0","0","0","0","0","0","0","0","0","0","0","0","0","0","0","0","0","0","0","0","0","0","0","0","0","0","0","0","0","0","0","0","0","0"
"*044nm*","Rob Holding","CRY","D","488","FA","@CHE Sun 1:00PM","2,000","0","0","0","-","0%","0","0","0","0","0","0","0","0","0","0","0","0","0","0","0","0","0","0","0","0","0","0","0","0","0","0","0","0","0","0","0","0","0","0","0","0","0","0","0"
"*05r2t*","Niall Huggins","SUN","D,F","489","FA","WHU Sat 2:00PM","2,000","0","0","0","-","0%","0","0","0","0","0","0","0","0","0","0","0","0","0","0","0","0","0","0","0","0","0","0","0","0","0","0","0","0","0","0","0","0","0","0","0","0","0","0","0"
"*066sh*","Bashir Humphreys","BUR","D","491","FA","@TOT Sat 2:00PM","2,000","0","0","0","-","0%","0","0","0","0","0","0","0","0","0","0","0","0","0","0","0","0","0","0","0","0","0","0","0","0","0","0","0","0","0","0","0","0","0","0","0","0","0","0","0"
"*06zca*","Oliver Irow","TOT","F","493","FA","BUR Sat 2:00PM","2,000","0","0","0","-","0%","0","0","0","0","0","0","0","0","0","0","0","0","0","0","0","0","0","0","0","0","0","0","0","0","0","0","0","0","0","0","0","0","0","0","0","0","0","0","0"
"*06kyx*","Andy Irving","WHU","M","494","FA","@SUN Sat 2:00PM","2,000","0","0","0","-","0%","0","0","0","0","0","0","0","0","0","0","0","0","0","0","0","0","0","0","0","0","0","0","0","0","0","0","0","0","0","0","0","0","0","0","0","0","0","0","0"
"*06nva*","Mofe Jemide","CRY","D","498","FA","@CHE Sun 1:00PM","2,000","0","0","0","-","0%","0","0","0","0","0","0","0","0","0","0","0","0","0","0","0","0","0","0","0","0","0","0","0","0","0","0","0","0","0","0","0","0","0","0","0","0","0","0","0"
"*06xzm*","Zak Johnson","SUN","D","500","FA","WHU Sat 2:00PM","2,000","0","0","0","-","0%","0","0","0","0","0","0","0","0","0","0","0","0","0","0","0","0","0","0","0","0","0","0","0","0","0","0","0","0","0","0","0","0","0","0","0","0","0","0","0"
"*06v0q*","Harrison Jones","SUN","M","501","FA","WHU Sat 2:00PM","2,000","0","0","0","-","0%","0","0","0","0","0","0","0","0","0","0","0","0","0","0","0","0","0","0","0","0","0","0","0","0","0","0","0","0","0","0","0","0","0","0","0","0","0","0","0"
"*06ygl*","George King","CRY","D","509","FA","@CHE Sun 1:00PM","2,000","0","0","0","-","0%","0","0","0","0","0","0","0","0","0","0","0","0","0","0","0","0","0","0","0","0","0","0","0","0","0","0","0","0","0","0","0","0","0","0","0","0","0","0","0"
"*06zc9*","Ellis Lehane","TOT","F","524","FA","BUR Sat 2:00PM","2,000","0","0","0","-","0%","0","0","0","0","0","0","0","0","0","0","0","0","0","0","0","0","0","0","0","0","0","0","0","0","0","0","0","0","0","0","0","0","0","0","0","0","0","0","0"
"*04tsf*","Paris Maghoma","BRF","M","530","FA","@NOT Sun 1:00PM","2,100","0","0","0","-","0%","0","0","0","0","0","0","0","0","0","0","0","0","0","0","0","0","0","0","0","0","0","0","0","0","0","0","0","0","0","0","0","0","0","0","0","0","0","0","0"
"*06xzo*","Jay Matete","SUN","M","539","FA","WHU Sat 2:00PM","2,000","0","0","0","-","0%","0","0","0","0","0","0","0","0","0","0","0","0","0","0","0","0","0","0","0","0","0","0","0","0","0","0","0","0","0","0","0","0","0","0","0","0","0","0","0"
"*05vyh*","Andy Moran","BHA","M","553","FA","FUL Sat 2:00PM","2,000","0","0","0","-","0%","0","0","0","0","0","0","0","0","0","0","0","0","0","0","0","0","0","0","0","0","0","0","0","0","0","0","0","0","0","0","0","0","0","0","0","0","0","0","0"
"*06xzj*","David Mota Veiga Teixeira do Carmo","NOT","D","558","FA","BRF Sun 1:00PM","2,000","0","0","0","-","0%","0","0","0","0","0","0","0","0","0","0","0","0","0","0","0","0","0","0","0","0","0","0","0","0","0","0","0","0","0","0","0","0","0","0","0","0","0","0","0"
"*06zc0*","Seung-Soo Park","NEW","F","583","FA","@AVL Sat 11:30AM","2,000","0","0","0","-","0%","0","0","0","0","0","0","0","0","0","0","0","0","0","0","0","0","0","0","0","0","0","0","0","0","0","0","0","0","0","0","0","0","0","0","0","0","0","0","0"
"*06ygm*","Jair Paula da Cunha Filho","NOT","D","586","FA","BRF Sun 1:00PM","2,000","0","0","0","-","0%","0","0","0","0","0","0","0","0","0","0","0","0","0","0","0","0","0","0","0","0","0","0","0","0","0","0","0","0","0","0","0","0","0","0","0","0","0","0","0"
"*05y5b*","Freddie Potts","WHU","M","592","FA","@SUN Sat 2:00PM","2,000","0","0","0","-","0%","0","0","0","0","0","0","0","0","0","0","0","0","0","0","0","0","0","0","0","0","0","0","0","0","0","0","0","0","0","0","0","0","0","0","0","0","0","0","0"
"*04ym3*","Ian Poveda-Ocampo","SUN","F","593","FA","WHU Sat 2:00PM","2,000","0","0","0","-","0%","0","0","0","0","0","0","0","0","0","0","0","0","0","0","0","0","0","0","0","0","0","0","0","0","0","0","0","0","0","0","0","0","0","0","0","0","0","0","0"
"*061z5*","Calvin Ramsay","LIV","D","596","FA","BOU Fri 7:00PM","2,000","0","0","0","-","0%","0","0","0","0","0","0","0","0","0","0","0","0","0","0","0","0","0","0","0","0","0","0","0","0","0","0","0","0","0","0","0","0","0","0","0","0","0","0","0"
"*06mnn*","Chadi Riad","CRY","D","599","FA","@CHE Sun 1:00PM","3,300","0","0","0","-","0%","0","0","0","0","0","0","0","0","0","0","0","0","0","0","0","0","0","0","0","0","0","0","0","0","0","0","0","0","0","0","0","0","0","0","0","0","0","0","0"
"*062op*","Omar Richards","NOT","D","600","FA","BRF Sun 1:00PM","2,000","0","0","0","-","0%","0","0","0","0","0","0","0","0","0","0","0","0","0","0","0","0","0","0","0","0","0","0","0","0","0","0","0","0","0","0","0","0","0","0","0","0","0","0","0"
"*062oi*","Kaden Rodney","CRY","M","603","FA","@CHE Sun 1:00PM","2,000","0","0","0","-","0%","0","0","0","0","0","0","0","0","0","0","0","0","0","0","0","0","0","0","0","0","0","0","0","0","0","0","0","0","0","0","0","0","0","0","0","0","0","0","0"
"*06zc5*","James Rowswell","TOT","D","610","FA","BUR Sat 2:00PM","2,000","0","0","0","-","0%","0","0","0","0","0","0","0","0","0","0","0","0","0","0","0","0","0","0","0","0","0","0","0","0","0","0","0","0","0","0","0","0","0","0","0","0","0","0","0"
"*06zc6*","Reiss-Alexander Russell-Denny","TOT","M","612","FA","BUR Sat 2:00PM","2,000","0","0","0","-","0%","0","0","0","0","0","0","0","0","0","0","0","0","0","0","0","0","0","0","0","0","0","0","0","0","0","0","0","0","0","0","0","0","0","0","0","0","0","0","0"
"*06xzq*","Nazariy Rusyn","SUN","F","613","FA","WHU Sat 2:00PM","2,000","0","0","0","-","0%","0","0","0","0","0","0","0","0","0","0","0","0","0","0","0","0","0","0","0","0","0","0","0","0","0","0","0","0","0","0","0","0","0","0","0","0","0","0","0"
"*06zbn*","Marli Salmon","ARS","D","616","FA","@MUN Sun 3:30PM","2,000","0","0","0","-","0%","0","0","0","0","0","0","0","0","0","0","0","0","0","0","0","0","0","0","0","0","0","0","0","0","0","0","0","0","0","0","0","0","0","0","0","0","0","0","0"
"*06uzm*","Shurandy Sambo","BUR","D","617","FA","@TOT Sat 2:00PM","2,000","0","0","0","-","0%","0","0","0","0","0","0","0","0","0","0","0","0","0","0","0","0","0","0","0","0","0","0","0","0","0","0","0","0","0","0","0","0","0","0","0","0","0","0","0"
"*06v0f*","Jenson Seelt","SUN","D","623","FA","WHU Sat 2:00PM","2,000","0","0","0","-","0%","0","0","0","0","0","0","0","0","0","0","0","0","0","0","0","0","0","0","0","0","0","0","0","0","0","0","0","0","0","0","0","0","0","0","0","0","0","0","0"
"*06xzp*","Luis Hemir Silva Semedo","SUN","F","626","FA","WHU Sat 2:00PM","2,000","0","0","0","-","0%","0","0","0","0","0","0","0","0","0","0","0","0","0","0","0","0","0","0","0","0","0","0","0","0","0","0","0","0","0","0","0","0","0","0","0","0","0","0","0"
"*06uzl*","Oliver Sonne","BUR","D","630","FA","@TOT Sat 2:00PM","2,000","0","0","0","-","0%","0","0","0","0","0","0","0","0","0","0","0","0","0","0","0","0","0","0","0","0","0","0","0","0","0","0","0","0","0","0","0","0","0","0","0","0","0","0","0"
"*06mmk*","Marko Stamenic","NOT","M","634","FA","BRF Sun 1:00PM","2,000","0","0","0","-","0%","0","0","0","0","0","0","0","0","0","0","0","0","0","0","0","0","0","0","0","0","0","0","0","0","0","0","0","0","0","0","0","0","0","0","0","0","0","0","0"
"*06nl8*","Luca Stephenson","LIV","M","635","FA","BOU Fri 7:00PM","2,000","0","0","0","-","0%","0","0","0","0","0","0","0","0","0","0","0","0","0","0","0","0","0","0","0","0","0","0","0","0","0","0","0","0","0","0","0","0","0","0","0","0","0","0","0"
"*06ya6*","Kota Takai","TOT","D","639","FA","BUR Sat 2:00PM","2,000","0","0","0","-","0%","0","0","0","0","0","0","0","0","0","0","0","0","0","0","0","0","0","0","0","0","0","0","0","0","0","0","0","0","0","0","0","0","0","0","0","0","0","0","0"
"*06zbu*","Aled Thomas","EVE","D","644","FA","@LEE Mon 7:00PM","2,000","0","0","0","-","0%","0","0","0","0","0","0","0","0","0","0","0","0","0","0","0","0","0","0","0","0","0","0","0","0","0","0","0","0","0","0","0","0","0","0","0","0","0","0","0"
"*06zc8*","Tynan Thompson","TOT","F","646","FA","BUR Sat 2:00PM","2,000","0","0","0","-","0%","0","0","0","0","0","0","0","0","0","0","0","0","0","0","0","0","0","0","0","0","0","0","0","0","0","0","0","0","0","0","0","0","0","0","0","0","0","0","0"
"*0643w*","Ryan Trevitt","BRF","M","648","FA","@NOT Sun 1:00PM","2,000","0","0","0","-","0%","0","0","0","0","0","0","0","0","0","0","0","0","0","0","0","0","0","0","0","0","0","0","0","0","0","0","0","0","0","0","0","0","0","0","0","0","0","0","0"
"*06xzl*","Nectarios Triantis","SUN","D","649","FA","WHU Sat 2:00PM","2,000","0","0","0","-","0%","0","0","0","0","0","0","0","0","0","0","0","0","0","0","0","0","0","0","0","0","0","0","0","0","0","0","0","0","0","0","0","0","0","0","0","0","0","0","0"
"*06zbr*","Harold William","BOU","D","664","FA","@LIV Fri 7:00PM","2,000","0","0","0","-","0%","0","0","0","0","0","0","0","0","0","0","0","0","0","0","0","0","0","0","0","0","0","0","0","0","0","0","0","0","0","0","0","0","0","0","0","0","0","0","0"
"*06muh*","Ethan Williams","MUN","M,F","665","FA","ARS Sun 3:30PM","2,000","0","0","0","-","0%","0","0","0","0","0","0","0","0","0","0","0","0","0","0","0","0","0","0","0","0","0","0","0","0","0","0","0","0","0","0","0","0","0","0","0","0","0","0","0"
"*05oji*","Rhys Williams","LIV","D","666","FA","BOU Fri 7:00PM","2,000","0","0","0","-","0%","0","0","0","0","0","0","0","0","0","0","0","0","0","0","0","0","0","0","0","0","0","0","0","0","0","0","0","0","0","0","0","0","0","0","0","0","0","0","0"
