"ID","Player","Team","Position","RkOv","Status","Opponent","Salary","FPts","FP/G","%D","ADP","Ros","GP","Min","G","A2","KP","AT","SOP","TLM","Tu","ErS","ErG","YC","SYC","RC","RCR","HB","Pen","Off","SFTP","AC","Int","CLO","CLR","CoSF","BC","BS","TkW+BS","DW","AER","BCC","BCM","BR","FKG","SBON","PKM","PKD","OG","GAO","CS"
"*03aqp*","Mohamed Salah","LIV","F","1","FA","BOU Fri 7:00PM","15,000","389.29","10.24","100","2.1","100%","38","3,368","29","2","89","18","6","0","116","0","0","1","0","0","0","2","0","18","471","17","9","0","5","97","0","0","11","127","9","27","24","101","0","0","0","0","0","40","15"
"*05trb*","Bryan Mbeumo","MUN","F","2","FA","ARS Sun 3:30PM","12,600","326.42","8.59","100","10.8","100%","38","3,412","20","0","70","9","1","0","106","0","1","3","0","0","0","0","0","11","421","49","14","0","51","96","4","3","34","179","35","17","9","156","0","0","1","0","0","55","9"
"*05l8q*","Cole Palmer","CHE","M","3","FA","CRY Sun 1:00PM","11,200","295.58","7.99","100","2.8","100%","37","3,184","15","2","89","10","3","0","71","0","1","7","0","0","0","0","0","7","505","35","11","0","19","111","1","1","21","147","2","24","14","106","1","1","1","1","0","41","10"
"*05gcr*","Bruno Fernandes","MUN","M","4","FA","ARS Sun 3:30PM","11,600","292.78","8.13","100","4.8","100%","36","3,016","8","0","91","12","2","0","43","2","1","3","1","2","0","2","0","2","647","42","26","0","30","68","5","6","56","174","23","16","10","213","2","1","0","0","0","43","10"
"*068y0*","Antoine Semenyo","BOU","F","5","FA","@LIV Fri 7:00PM","10,400","273.29","7.39","100","14.7","99%","37","3,200","11","0","46","7","5","0","84","1","1","9","0","0","0","0","0","15","383","8","11","0","34","106","5","9","44","227","67","11","12","158","0","1","0","1","0","41","11"
"*067yz*","Matheus Cunha","MUN","F","6","FA","ARS Sun 3:30PM","10,900","271.69","8.23","100","9.2","100%","33","2,588","15","1","57","7","1","0","80","0","0","4","0","0","0","2","1","8","301","26","17","0","19","132","4","1","23","183","13","13","2","125","0","4","0","0","0","54","7"
"*05ylj*","Bruno Guimaraes","NEW","M","7","FA","@AVL Sat 11:30AM","10,300","270.06","7.11","100","64.7","99%","38","3,265","5","1","52","6","1","0","56","3","2","7","0","0","0","2","0","2","532","7","29","0","40","142","4","10","57","243","19","12","2","188","0","0","0","0","0","44","13"
"*046c5*","Jarrod Bowen","WHU","F","8","FA","@SUN Sat 2:00PM","10,900","267.46","7.87","100","11.2","100%","34","2,972","13","1","51","11","1","0","70","0","0","1","0","0","0","1","0","10","234","27","16","0","21","95","4","4","30","148","12","11","8","129","0","0","0","0","0","50","8"
"*05u1m*","Nathan Collins","BRF","D","9","FA","@NOT Sun 1:00PM","10,600","264","6.95","100","72.6","98%","38","3,420","2","0","10","7","0","2","20","2","1","5","0","0","0","1","0","6","170","2","34","0","220","37","6","57","81","194","119","4","4","162","0","0","0","2","0","57","8"
"*06jgi*","Daniel Munoz","CRY","D","10","FA","@CHE Sun 1:00PM","10,000","260.58","7.04","100","19.2","100%","37","3,229","4","1","46","6","1","1","54","1","0","10","0","0","0","3","0","15","250","19","44","0","94","40","14","6","86","221","58","7","8","171","0","0","0","0","0","46","11"
"*06ex4*","Josko Gvardiol","MCI","D","11","FA","@WOL Sat 4:30PM","10,000","258.48","6.99","100","57.6","100%","37","3,276","5","0","26","0","1","1","29","7","1","2","0","0","0","1","0","3","717","3","44","1","111","52","11","20","59","164","54","1","8","137","0","1","0","0","0","41","13"
"*063q8*","Mikkel Damsgaard","BRF","M","12","FA","@NOT Sun 1:00PM","9,500","255.16","6.71","100","41.9","98%","38","2,899","2","1","63","11","0","0","63","2","0","2","0","0","0","0","0","6","446","36","27","0","29","77","2","3","47","172","12","15","4","179","0","4","0","0","0","41","11"
"*03rzp*","Antonee Robinson","FUL","D","13","FA","@BHA Sat 2:00PM","10,200","252.57","7.02","100","32.6","100%","36","3,165","0","1","43","10","0","0","44","0","2","8","0","0","0","0","0","7","394","42","62","1","123","58","10","9","70","203","52","6","1","157","0","1","0","0","0","49","5"
"*06do9*","Milos Kerkez","LIV","D","14","FA","BOU Fri 7:00PM","9,400","252.52","6.65","100","51.5","100%","38","3,336","2","1","36","6","0","0","49","3","1","4","0","0","0","0","0","3","345","39","45","1","99","72","7","11","37","152","28","8","0","169","0","0","0","0","0","45","9"
"*05rb8*","Moises Caicedo","CHE","M","15","FA","CRY Sun 1:00PM","9,500","249.64","6.57","62","114.1","76%","38","3,351","1","0","30","4","0","1","37","1","0","11","0","0","0","0","1","0","494","4","49","0","53","87","7","10","83","236","36","5","0","229","0","0","0","2","0","42","12"
"*0646f*","Alexander Isak","NEW","F","16","FA","@AVL Sat 11:30AM","10,300","249.35","7.33","100","6.4","100%","34","2,751","23","0","42","6","3","0","66","1","0","1","0","0","0","3","0","20","256","3","3","0","17","56","0","2","7","94","27","11","18","55","0","0","0","1","0","41","12"
"*03vlj*","Virgil van Dijk","LIV","D","17","FA","BOU Fri 7:00PM","10,400","249.1","6.73","100","40.2","100%","37","3,330","3","0","12","1","0","1","10","3","1","5","0","0","0","0","0","0","395","0","56","0","190","16","0","16","36","173","119","2","3","115","0","0","0","0","0","38","14"
"*068ym*","Enzo Fernandez","CHE","M","18","FA","CRY Sun 1:00PM","9,700","248.79","6.91","100","24.4","100%","36","2,936","6","2","79","8","0","0","29","4","0","8","0","0","0","1","0","2","499","26","13","0","20","80","3","7","40","159","15","13","4","156","0","4","0","0","0","37","10"
"*06fwz*","Murillo","NOT","D","19","FA","BRF Sun 1:00PM","10,000","246.99","6.86","93","88.7","98%","36","3,188","2","0","13","0","1","4","19","2","1","6","0","0","0","0","1","0","216","6","36","3","242","33","7","45","81","130","44","2","2","142","0","0","0","0","0","44","12"
"*04yo7*","Youri Tielemans","AVL","M","20","FA","NEW Sat 11:30AM","9,700","245.19","6.81","100","49.2","100%","36","3,024","3","1","61","7","1","0","31","4","0","4","0","0","0","1","0","0","472","30","23","0","46","87","1","16","74","193","24","16","3","145","0","1","1","0","0","46","7"
"*05opj*","Elliot Anderson","NOT","M","21","FA","BRF Sun 1:00PM","9,300","243.53","6.58","97","94.7","97%","37","2,718","2","0","37","6","0","0","60","4","0","10","0","0","0","1","0","4","344","23","31","0","68","94","8","9","65","242","57","7","0","207","0","4","0","0","0","37","13"
"*04adp*","Aaron Wan-Bissaka","WHU","D","22","FA","@SUN Sat 2:00PM","9,500","240.13","6.67","100","54.6","99%","36","3,151","2","0","33","6","0","2","35","0","0","1","0","0","0","0","0","5","382","16","66","0","111","91","14","11","60","183","23","7","1","174","0","1","0","0","1","59","6"
"*06mw0*","Nikola Milenkovic","NOT","D","23","FA","BRF Sun 1:00PM","9,700","239.82","6.48","100","77.5","100%","37","3,330","5","0","9","2","0","2","4","1","0","4","0","0","0","1","0","2","79","0","27","2","208","6","1","24","53","158","101","2","4","85","0","0","0","0","0","45","13"
"*05uht*","Morgan Rogers","AVL","M","24","FA","NEW Sat 11:30AM","8,900","237.45","6.42","100","26","100%","37","3,111","8","0","52","11","1","0","114","2","0","10","0","0","0","0","0","2","296","4","6","0","18","117","3","7","29","173","13","16","11","119","0","0","0","1","0","40","10"
"*05nt6*","Eberechi Eze","CRY","M","25","FA","@CHE Sun 1:00PM","9,500","233.07","6.86","100","11.1","100%","34","2,581","8","1","58","8","2","0","55","3","0","1","0","0","0","0","0","9","240","28","11","0","8","118","2","0","22","164","7","12","8","146","0","3","1","0","0","34","10"
"*0427d*","James Tarkowski","EVE","D","26","FA","@LEE Mon 7:00PM","10,400","232.23","7.04","100","55.2","99%","33","2,922","1","0","16","1","2","1","13","3","1","6","0","0","0","0","1","2","133","0","41","1","209","33","4","42","82","199","103","5","2","98","0","0","0","0","0","38","10"
"*04qr9*","Morgan Gibbs-White","NOT","M","27","FA","BRF Sun 1:00PM","9,600","231.21","6.8","100","20.8","100%","34","2,801","7","1","51","11","0","0","70","1","0","9","1","1","0","0","0","7","413","13","23","0","29","71","0","5","27","154","41","10","3","127","0","0","0","1","0","34","13"
"*05os4*","Rayan Ait-Nouri","MCI","D","28","FA","@WOL Sat 4:30PM","8,900","231.16","6.25","100","44.3","100%","37","3,108","4","1","46","7","1","1","52","1","1","5","1","1","0","2","0","6","330","25","26","0","66","109","9","6","63","220","22","8","3","145","0","0","0","0","0","67","7"
"*05akv*","Tyrick Mitchell","CRY","D","29","FA","@CHE Sun 1:00PM","9,200","230.92","6.24","98","94.7","95%","37","3,090","0","0","41","6","0","0","38","1","1","2","0","0","0","1","0","2","204","19","19","0","95","41","13","12","67","152","20","11","2","168","0","0","0","1","0","46","12"
"*0522h*","Alexis Mac Allister","LIV","M","30","FA","BOU Fri 7:00PM","9,400","230.02","6.57","100","65.2","100%","35","2,591","5","0","45","6","2","0","31","0","1","6","0","0","0","1","0","2","435","22","22","0","29","56","0","6","64","170","19","6","2","148","0","5","0","0","0","24","14"
"*04agz*","Declan Rice","ARS","M","31","FA","@MUN Sun 3:30PM","9,500","229.43","6.56","100","31.9","100%","35","2,821","4","2","59","7","0","1","36","0","0","5","1","1","0","0","0","2","502","46","25","0","50","30","1","13","38","120","38","16","2","156","0","2","0","0","0","28","11"
"*038ze*","Alex Iwobi","FUL","M","32","FA","@BHA Sat 2:00PM","8,900","228.96","6.03","100","32.5","100%","38","2,971","9","1","59","6","0","0","62","1","0","1","0","0","0","1","0","5","508","25","14","0","28","66","1","1","26","117","7","12","3","140","0","3","0","0","0","45","6"
"*03frx*","Ola Aina","NOT","D","33","FA","BRF Sun 1:00PM","8,900","228.84","6.54","50","147.5","56%","35","2,996","2","0","16","1","0","0","44","4","0","5","0","0","0","1","1","2","244","13","33","3","106","68","9","12","54","136","13","3","1","190","0","0","0","0","0","39","12"
"*05uor*","Yoane Wissa","BRF","F","34","FA","@NOT Sun 1:00PM","9,200","227.74","6.51","100","29.6","100%","35","2,916","19","0","28","5","1","0","77","3","0","5","0","0","0","0","0","14","199","1","8","0","19","66","2","8","20","118","30","3","17","81","0","1","0","1","0","45","9"
"*03am7*","Jacob Murphy","NEW","M","36","FA","@AVL Sat 11:30AM","9,100","225.08","6.43","100","83.1","97%","35","2,351","8","0","42","13","2","0","32","0","1","4","0","0","0","0","0","3","307","22","13","0","29","50","6","0","19","83","5","16","5","98","0","4","0","1","0","31","11"
"*02m5b*","Chris Wood","NOT","F","37","FA","BRF Sun 1:00PM","9,000","222.24","6.17","100","67.9","99%","36","2,954","20","0","22","3","1","0","75","1","0","1","0","0","0","0","0","28","107","1","5","1","28","28","1","7","12","128","94","3","15","50","0","1","0","0","0","37","15"
"*05n07*","Pedro Porro","TOT","D","39","FA","BUR Sat 2:00PM","9,200","221.24","6.7","100","36","100%","33","2,599","2","0","57","6","1","1","25","2","0","5","0","0","0","0","0","1","372","60","36","0","73","47","11","17","66","125","12","10","0","152","0","5","0","0","0","47","6"
"*067zv*","Kevin Schade","BRF","F","40","FA","@NOT Sun 1:00PM","8,600","220.79","5.81","100","62.2","100%","38","2,270","11","0","23","4","3","0","60","0","0","3","0","0","0","0","0","13","163","5","5","0","30","68","4","4","29","197","90","8","9","83","0","12","0","1","0","34","10"
"*05ybq*","Vitalii Mykolenko","EVE","D","41","FA","@LEE Mon 7:00PM","9,200","219.46","6.27","100","84.2","98%","35","3,082","1","1","24","3","0","0","23","2","0","4","0","0","0","0","1","3","229","29","44","1","135","42","10","10","48","152","49","4","0","88","0","0","0","0","0","39","11"
"*06pia*","Maxence Lacroix","CRY","D","42","FA","@CHE Sun 1:00PM","9,000","218.8","6.25","70","123.7","79%","35","3,115","1","0","8","2","1","5","21","0","2","5","0","0","0","1","1","1","95","2","54","1","203","27","4","22","63","155","61","3","3","130","0","0","0","0","0","45","11"
"*06cmm*","Dominik Szoboszlai","LIV","M","43","FA","BOU Fri 7:00PM","8,400","217.83","6.05","100","67.4","100%","36","2,479","6","0","56","10","1","0","37","2","0","6","0","0","0","1","0","4","385","13","9","0","14","45","5","5","25","102","19","12","8","133","0","7","0","0","0","29","12"
"*061vq*","Erling Haaland","MCI","F","44","FA","@WOL Sat 4:30PM","10,000","217.7","7.02","100","4.7","100%","31","2,735","22","0","29","3","3","0","45","0","0","2","0","0","0","1","0","4","125","1","5","0","22","26","1","1","7","94","57","5","21","34","0","0","1","0","0","38","10"
"*05s08*","Valentino Livramento","NEW","D","45","FA","@AVL Sat 11:30AM","8,300","216.81","5.86","82","103.7","94%","37","2,831","0","0","26","1","0","0","32","1","0","1","0","0","0","0","0","2","338","11","23","0","94","60","14","11","47","141","27","5","0","189","0","5","0","0","0","40","10"
"*05748*","Ismaila Sarr","CRY","M","46","FA","@CHE Sun 1:00PM","8,100","216.35","5.69","100","62.6","100%","38","2,690","8","2","44","7","2","0","70","0","0","4","0","0","0","1","0","11","215","13","9","2","38","73","2","8","18","132","37","17","17","113","0","8","0","1","0","39","10"
"*05a6e*","Neco Williams","NOT","D","47","FA","BRF Sun 1:00PM","8,900","215.73","6.16","86","100.5","96%","35","2,579","1","0","18","3","1","0","36","2","1","7","0","0","0","2","0","2","230","13","31","0","120","61","17","10","67","191","40","2","3","110","0","7","0","0","0","31","10"
"*05r94*","Iliman Ndiaye","EVE","M","48","FA","@LEE Mon 7:00PM","8,400","215.41","6.53","100","68.4","99%","33","2,422","9","0","18","0","0","0","55","0","1","3","0","0","0","2","0","5","219","10","20","3","15","120","9","5","33","179","8","3","3","172","0","4","0","0","0","24","15"
"*0520r*","Leandro Trossard","ARS","M","49","FA","@MUN Sun 3:30PM","8,500","215.13","5.66","75","120.1","84%","38","2,527","8","0","41","8","1","0","66","0","0","2","1","1","0","2","0","6","333","17","9","0","14","84","4","0","20","121","6","13","9","104","0","10","0","0","0","26","11"
"*02lsa*","Dan Burn","NEW","D","50","FA","@AVL Sat 11:30AM","9,200","213.86","5.78","96","100.7","97%","37","3,330","1","0","9","1","0","1","24","4","0","11","0","0","0","1","0","5","97","0","27","2","194","15","3","26","50","200","148","2","4","103","0","0","0","0","2","45","13"
"*06fxe*","Ryan Gravenberch","LIV","M","51","FA","BOU Fri 7:00PM","7,900","212.98","5.76","56","125","64%","37","3,158","0","0","26","4","0","0","55","2","0","6","0","1","0","0","0","0","444","4","60","0","57","89","2","10","45","184","26","3","1","193","0","0","0","0","0","35","14"
"*03rxa*","Idrissa Gueye","EVE","M","52","FA","@LEE Mon 7:00PM","8,200","212.73","5.75","9","317.6","11%","37","3,055","0","0","19","3","1","1","32","0","1","9","0","0","0","0","0","0","306","4","48","0","34","64","2","9","89","221","25","3","1","194","0","2","0","0","0","39","12"
"*050jq*","Marc Guehi","CRY","D","53","FA","@CHE Sun 1:00PM","9,100","211.17","6.21","76","121.2","82%","34","3,058","3","0","16","2","0","1","16","2","0","7","1","1","0","2","0","1","202","3","28","0","156","39","6","23","57","168","69","5","2","145","0","0","0","0","3","42","11"
"*0558w*","William Saliba","ARS","D","54","FA","@MUN Sun 3:30PM","8,900","209.82","5.99","88","88.5","98%","35","3,039","2","0","7","0","0","4","19","6","1","2","0","1","0","0","1","1","268","0","21","0","118","29","1","15","52","152","62","1","2","154","0","0","0","0","0","27","12"
"*05ogb*","Anthony Elanga","NEW","F","55","FA","@AVL Sat 11:30AM","8,000","208.87","5.5","100","38.3","100%","38","2,486","6","0","50","11","1","0","79","0","0","1","0","0","0","0","0","18","250","43","6","0","20","72","5","1","15","115","24","9","6","89","0","7","0","0","0","35","12"
"*05tr8*","Christian Norgaard","ARS","M","56","FA","@MUN Sun 3:30PM","8,600","208.76","6.14","41","154.7","41%","34","2,818","5","0","18","5","1","0","34","1","0","8","0","1","0","0","0","1","285","5","49","0","64","35","6","20","69","163","52","3","6","193","0","0","0","0","0","45","6"
"*05w9i*","Marc Cucurella","CHE","D","57","FA","CRY Sun 1:00PM","8,500","208.65","5.8","100","77.2","100%","36","2,981","5","0","19","2","0","0","28","1","2","8","1","1","0","1","0","3","346","5","28","0","80","42","15","16","61","141","32","3","2","130","0","3","0","0","0","38","9"
"*04y92*","Bukayo Saka","ARS","M","58","FA","@MUN Sun 3:30PM","10,300","208.03","8.32","100","2","100%","25","1,719","6","3","58","11","0","0","34","0","0","3","0","0","0","0","0","7","325","37","3","0","6","80","2","0","15","119","10","21","8","70","0","5","0","1","0","21","7"
"*06clt*","Justin Kluivert","BOU","M","59","FA","@LIV Fri 7:00PM","8,200","207.58","6.11","100","47","100%","34","2,331","12","1","45","6","2","0","55","1","0","8","0","0","0","2","0","5","317","21","14","0","23","69","1","0","11","100","8","6","6","78","0","5","0","1","0","29","13"
"*04qrc*","Raul Jimenez","FUL","F","60","FA","@BHA Sat 2:00PM","8,100","206.08","5.42","100","73.8","98%","38","2,476","12","0","24","3","2","0","74","3","0","4","0","0","0","0","0","15","177","5","10","0","23","62","0","5","29","188","92","6","14","80","0","8","0","1","0","37","7"
"*05ocl*","Ollie Watkins","AVL","F","61","FA","NEW Sat 11:30AM","8,400","205.92","5.42","100","18","100%","38","2,585","16","0","25","8","2","0","60","1","1","2","0","0","0","0","0","16","144","0","8","0","14","43","1","3","10","105","52","7","27","43","0","7","0","2","0","40","10"
"*062p5*","Levi Colwill","CHE","D","62","FA","CRY Sun 1:00PM","8,600","205.89","5.88","41","136.7","60%","35","3,148","2","0","15","1","0","2","14","3","1","9","0","0","0","0","1","5","211","3","33","1","116","27","2","25","59","156","83","2","5","121","0","0","0","0","0","41","10"
"*068yi*","Illia Zabarnyi","BOU","D","63","FA","@LIV Fri 7:00PM","8,400","205.66","5.71","15","252.9","15%","36","3,108","0","0","12","1","2","4","14","2","0","4","0","1","0","1","0","0","195","0","41","0","179","13","3","20","56","142","77","1","1","157","0","1","0","0","0","41","8"
"*0414o*","James Maddison","TOT","M","64","FA","BUR Sat 2:00PM","9,000","204.87","6.61","100","55.9","100%","31","1,789","9","0","41","8","0","0","23","1","0","6","0","0","0","0","0","4","398","22","12","0","17","97","2","4","23","133","5","6","5","76","1","10","0","0","0","32","6"
"*062ci*","Kaoru Mitoma","BHA","M","65","FA","FUL Sat 2:00PM","8,300","204.51","5.68","100","29.3","100%","36","2,588","10","0","37","5","1","0","53","0","0","1","0","0","0","3","0","5","345","11","14","0","7","76","3","3","30","147","27","8","12","99","0","8","0","0","0","40","6"
"*04tig*","Fabian Schar","NEW","D","66","FA","@AVL Sat 11:30AM","8,900","203.24","5.98","68","132.4","71%","34","2,933","4","0","5","2","2","3","12","3","0","9","0","1","0","0","0","4","226","1","45","0","133","23","5","25","46","115","59","0","4","134","0","1","0","0","0","42","11"
"*06cms*","Sandro Tonali","NEW","M","67","FA","@AVL Sat 11:30AM","7,600","202.8","5.63","94","99.9","96%","36","2,618","4","0","28","2","3","0","30","2","0","5","0","0","0","0","0","2","338","16","34","0","30","69","3","11","43","132","12","4","3","177","0","8","0","1","0","34","11"
"*05y9n*","Lewis Hall","NEW","D","68","FA","@AVL Sat 11:30AM","9,400","201.63","7.47","100","68.4","100%","27","2,184","0","0","34","7","0","0","33","3","0","3","0","0","0","0","0","1","285","33","18","3","51","32","24","18","59","120","30","5","0","119","0","3","0","0","0","31","8"
"*05r34*","Amad Diallo","MUN","M","69","FA","ARS Sun 3:30PM","9,200","201.37","7.75","100","18.7","100%","26","1,891","8","0","49","8","0","0","42","1","0","5","0","0","0","0","0","9","295","19","11","0","16","69","3","2","33","117","10","7","1","109","0","6","0","2","0","30","7"
"*06p4j*","Noussair Mazraoui","MUN","D","70","FA","ARS Sun 3:30PM","7,700","200.08","5.41","61","122.4","72%","37","2,834","0","0","20","1","0","2","25","0","1","3","0","0","0","4","1","4","290","6","34","0","83","51","12","9","77","216","51","2","1","149","0","3","0","0","0","43","7"
"*04qfz*","Diogo Dalot","MUN","D","71","FA","ARS Sun 3:30PM","8,500","200","6.06","66","137.6","54%","33","2,810","0","1","26","4","2","0","38","0","0","5","0","0","0","0","1","4","295","12","37","1","64","36","8","9","49","142","38","4","2","167","0","2","0","0","0","45","8"
"*04yey*","Max Kilman","WHU","D","72","FA","@SUN Sat 2:00PM","8,400","199.6","5.25","64","126.7","71%","38","3,348","0","0","16","1","0","3","17","4","2","5","0","0","0","0","0","2","163","0","38","0","210","29","2","40","64","181","113","0","4","146","0","0","0","0","0","62","6"
"*03v9d*","Son Heung-Min","TOT","F","73","FA","BUR Sat 2:00PM","8,800","197.05","6.57","97","48.5","99%","30","2,100","7","0","50","10","2","0","25","1","0","1","0","0","0","0","0","12","355","18","5","0","16","57","1","0","9","80","6","16","7","85","0","6","1","1","0","35","4"
"*04mdn*","Anthony Gordon","NEW","M","74","FA","@AVL Sat 11:30AM","7,900","196.73","5.79","100","25","100%","34","2,420","6","1","51","6","1","0","36","1","2","2","0","0","0","0","0","8","331","31","7","0","5","109","4","2","20","149","8","6","10","97","0","6","1","1","0","33","10"
"*043qy*","Lewis Cook","BOU","M","75","FA","@LIV Fri 7:00PM","7,800","196.22","5.45","58","128.7","67%","36","2,974","1","1","48","4","0","1","31","0","0","8","0","1","0","2","1","3","333","36","41","0","66","23","4","11","53","145","41","6","0","187","0","4","0","0","0","43","5"
"*04fk6*","Bernardo Silva","MCI","M","76","FA","@WOL Sat 4:30PM","8,100","193.6","5.87","91","99.5","96%","33","2,662","4","0","53","4","0","0","25","3","0","7","0","0","0","2","0","3","592","12","23","1","30","60","2","7","44","121","5","9","3","107","0","4","0","0","0","36","10"
"*062p3*","Keane Lewis-Potter","BRF","M","78","FA","@NOT Sun 1:00PM","7,400","192.83","5.07","26","168.6","20%","38","3,090","1","0","26","5","1","1","51","2","1","7","0","0","0","1","0","4","266","25","21","1","66","72","10","10","37","148","27","4","4","146","0","2","0","1","0","49","8"
"*05u7f*","Ibrahima Konate","LIV","D","79","FA","BOU Fri 7:00PM","8,700","192.59","6.21","94","105","98%","31","2,561","1","0","10","2","0","0","8","2","1","5","0","0","0","0","0","0","219","0","17","1","125","23","8","15","41","137","75","2","2","98","0","1","0","0","0","28","11"
"*06fwi*","Carlos Baleba","BHA","M","80","FA","FUL Sat 2:00PM","7,400","192","5.65","29","141.3","35%","34","2,653","3","1","21","1","0","0","39","1","0","6","1","1","0","0","2","0","248","3","46","0","43","81","1","11","57","199","39","3","3","197","0","3","0","0","0","39","8"
"*05r8o*","Jean-Philippe Mateta","CRY","F","81","FA","@CHE Sun 1:00PM","7,600","191.97","5.19","100","49.2","100%","37","2,637","14","0","29","2","2","0","72","0","0","2","0","0","0","0","0","21","121","5","2","0","22","48","1","4","16","129","64","7","18","68","0","4","0","0","0","37","9"
"*05r9b*","Martin Odegaard","ARS","M","82","FA","@MUN Sun 3:30PM","8,700","191.8","6.39","100","18.2","100%","30","2,312","3","1","63","9","1","0","38","1","0","4","0","0","0","0","0","1","612","18","6","0","5","48","1","0","11","75","8","13","4","97","0","4","0","0","0","21","11"
"*06fv8*","Mohammed Kudus","TOT","M","83","FA","BUR Sat 2:00PM","7,500","190.09","5.94","100","33.4","100%","32","2,584","5","0","31","4","5","0","77","2","0","2","0","1","0","6","0","18","232","21","4","0","8","156","0","1","24","205","11","4","7","138","0","1","0","0","0","46","7"
"*05oh0*","Jan-Paul van Hecke","BHA","D","84","FA","FUL Sat 2:00PM","7,900","188.06","5.53","14","246.2","19%","34","2,955","1","0","15","1","1","1","12","1","1","6","1","1","0","0","0","0","332","5","24","0","139","29","3","22","51","156","83","3","1","131","0","1","0","0","0","47","7"
"*067yv*","Cody Gakpo","LIV","F","85","FA","BOU Fri 7:00PM","7,700","186.83","5.34","100","57.8","99%","35","1,909","10","0","38","5","0","0","45","1","0","5","0","0","0","0","0","5","250","11","12","0","16","62","3","3","19","107","17","11","6","77","0","12","0","1","0","25","5"
"*068yd*","Joao Gomes","WOL","M","86","FA","MCI Sat 4:30PM","7,100","186.48","5.18","16","217.1","19%","36","2,971","3","0","23","1","1","0","43","0","0","9","1","1","0","1","0","1","342","6","25","0","32","77","1","4","75","204","11","0","2","200","0","1","0","0","0","58","7"
"*068lx*","Dango Ouattara","BOU","M","87","FA","@LIV Fri 7:00PM","8,000","186.47","5.83","99","89.1","94%","32","1,983","7","0","35","4","2","0","63","0","0","3","0","0","0","1","0","14","152","17","11","0","48","58","3","10","36","138","46","10","12","92","0","11","0","0","0","23","7"
"*05ojg*","Nelson Semedo","WOL","D","88","FA","MCI Sat 4:30PM","7,800","185.68","5.46","25","143.8","18%","34","2,879","0","0","25","4","1","0","42","1","2","8","0","0","0","0","1","4","235","16","23","0","84","62","20","10","46","152","28","3","1","139","0","2","0","0","0","49","8"
"*061ya*","Brennan Johnson","TOT","F","89","FA","BUR Sat 2:00PM","7,800","184.51","5.59","100","82.8","98%","33","2,165","11","0","19","6","4","0","26","0","0","5","0","0","0","3","0","12","207","6","4","0","10","45","4","3","29","91","7","4","9","63","0","9","0","2","0","38","2"
"*05ylx*","Dejan Kulusevski","TOT","M","90","FA","BUR Sat 2:00PM","7,800","184.51","5.77","96","67.2","96%","32","2,382","7","1","65","4","0","0","77","1","0","3","0","0","0","3","0","5","364","12","13","0","9","76","1","5","28","131","10","9","5","121","0","5","0","0","0","41","6"
"*06dmj*","Jurrien Timber","ARS","D","91","FA","@MUN Sun 3:30PM","7,800","184","6.13","68","122","81%","30","2,410","1","0","17","3","0","0","33","1","0","7","0","0","0","1","0","6","350","4","22","0","41","53","3","4","42","133","22","1","1","94","0","3","0","0","0","21","11"
"*05nzu*","Gabriel Magalhaes","ARS","D","93","FA","@MUN Sun 3:30PM","9,000","183.34","6.55","100","68.9","100%","28","2,363","3","0","13","2","1","2","9","2","0","4","0","0","0","0","0","0","281","0","16","0","89","23","4","29","44","101","55","2","4","63","0","0","0","1","0","22","10"
"*05gcp*","Tomas Soucek","WHU","M","94","FA","@SUN Sat 2:00PM","7,900","183.17","5.23","58","142.5","61%","35","2,558","9","1","14","2","0","1","20","1","0","8","0","0","0","1","0","4","172","2","20","0","84","31","1","21","42","176","101","1","6","63","0","5","0","1","0","44","7"
"*052ca*","Ezri Konsa","AVL","D","95","FA","NEW Sat 11:30AM","7,900","182.21","5.36","9","312.7","12%","34","2,936","2","0","6","0","1","2","17","3","1","1","0","0","0","0","0","1","158","0","24","3","107","55","7","11","29","120","31","1","0","97","0","1","0","0","0","45","8"
"*06fup*","Jeremy Doku","MCI","M","96","FA","@WOL Sat 4:30PM","7,600","180.15","6.21","100","46","98%","29","1,492","3","0","32","6","0","0","59","0","0","1","0","0","0","1","0","5","382","11","4","0","2","140","0","1","23","171","0","8","0","63","0","13","0","0","0","14","8"
"*05oig*","Liam Delap","CHE","F","97","FA","CRY Sun 1:00PM","6,900","179.55","4.85","100","75.2","99%","37","2,578","12","0","21","2","3","0","104","0","0","12","0","0","0","0","0","14","93","1","2","0","28","91","0","0","8","157","58","3","10","68","0","5","0","2","0","58","3"
"*04u41*","Mateo Kovacic","MCI","M","98","FA","@WOL Sat 4:30PM","7,700","179.55","5.79","0","-","2%","31","2,184","6","0","33","3","0","0","19","1","0","5","0","1","0","1","0","0","639","0","24","0","21","48","0","0","38","127","10","6","0","114","0","6","0","0","0","28","11"
"*06mvz*","Savio","MCI","M","99","FA","@WOL Sat 4:30PM","7,700","179.25","6.18","100","45.8","98%","29","1,751","1","0","46","11","1","0","42","1","0","3","0","0","0","0","0","3","411","17","6","0","9","80","0","2","19","104","1","11","6","79","0","8","0","2","0","25","8"
"*0639x*","Marcus Tavernier","BOU","M","100","FA","@LIV Fri 7:00PM","8,100","179.16","6.18","99","67.5","94%","29","1,921","3","0","43","7","4","1","46","0","0","6","0","0","0","1","0","4","323","27","5","0","9","56","2","3","27","125","26","9","6","119","0","9","0","0","0","29","4"
"*0554i*","Joelinton","NEW","M","101","FA","@AVL Sat 11:30AM","8,200","178.19","6.14","56","126.4","74%","29","2,394","4","1","23","4","0","0","39","1","1","10","0","0","0","0","0","7","292","3","23","0","46","50","1","7","42","166","59","3","4","149","0","0","0","0","0","32","10"
"*05l27*","Jarrad Branthwaite","EVE","D","103","FA","@LEE Mon 7:00PM","8,100","176.94","5.9","58","130.9","68%","30","2,507","0","0","3","1","0","4","8","2","2","4","0","0","0","0","0","1","120","0","27","0","188","21","3","23","43","118","62","2","2","93","0","2","0","0","0","28","9"
"*04tm0*","Lucas Digne","AVL","D","104","FA","NEW Sat 11:30AM","7,700","176.58","5.52","67","136.8","62%","32","2,343","0","0","36","5","0","0","17","0","1","4","0","0","0","1","0","7","219","35","25","0","84","25","5","4","42","127","39","15","1","104","0","4","0","0","0","36","6"
"*06mow*","Jorgen Strand Larsen","WOL","F","105","FA","MCI Sat 4:30PM","7,100","175.61","5.02","100","73.3","98%","35","2,577","14","0","21","4","2","0","90","0","0","4","0","0","0","3","0","16","99","1","6","0","29","27","0","4","10","104","67","6","13","42","0","5","0","0","0","52","7"
"*061ve*","Ryan Christie","BOU","M","106","FA","@LIV Fri 7:00PM","7,700","174.45","6.02","52","134","63%","29","2,112","2","0","41","3","1","0","44","3","0","9","0","0","0","1","0","1","272","14","30","0","49","54","2","11","44","128","22","5","0","182","0","2","0","0","0","28","8"
"*0435t*","Ilkay Gundogan","MCI","M","107","FA","@WOL Sat 4:30PM","7,400","174.01","5.27","4","437.3","6%","33","2,207","1","0","44","7","2","0","29","0","0","1","0","0","0","0","0","1","514","12","13","0","22","44","1","0","13","83","14","4","6","116","0","8","0","1","0","28","10"
"*05g2o*","Joao Pedro","CHE","F","108","FA","CRY Sun 1:00PM","7,900","173.23","6.42","100","24.6","100%","27","1,939","10","0","30","6","1","0","72","0","0","4","0","1","0","0","1","2","230","6","9","0","12","75","0","0","12","132","42","11","7","59","0","4","0","3","0","27","6"
"*0554g*","Calvin Bassey","FUL","D","109","FA","@BHA Sat 2:00PM","6,900","173.02","4.94","6","343.4","4%","35","3,073","1","0","3","0","0","2","34","7","1","7","0","0","0","0","0","2","232","1","20","0","113","47","5","17","51","144","44","0","1","168","0","1","0","0","0","47","5"
"*05yg5*","Toti","WOL","D","110","FA","MCI Sat 4:30PM","7,800","172.63","5.57","8","334","9%","31","2,612","0","0","9","1","0","2","20","5","0","7","0","0","0","0","1","4","133","3","25","2","147","35","5","17","60","149","53","1","1","116","0","1","0","0","0","45","8"
"*052h5*","Gabriel Martinelli","ARS","M","111","FA","@MUN Sun 3:30PM","7,500","172.45","5.23","100","61.9","99%","33","2,279","8","0","40","4","0","0","50","0","0","1","0","0","0","1","0","8","254","22","5","0","16","54","3","0","15","94","17","7","8","78","0","8","0","0","0","25","10"
"*056iy*","Pedro Neto","CHE","F","112","FA","CRY Sun 1:00PM","6,900","170.64","4.88","100","32.4","100%","35","2,252","4","0","47","6","1","0","45","0","0","8","0","0","0","0","0","3","315","42","9","0","4","67","2","2","11","101","12","11","3","81","0","11","0","0","0","25","8"
"*06p6j*","Evanilson","BOU","F","113","FA","@LIV Fri 7:00PM","7,100","166.43","5.37","100","64.6","99%","31","2,311","10","0","26","5","2","0","38","0","0","1","0","1","0","2","0","20","112","0","1","0","21","60","0","2","12","118","42","2","14","67","0","3","1","5","0","29","12"
"*0647t*","Lucas Paqueta","WHU","M","114","FA","@SUN Sat 2:00PM","7,000","164.89","5","52","136.4","64%","33","2,369","4","0","36","1","0","0","54","5","1","10","0","0","0","0","1","6","327","7","18","0","34","83","3","4","41","197","48","4","1","149","0","6","0","0","0","50","4"
"*03u2b*","Adama Traore","FUL","F","115","FA","@BHA Sat 2:00PM","6,600","164.85","4.58","59","148.4","53%","36","1,740","2","0","42","8","0","0","37","3","1","3","0","0","0","0","0","1","190","30","1","0","4","80","2","0","13","125","25","11","7","87","0","18","0","0","0","28","3"
"*068n8*","Noni Madueke","ARS","M","116","FA","@MUN Sun 3:30PM","6,900","164.77","5.15","98","81.7","98%","32","2,022","7","2","32","5","2","0","52","0","0","3","0","0","0","3","0","5","226","11","10","0","10","70","1","0","18","106","11","6","14","84","0","5","0","0","0","28","6"
"*05os8*","Joachim Andersen","FUL","D","117","FA","@BHA Sat 2:00PM","7,700","162.06","5.4","12","298.3","13%","30","2,661","0","0","4","0","0","1","6","0","1","7","0","1","0","0","1","0","263","3","34","2","193","23","2","28","47","123","76","1","0","129","0","0","0","0","1","44","4"
"*04abn*","Harvey Barnes","NEW","M","118","FA","@AVL Sat 11:30AM","6,900","160.56","4.87","83","112.4","89%","33","1,730","9","0","26","5","0","0","33","0","1","0","0","0","0","0","0","5","227","14","6","0","11","46","4","2","11","68","7","8","6","55","0","16","0","0","0","23","6"
"*05220*","Sepp van den Berg","BRF","D","119","FA","@NOT Sun 1:00PM","7,100","160.43","5.18","22","200","17%","31","2,582","0","0","6","1","0","1","15","2","1","3","0","0","0","0","0","1","118","3","21","1","131","9","3","38","62","142","94","2","3","97","0","2","0","1","0","49","5"
"*060wh*","Alejandro Garnacho","MUN","M","120","FA","ARS Sun 3:30PM","6,300","160.2","4.45","43","166.5","31%","36","2,174","6","0","37","4","3","0","64","0","2","3","0","0","0","1","0","10","284","9","13","0","10","69","1","0","18","102","3","4","14","108","0","13","0","0","0","36","5"
"*04mi4*","Callum Hudson-Odoi","NOT","F","122","FA","BRF Sun 1:00PM","6,600","158.62","5.12","100","90.3","98%","31","2,179","5","1","44","3","1","0","45","1","0","2","0","0","0","1","0","8","363","17","13","0","12","62","0","0","14","87","3","3","1","92","0","6","0","1","0","23","11"
"*06c6g*","Yankuba Minteh","BHA","M","124","FA","FUL Sat 2:00PM","6,500","158.07","4.94","100","54.3","98%","32","1,814","6","0","29","5","0","1","53","0","0","6","0","0","0","0","0","6","143","23","11","0","28","57","3","0","35","122","18","8","8","85","0","12","0","0","0","33","4"
"*03zsq*","Kyle Walker-Peters","WHU","D","126","FA","@SUN Sat 2:00PM","6,600","155.47","4.71","9","303.4","9%","33","2,918","0","1","24","3","0","1","32","1","0","5","0","0","0","0","0","2","362","8","19","1","75","90","15","15","44","145","11","5","0","135","0","0","0","0","0","77","2"
"*051k0*","John McGinn","AVL","M","127","FA","NEW Sat 11:30AM","6,500","155.24","4.57","16","253.8","20%","34","2,209","1","1","31","4","0","0","37","3","0","7","0","0","0","1","0","3","232","15","14","0","14","89","4","2","26","139","17","6","4","100","0","7","0","1","0","34","8"
"*063zi*","Matheus Nunes","MCI","D","128","FA","@WOL Sat 4:30PM","7,600","153.95","5.92","95","107.6","96%","26","1,667","1","0","23","7","0","0","32","1","1","4","0","0","0","1","1","6","372","11","15","0","30","39","8","4","26","88","15","7","2","70","0","7","0","0","0","19","9"
"*061y6*","Ryan Yates","NOT","M","129","FA","BRF Sun 1:00PM","6,400","153.37","4.38","0","-","1%","35","1,886","2","0","18","2","1","0","24","1","0","10","0","0","0","2","0","7","175","0","26","0","60","58","1","10","31","145","48","0","3","104","0","17","0","0","0","27","6"
"*02lnx*","Danny Welbeck","BHA","F","130","FA","FUL Sat 2:00PM","6,900","152.07","5.07","62","126.3","77%","30","2,103","10","0","23","5","1","0","49","0","0","5","0","0","0","2","0","4","162","0","5","0","14","36","0","4","20","79","17","1","9","46","1","6","0","0","0","37","7"
"*03gu5*","Andrew Robertson","LIV","D","131","FA","BOU Fri 7:00PM","6,700","151.17","4.58","20","207.1","19%","33","2,476","0","0","40","1","1","1","25","1","1","3","0","1","0","1","1","3","400","34","21","0","42","15","12","4","26","61","7","7","2","105","0","4","0","0","1","31","10"
"*06fxv*","Jean-Ricner Bellegarde","WOL","M","133","FA","MCI Sat 4:30PM","6,000","150.67","4.3","56","136.4","64%","35","1,653","2","1","28","7","0","0","42","1","0","3","0","0","0","0","0","1","132","14","10","0","17","61","1","3","27","110","10","9","2","62","0","15","0","0","0","31","6"
"*04mup*","Trevoh Chalobah","CHE","D","135","FA","CRY Sun 1:00PM","7,600","150.02","6","22","181.6","25%","25","1,968","3","0","8","1","0","1","7","2","2","3","0","0","0","0","0","1","122","1","29","0","104","30","1","12","35","106","45","5","2","85","0","2","0","0","0","25","6"
"*03fgo*","Dominic Solanke","TOT","F","136","FA","BUR Sat 2:00PM","7,400","149.69","5.54","100","36.7","100%","27","2,197","9","0","14","5","0","0","69","0","0","0","0","0","0","2","0","5","100","1","1","0","23","53","0","9","20","117","46","6","12","38","0","2","0","0","1","43","4"
"*04hk9*","Mikel Merino","ARS","M","137","FA","@MUN Sun 3:30PM","6,700","149.16","5.33","56","139","58%","28","1,564","7","1","17","2","1","0","24","2","0","2","1","1","0","0","0","7","181","4","15","0","23","32","3","5","33","137","60","3","8","86","0","11","0","0","0","17","4"
"*04gw7*","Jadon Sancho","MUN","M","139","FA","ARS Sun 3:30PM","6,400","146.92","4.74","0","-","2%","31","1,743","3","0","38","5","0","0","30","2","0","2","0","0","0","0","0","6","322","0","2","0","7","56","1","0","7","75","6","6","3","99","0","12","0","2","0","24","7"
"*06pic*","Andre","WOL","M","140","FA","MCI Sat 4:30PM","5,700","146.56","4.44","7","360.8","5%","33","2,469","0","0","18","0","0","0","30","1","0","7","0","0","0","1","1","0","191","0","37","0","29","50","1","8","63","143","2","1","0","194","0","2","0","0","0","46","7"
"*05omu*","Ruben Dias","MCI","D","141","FA","@WOL Sat 4:30PM","7,200","146.46","5.42","31","129.1","46%","27","2,267","0","0","5","0","0","0","8","4","0","4","0","0","0","0","1","0","459","0","20","0","70","10","1","20","31","64","37","0","1","78","0","2","0","0","1","21","11"
"*02m11*","Matt Doherty","WOL","D","142","FA","MCI Sat 4:30PM","6,700","146.44","4.88","4","444.5","3%","30","2,101","2","0","12","1","0","0","11","3","0","6","0","0","0","1","0","2","174","1","22","1","95","22","7","15","36","116","56","4","0","106","0","5","0","0","1","38","6"
"*04abb*","Phil Foden","MCI","M","143","FA","@WOL Sat 4:30PM","6,900","145.98","5.21","100","26.8","100%","28","1,762","7","0","43","3","1","0","36","0","1","2","0","0","0","0","0","3","363","31","9","0","7","48","0","1","6","64","3","7","3","61","0","8","0","0","0","24","6"
"*05w7t*","Pape Sarr","TOT","M","144","FA","BUR Sat 2:00PM","5,700","145.9","4.05","3","475.7","4%","36","1,888","3","1","15","2","1","0","29","1","0","6","0","0","0","1","1","2","238","2","30","0","24","46","1","10","46","129","34","1","5","115","0","14","0","0","0","38","2"
"*0689w*","Georginio Rutter","BHA","F","145","FA","FUL Sat 2:00PM","6,600","145.44","5.19","96","99.4","95%","28","1,644","5","0","19","6","1","0","45","0","2","2","0","0","0","0","1","7","132","1","10","0","12","72","1","3","18","136","25","6","5","66","0","9","0","0","0","29","6"
"*06cm1*","Nicolas Jackson","CHE","F","146","FA","CRY Sun 1:00PM","6,300","145.11","4.84","86","110","87%","30","2,214","10","0","28","6","4","0","71","0","0","7","0","1","0","3","0","23","136","1","3","0","15","47","0","2","15","90","22","6","19","48","0","2","0","0","0","23","11"
"*04f6o*","Will Hughes","CRY","M","147","FA","@CHE Sun 1:00PM","6,000","144.73","4.39","3","509.6","2%","33","2,091","0","0","33","4","0","0","21","2","1","11","0","0","0","1","1","0","197","15","22","0","26","36","2","14","50","121","19","5","0","121","0","9","0","0","0","31","10"
"*068yc*","Yasin Ayari","BHA","M","148","FA","FUL Sat 2:00PM","5,800","144.52","4.25","5","403","4%","34","1,944","2","0","30","1","1","0","38","0","0","4","0","0","0","3","1","3","178","21","20","0","25","44","1","6","38","119","16","6","2","118","0","12","0","0","0","28","7"
"*04sat*","Emile Smith Rowe","FUL","M","150","FA","@BHA Sat 2:00PM","5,900","143.91","4.23","63","130.8","73%","34","2,029","6","0","24","3","1","0","36","0","0","3","0","0","0","0","0","4","341","5","11","0","16","30","0","2","20","67","6","2","2","75","0","9","0","0","0","28","7"
"*03jly*","Andreas Pereira","FUL","M","151","FA","@BHA Sat 2:00PM","6,200","143.74","4.36","30","151.2","34%","33","1,993","2","0","57","6","0","0","29","2","1","8","0","0","0","0","0","1","241","51","8","0","16","38","1","2","15","75","14","7","4","100","0","8","1","1","0","32","5"
"*04tzt*","Jefferson Lerma","CRY","M","152","FA","@CHE Sun 1:00PM","6,200","142.62","4.32","2","459.5","3%","33","2,266","0","0","10","1","0","0","15","0","1","9","0","0","0","2","0","0","170","5","42","0","78","45","2","18","35","121","45","2","0","154","0","7","0","0","0","36","6"
"*04p0d*","Dwight McNeil","EVE","M","153","FA","@LEE Mon 7:00PM","7,800","140.56","6.69","100","24.4","100%","21","1,361","4","0","37","8","0","0","26","1","0","1","0","0","0","0","0","1","168","39","6","0","2","42","0","0","8","58","3","12","1","76","0","6","0","0","0","24","5"
"*067yu*","Facundo Buonanotte","BHA","M","154","FA","FUL Sat 2:00PM","6,000","140.38","4.53","11","304.3","10%","31","1,490","5","0","25","2","1","0","58","0","0","8","0","0","0","0","0","3","121","17","12","0","12","63","2","6","38","134","18","7","2","79","0","17","0","0","0","33","2"
"*04o82*","Curtis Jones","LIV","M","155","FA","BOU Fri 7:00PM","5,900","138.65","4.2","5","427.8","6%","33","1,685","3","0","22","5","0","0","26","2","1","1","1","1","0","1","0","1","310","1","7","0","8","37","2","9","31","90","14","2","5","97","0","14","0","1","0","27","6"
"*05o4b*","Matty Cash","AVL","D","156","FA","NEW Sat 11:30AM","6,600","138.07","5.11","10","323.1","10%","27","2,068","1","0","11","1","0","0","20","1","1","7","0","0","0","1","2","1","147","5","23","0","58","39","12","8","40","115","20","3","0","81","0","3","0","0","0","22","7"
"*062h7*","Tyler Adams","BOU","M","157","FA","@LIV Fri 7:00PM","6,500","137.3","4.9","3","441.8","4%","28","1,953","0","0","18","3","0","1","28","0","0","7","0","0","0","3","1","0","173","1","32","0","37","25","5","10","60","139","31","1","2","114","0","7","0","0","0","30","6"
"*04spq*","Jack Harrison","LEE","M","158","FA","EVE Mon 7:00PM","5,900","136.45","4.01","17","249.4","16%","34","2,059","1","1","33","3","0","0","52","1","1","0","0","0","0","0","0","4","149","31","10","0","31","52","4","2","24","88","4","6","4","73","0","10","0","1","0","27","7"
"*06clz*","Malo Gusto","CHE","D","159","FA","CRY Sun 1:00PM","5,500","134.3","4.2","31","148.7","42%","32","1,844","0","0","22","1","0","0","18","4","1","4","0","0","0","0","0","2","314","10","24","0","40","24","9","8","37","78","9","1","2","119","0","13","0","0","0","26","4"
"*05o6h*","Kai Havertz","ARS","F","160","FA","@MUN Sun 3:30PM","7,200","133.63","5.81","98","56.6","98%","23","1,869","9","0","17","3","0","0","44","1","0","5","0","0","0","2","0","14","205","2","6","0","32","32","1","4","13","111","65","3","15","41","0","2","0","0","0","20","7"
"*06fvn*","Beto","EVE","F","161","FA","@LEE Mon 7:00PM","6,000","133.52","4.45","76","119.1","85%","30","1,504","8","0","12","0","2","0","71","0","1","2","0","0","0","0","0","16","53","1","4","0","24","42","0","2","8","155","99","2","12","40","0","15","0","0","0","24","4"
"*06fy7*","Nicolas Dominguez","NOT","M","162","FA","BRF Sun 1:00PM","5,400","132.46","3.9","0","-","1%","34","1,943","0","0","13","1","0","0","23","0","1","9","0","0","0","0","0","1","240","2","29","0","52","21","2","12","57","134","27","2","3","114","0","11","0","0","0","27","7"
"*06p4k*","Matthijs de Ligt","MUN","D","163","FA","ARS Sun 3:30PM","6,000","131.59","4.54","13","290.8","14%","29","2,116","2","0","6","0","0","1","5","0","0","3","0","0","0","1","2","2","79","2","33","1","91","14","5","21","43","102","58","0","2","68","0","4","0","0","0","36","4"
"*062x7*","Rico Lewis","MCI","D","164","FA","@WOL Sat 4:30PM","6,100","131.53","4.7","6","379.4","6%","28","1,879","1","0","7","2","1","2","20","1","0","3","1","1","0","0","0","0","365","0","13","0","40","43","5","7","26","79","6","0","2","95","0","7","0","0","0","27","5"
"*068yt*","Sasa Lukic","FUL","M","165","FA","@BHA Sat 2:00PM","5,700","131.03","4.37","3","426.4","2%","30","2,337","0","1","26","2","0","0","23","1","0","12","0","0","0","1","1","0","278","22","28","0","32","34","3","7","46","121","19","4","2","109","0","2","0","0","0","37","4"
"*05tre*","Vitaly Janelt","BRF","M","167","FA","@NOT Sun 1:00PM","5,800","130.26","4.07","0","-","2%","32","2,244","1","0","15","3","0","0","16","1","0","3","0","0","0","0","0","1","236","9","27","0","48","18","5","9","31","75","19","7","0","107","0","5","0","0","2","38","6"
"*04mqv*","Emerson","WHU","D","168","FA","@SUN Sat 2:00PM","5,800","129.86","4.19","0","-","2%","31","2,104","2","0","16","1","0","0","24","0","0","5","0","0","0","0","0","0","176","18","21","0","56","23","3","8","39","101","18","3","3","84","1","5","0","0","0","41","5"
"*03dx3*","Kieran Trippier","NEW","D","169","FA","@AVL Sat 11:30AM","7,000","128.54","5.14","38","152","42%","25","1,286","0","0","22","3","0","1","11","0","0","1","0","0","0","0","0","2","284","24","12","0","42","15","7","3","24","75","22","2","0","68","0","11","0","0","0","18","6"
"*062ts*","Djed Spence","TOT","D","170","FA","BUR Sat 2:00PM","6,100","126.9","5.08","27","173.1","25%","25","1,785","1","0","11","2","0","1","28","2","0","2","1","1","0","2","0","2","205","9","21","1","56","60","18","9","43","128","21","2","0","109","0","6","0","0","1","39","3"
"*04ml6*","Konstantinos Mavropanos","WHU","D","171","FA","@SUN Sat 2:00PM","5,400","124.6","3.78","0","-","2%","33","2,024","0","0","5","0","0","3","12","1","0","4","1","1","0","1","0","3","84","1","40","0","123","25","3","18","42","117","59","2","3","77","0","12","0","0","0","38","2"
"*0642l*","Casemiro","MUN","M","172","FA","ARS Sun 3:30PM","6,600","123.53","5.15","6","347","5%","24","1,482","1","0","22","0","0","0","12","1","2","5","0","0","0","0","0","4","193","8","14","0","48","22","3","10","60","141","39","3","1","103","0","6","0","0","0","20","6"
"*0635j*","Chris Richards","CRY","D","173","FA","@CHE Sun 1:00PM","6,600","123.24","5.14","50","140.1","58%","24","1,920","1","0","2","1","0","0","5","0","0","2","1","1","0","0","0","1","43","1","19","1","113","6","8","14","44","100","48","0","2","51","0","2","0","1","0","31","7"
"*06pib*","Manuel Ugarte","MUN","M","174","FA","ARS Sun 3:30PM","5,200","123.01","4.24","5","423.4","6%","29","1,769","1","0","10","2","0","0","32","2","0","11","0","0","0","1","0","0","171","3","27","0","15","51","2","4","53","146","18","3","0","122","0","7","0","0","1","33","4"
"*061va*","Boubacar Kamara","AVL","M","175","FA","NEW Sat 11:30AM","6,000","121.29","4.67","6","347.6","5%","26","1,712","1","0","11","0","0","1","12","3","0","2","0","0","0","1","0","0","170","0","19","1","47","44","4","7","28","115","21","2","1","87","0","6","0","0","0","22","6"
"*05gcs*","Sander Berge","FUL","M","176","FA","@BHA Sat 2:00PM","5,100","121.05","3.9","2","534.5","2%","31","2,215","0","0","18","0","0","0","15","1","0","6","0","0","0","1","0","0","255","0","21","0","37","21","1","8","38","99","28","0","1","126","0","5","0","0","0","35","4"
"*063hu*","Amadou Onana","AVL","M","177","FA","NEW Sat 11:30AM","6,000","120.7","4.64","6","327.2","6%","26","1,608","3","0","10","0","1","0","11","1","2","4","0","0","0","0","0","0","143","2","26","0","40","44","1","7","37","131","33","1","2","72","0","6","0","0","0","23","6"
"*0649j*","Manuel Akanji","MCI","D","178","FA","@WOL Sat 4:30PM","6,100","120.38","4.63","6","357.4","8%","26","2,010","0","0","9","0","0","0","5","1","2","3","0","0","0","0","0","0","476","3","9","1","62","11","2","8","20","60","31","0","2","103","0","3","0","0","0","28","6"
"*05oeh*","Kenny Tete","FUL","D","179","FA","@BHA Sat 2:00PM","6,800","120.02","5.46","67","137.8","65%","22","1,772","0","0","9","2","0","0","17","0","0","5","0","0","0","2","0","1","191","10","32","0","62","25","5","12","50","105","26","1","1","74","0","1","0","0","0","26","3"
"*063y7*","Destiny Udogie","TOT","D","180","FA","BUR Sat 2:00PM","5,600","119.35","4.77","35","143.2","48%","25","1,921","0","0","16","1","0","0","37","0","1","2","0","0","0","1","0","3","261","4","22","1","28","51","8","6","53","139","13","2","0","111","0","1","0","0","1","35","2"
"*062pl*","Lisandro Martinez","MUN","D","181","FA","ARS Sun 3:30PM","7,000","118.93","5.95","4","386.9","6%","20","1,751","2","0","9","1","0","3","1","1","0","7","0","0","0","0","0","0","157","3","32","0","54","13","3","8","32","69","16","3","2","81","0","0","0","0","0","27","6"
"*061vn*","Rodrigo Muniz","FUL","F","182","FA","@BHA Sat 2:00PM","5,300","118.62","3.83","46","152.9","44%","31","921","8","0","7","1","0","0","47","0","0","1","0","0","0","0","0","3","40","0","5","0","14","37","0","2","7","114","67","1","5","14","0","23","0","0","0","17","2"
"*051k3*","Jacob Ramsey","AVL","M","183","FA","NEW Sat 11:30AM","5,500","117.72","4.06","6","367.8","8%","29","1,605","1","1","21","4","1","0","42","0","1","2","1","1","0","1","0","5","224","2","8","0","8","53","0","4","19","90","7","5","2","83","0","10","0","1","0","26","5"
"*067ys*","Jack Hinshelwood","BHA","M","185","FA","FUL Sat 2:00PM","5,600","116.92","4.5","9","323.6","9%","26","1,834","5","0","17","3","0","0","18","1","0","5","0","0","0","1","0","0","188","6","16","0","37","11","0","3","22","58","20","3","2","63","0","4","0","0","0","30","6"
"*03gu4*","Harry Maguire","MUN","D","186","FA","ARS Sun 3:30PM","5,800","116.7","4.32","24","155.3","19%","27","1,744","1","0","9","0","1","1","10","1","0","7","0","0","0","0","0","2","74","0","40","0","77","13","1","12","27","107","64","1","4","68","0","8","0","0","0","27","3"
"*03yeg*","Tosin Adarabioyo","CHE","D","187","FA","CRY Sun 1:00PM","6,600","115.68","5.26","3","432.8","4%","22","1,399","1","0","1","1","2","0","4","0","0","4","0","0","0","0","0","1","70","0","11","0","79","13","1","7","20","72","42","1","2","41","0","7","0","0","0","14","7"
"*03rxs*","Harry Wilson","FUL","M","188","FA","@BHA Sat 2:00PM","5,700","113.33","4.53","90","104","87%","25","1,133","6","1","20","2","2","0","19","1","0","2","0","0","0","1","0","1","149","11","7","0","9","31","1","1","15","56","5","2","2","55","0","13","0","1","0","21","2"
"*05ylw*","Rodrigo Bentancur","TOT","M","189","FA","BUR Sat 2:00PM","5,600","113.24","4.36","11","312","12%","26","1,635","2","0","10","0","0","0","19","1","0","9","0","0","0","0","0","1","228","2","40","0","37","19","1","8","30","95","36","0","0","121","0","5","0","0","0","26","3"
"*05mxa*","Joel Veltman","BHA","D","190","FA","FUL Sat 2:00PM","6,400","111.81","5.32","0","-","1%","21","1,692","0","0","6","0","0","0","19","0","0","5","0","0","0","5","1","0","164","8","19","0","62","48","4","7","36","112","22","2","1","68","0","2","0","0","0","24","6"
"*062oh*","Jake OBrien","EVE","D","191","FA","@LEE Mon 7:00PM","6,500","111.22","5.56","18","235.1","16%","20","1,565","2","0","6","0","0","0","5","0","0","5","0","0","0","0","0","3","84","6","4","1","89","9","4","4","21","76","42","1","1","52","0","3","0","0","0","17","5"
"*06onx*","Jean-Clair Todibo","WHU","D","192","FA","@SUN Sat 2:00PM","5,200","110.87","4.11","2","515.5","2%","27","1,816","0","0","2","0","0","0","14","2","1","3","0","0","0","0","0","0","60","0","26","0","82","15","1","13","41","90","28","0","0","79","0","7","0","0","0","33","5"
"*052cb*","Ian Maatsen","AVL","D","193","FA","NEW Sat 11:30AM","4,900","110.64","3.82","92","108","93%","29","1,111","1","2","19","2","0","0","22","3","0","2","0","0","0","0","1","3","154","10","15","0","27","22","12","0","17","61","10","4","0","67","0","19","0","0","0","16","3"
"*05tr1*","Ethan Pinnock","BRF","D","194","FA","@NOT Sun 1:00PM","6,600","108.66","4.94","15","224.8","13%","22","1,911","2","0","8","0","1","1","2","1","3","2","0","0","0","0","1","0","78","1","24","0","139","7","3","18","37","105","64","2","1","50","0","1","0","0","1","35","2"
"*05o4c*","Timothy Castagne","FUL","D","195","FA","@BHA Sat 2:00PM","6,000","108.65","4.53","0","-","2%","24","1,635","0","0","9","1","0","0","15","0","0","1","0","0","0","0","1","1","145","4","22","0","75","11","8","6","35","91","35","1","1","57","0","7","0","0","0","28","3"
"*06nvg*","Jota Silva","NOT","F","196","FA","BRF Sun 1:00PM","4,600","105.32","3.4","21","208.2","17%","31","816","3","0","14","2","1","0","24","0","0","5","0","0","0","1","0","8","60","4","12","0","16","33","1","1","15","81","21","8","2","43","0","26","0","1","0","16","1"
"*06mpp*","Mats Wieffer","BHA","M","197","FA","FUL Sat 2:00PM","5,200","105.32","4.21","73","109","86%","25","990","1","0","16","5","0","1","19","2","1","6","0","0","0","0","1","1","144","3","17","0","25","17","3","2","36","107","34","1","2","68","0","15","0","1","0","22","2"
"*06fwx*","Santiago Bueno","WOL","D","198","FA","MCI Sat 4:30PM","4,900","105.27","3.63","0","-","1%","29","1,669","0","0","0","0","1","0","2","0","0","2","0","0","0","1","0","0","33","0","15","0","70","5","0","21","42","81","35","0","0","43","0","11","0","0","0","34","5"
"*06rf9*","Omar Marmoush","MCI","F","199","FA","@WOL Sat 4:30PM","6,600","104.03","6.5","100","16.3","100%","16","1,170","7","0","15","1","1","0","45","0","0","0","0","0","0","0","0","10","131","10","6","0","3","40","0","1","9","58","5","8","3","37","0","2","0","1","0","12","8"
"*061xs*","Julio Enciso","BHA","M","200","FA","FUL Sat 2:00PM","5,200","103.59","4.14","10","329.7","6%","25","1,145","2","0","18","3","1","0","31","0","0","3","0","0","0","0","1","0","103","8","1","0","7","68","0","1","10","94","14","4","1","58","0","11","0","0","0","22","2"
"*066r9*","Ehor Yarmolyuk","BRF","M","202","FA","@NOT Sun 1:00PM","4,300","102.63","3.31","0","-","2%","31","1,419","0","0","9","0","0","0","26","0","0","6","0","0","0","1","0","2","155","5","13","0","31","26","2","9","37","83","8","2","0","113","0","16","0","0","0","25","3"
"*061x2*","Darwin Nunez","LIV","F","203","FA","BOU Fri 7:00PM","4,900","102.34","3.41","24","178.2","20%","30","1,090","5","1","11","3","0","0","24","0","0","8","0","0","0","2","0","12","73","1","4","0","11","22","1","0","18","63","20","3","8","41","0","22","0","1","0","21","2"
"*06f81*","Edson Alvarez","WHU","M","204","FA","@SUN Sat 2:00PM","4,700","102.27","3.65","0","-","2%","28","1,762","0","0","12","1","0","1","27","0","1","7","1","1","0","1","0","4","191","4","18","0","41","32","5","8","35","112","30","1","0","88","0","8","0","0","0","29","3"
"*06crm*","Pau Torres","AVL","D","205","FA","NEW Sat 11:30AM","5,200","102.12","4.26","4","405.8","6%","24","2,018","0","0","3","0","0","0","6","1","1","2","0","0","0","0","0","0","167","0","10","0","74","22","1","11","26","61","19","0","0","62","0","1","0","0","0","33","5"
"*04e1c*","Lewis Dunk","BHA","D","206","FA","FUL Sat 2:00PM","5,500","101.69","4.07","4","437.2","4%","25","2,079","0","0","6","1","0","0","9","1","1","5","0","0","0","0","0","2","217","0","13","0","78","11","1","18","28","79","52","1","3","104","0","2","0","0","1","42","4"
"*05uoc*","Cristian Romero","TOT","D","207","FA","BUR Sat 2:00PM","6,400","100.52","5.58","91","105.9","93%","18","1,416","1","1","7","1","0","0","10","1","1","3","0","0","0","0","0","2","145","1","21","0","52","13","5","3","32","89","42","1","3","90","0","0","0","0","0","22","3"
"*06mn7*","Lucas Bergvall","TOT","M","208","FA","BUR Sat 2:00PM","4,600","100.29","3.71","6","387.7","8%","27","1,189","0","1","11","2","1","0","20","1","2","3","0","0","0","1","0","0","152","9","24","0","21","38","1","8","27","86","9","1","0","73","0","16","0","0","0","25","3"
"*06r7k*","Emmanuel Agbadou","WOL","D","210","FA","MCI Sat 4:30PM","6,600","99.23","6.2","5","355.3","7%","16","1,410","1","0","4","0","0","0","6","0","0","3","0","0","0","0","0","1","61","0","12","0","89","14","1","13","32","70","26","0","0","83","0","0","0","0","0","22","4"
"*06mve*","Joshua Zirkzee","MUN","F","211","FA","ARS Sun 3:30PM","4,200","99.15","3.1","12","284.9","15%","32","1,366","3","0","12","2","0","0","41","1","0","2","0","0","0","0","0","3","101","0","6","0","8","24","0","4","12","59","23","4","7","57","0","18","0","1","0","24","3"
"*04spw*","James Garner","EVE","M","212","FA","@LEE Mon 7:00PM","5,500","98.43","4.69","4","377.9","5%","21","1,584","0","0","13","1","0","0","16","0","0","5","0","0","0","1","0","0","150","15","23","0","34","22","3","4","35","80","11","2","0","73","0","4","0","0","0","19","5"
"*06exb*","Rasmus Hojlund","MUN","F","213","FA","ARS Sun 3:30PM","4,200","97.76","3.06","13","286.5","17%","32","1,989","4","0","16","1","0","0","63","0","0","2","0","0","0","0","0","13","91","3","2","0","6","37","0","0","1","71","31","4","6","35","0","9","0","1","0","31","6"
"*065ao*","Ethan Nwaneri","ARS","M","214","FA","@MUN Sun 3:30PM","4,700","97.54","3.75","75","120.3","76%","26","867","4","0","16","2","1","0","23","1","0","1","0","0","0","1","0","6","175","14","2","0","4","42","0","2","9","57","4","1","0","34","0","15","0","0","0","4","4"
"*051k7*","Reece James","CHE","D","215","FA","CRY Sun 1:00PM","6,000","97.15","5.11","100","89.3","98%","19","1,052","1","0","11","2","1","1","7","3","1","1","0","0","0","0","0","0","152","8","13","1","21","18","2","6","15","51","24","3","1","66","1","7","0","0","0","14","3"
"*06jgs*","Adam Wharton","CRY","M","216","FA","@CHE Sun 1:00PM","5,200","96.96","4.85","42","146.3","48%","20","1,311","0","0","26","2","0","0","17","0","0","2","0","0","0","1","0","0","168","14","20","0","27","23","0","2","16","64","7","5","0","102","0","4","0","0","0","21","4"
"*06mnc*","Daichi Kamada","CRY","M","217","FA","@CHE Sun 1:00PM","3,900","96.94","2.85","1","1051.8","2%","34","1,526","0","0","20","0","0","0","17","0","0","4","0","1","0","1","0","2","164","10","18","0","14","28","0","5","34","79","4","4","0","89","0","19","0","0","0","26","3"
"*02lp5*","Adam Smith","BOU","D","218","FA","@LIV Fri 7:00PM","5,100","96.92","3.88","0","-","1%","25","1,581","0","1","8","0","0","0","13","1","0","7","0","0","0","0","0","0","110","7","15","0","38","18","11","5","17","56","14","0","1","50","0","6","0","0","0","18","6"
"*0666p*","Kobbie Mainoo","MUN","M","219","FA","ARS Sun 3:30PM","4,600","96.01","3.84","7","384.6","10%","25","1,642","0","0","14","0","0","0","36","0","1","5","0","0","0","2","0","3","189","2","19","0","12","44","2","2","31","109","19","4","0","88","0","6","0","0","0","27","5"
"*02oq8*","James Ward-Prowse","WHU","M","220","FA","@SUN Sat 2:00PM","5,200","95.28","3.97","49","136.9","60%","24","1,427","1","1","24","2","0","0","6","0","0","2","1","1","0","2","0","0","183","19","13","0","19","8","4","5","20","45","13","6","2","71","0","7","0","0","0","18","5"
"*066sd*","Myles Lewis-Skelly","ARS","D","221","FA","@MUN Sun 3:30PM","4,700","93.63","4.07","70","111.4","88%","23","1,355","1","0","8","0","0","0","13","0","0","3","0","2","0","0","1","0","191","4","7","0","24","59","3","1","15","92","11","0","0","53","0","8","0","0","0","16","5"
"*06eo0*","Lesley Ugochukwu","CHE","M","222","FA","CRY Sun 1:00PM","4,400","93.01","3.58","1","1053","2%","26","1,647","1","0","14","1","0","0","12","2","0","7","0","0","0","1","1","0","149","1","14","0","23","35","0","10","34","105","21","0","2","67","0","8","0","0","0","39","1"
"*04e1e*","Ben White","ARS","D","223","FA","@MUN Sun 3:30PM","6,200","90.21","5.31","75","118.2","86%","17","1,192","0","0","10","2","0","0","10","0","0","2","0","0","0","1","0","1","174","3","16","0","38","5","6","8","22","43","18","2","0","37","0","4","0","0","0","13","5"
"*0626q*","Simon Adingra","SUN","M","224","FA","WHU Sat 2:00PM","4,000","89.95","3.1","96","91.7","94%","29","1,069","2","0","16","3","1","0","39","2","0","0","0","0","0","1","0","4","124","10","8","0","6","25","0","0","14","55","7","3","4","47","0","17","0","0","0","23","2"
"*04rh9*","David Brooks","BOU","M","225","FA","@LIV Fri 7:00PM","4,000","88.37","3.05","0","-","2%","29","923","2","1","20","1","0","0","30","1","0","3","0","0","0","0","0","0","137","14","5","0","9","29","0","2","8","50","7","3","3","50","0","20","0","0","0","12","3"
"*04sft*","Yves Bissouma","TOT","M","226","FA","BUR Sat 2:00PM","4,100","86.86","3.1","0","-","2%","28","1,385","2","0","6","0","0","0","25","3","1","7","0","0","0","1","2","0","162","1","18","0","35","25","5","6","37","81","7","0","0","85","0","12","0","0","0","28","3"
"*063e8*","Goncalo Guedes","WOL","F","227","FA","MCI Sat 4:30PM","4,000","85.24","2.94","2","537.5","2%","29","964","2","0","14","4","0","0","38","0","0","1","0","0","0","0","0","3","112","6","5","0","3","26","1","0","5","47","6","2","6","36","0","19","0","0","0","25","3"
"*05uns*","Leon Bailey","AVL","M","228","FA","NEW Sat 11:30AM","4,500","84.81","3.53","3","360.3","2%","24","1,126","1","0","16","2","2","0","35","0","0","3","0","0","0","0","0","3","138","3","3","0","8","40","4","0","5","53","6","3","1","59","0","10","0","1","0","19","2"
"*04ge9*","Eddie Nketiah","CRY","F","229","FA","@CHE Sun 1:00PM","4,000","83.64","2.88","10","332.6","8%","29","1,001","3","0","13","2","1","0","35","0","0","4","1","1","0","5","0","5","69","0","3","1","10","40","2","1","9","76","21","2","10","26","0","20","0","1","0","17","2"
"*06cm0*","Christopher Nkunku","CHE","F","230","FA","CRY Sun 1:00PM","3,900","82.92","3.07","12","319.5","9%","27","887","3","0","14","2","0","0","18","0","0","2","0","0","0","1","0","3","146","0","7","0","9","21","1","2","10","49","16","1","6","29","0","18","0","0","0","16","2"
"*02oo1*","Ben Davies","TOT","D","231","FA","BUR Sat 2:00PM","5,900","82.91","4.88","0","-","1%","17","1,327","0","0","2","0","0","2","5","1","0","5","0","0","0","0","0","0","59","1","12","1","79","8","2","19","30","77","53","0","0","41","0","3","0","0","0","26","3"
"*05uel*","Kristoffer Ajer","BRF","D","232","FA","@NOT Sun 1:00PM","4,600","82.84","3.45","0","-","1%","24","1,422","0","0","8","0","0","1","15","0","0","5","0","0","0","0","0","2","110","4","12","0","47","13","3","4","22","66","28","2","2","42","0","7","0","0","0","25","3"
"*04ge6*","Joe Willock","NEW","M","233","FA","@AVL Sat 11:30AM","4,000","82.78","2.59","2","538.5","1%","32","1,047","0","0","22","2","0","0","37","0","0","4","0","0","0","2","0","3","128","1","6","0","5","25","2","6","23","60","5","5","5","40","0","21","0","0","0","16","4"
"*063e7*","Marcos Senesi","BOU","D","234","FA","@LIV Fri 7:00PM","5,500","81.29","4.78","49","146.1","52%","17","1,099","0","0","3","0","0","0","7","0","0","5","0","0","0","1","0","0","117","3","14","0","58","14","0","7","28","85","33","0","2","71","0","4","0","0","0","17","2"
"*03rec*","Tyrone Mings","AVL","D","235","FA","NEW Sat 11:30AM","6,500","81.03","5.79","2","437.5","3%","14","1,116","0","0","3","1","0","3","3","1","0","1","0","0","0","1","0","0","67","0","7","0","59","13","2","11","17","47","28","1","1","38","0","2","0","0","0","11","4"
"*05n3v*","Konstantinos Tsimikas","LIV","D","236","FA","BOU Fri 7:00PM","5,100","80.86","4.49","0","-","2%","18","820","0","1","16","1","0","0","6","0","0","2","0","0","0","0","0","1","142","14","11","0","17","11","3","2","22","47","5","5","1","31","0","9","0","0","0","8","4"
"*05tr9*","Mathias Jensen","BRF","M","237","FA","@NOT Sun 1:00PM","4,500","79.95","3.33","0","-","2%","24","830","0","1","16","2","0","0","9","2","0","2","0","0","0","0","0","0","130","11","8","0","13","19","0","4","14","41","8","5","0","48","0","16","0","0","0","17","2"
"*06nu7*","Riccardo Calafiori","ARS","D","238","FA","@MUN Sun 3:30PM","4,600","78.46","4.13","29","158.6","29%","19","972","2","0","6","1","1","0","12","0","0","4","0","0","0","0","0","3","159","2","9","0","24","15","1","6","25","64","22","0","1","35","0","8","0","0","0","12","1"
"*06p5s*","Brajan Gruda","BHA","M","239","FA","FUL Sat 2:00PM","4,300","78.37","3.73","54","128.7","65%","21","663","1","0","23","4","0","0","14","1","0","0","0","0","0","0","0","1","97","11","2","0","5","25","0","0","8","44","3","4","0","26","0","13","0","0","0","15","1"
"*05uhj*","Conor Bradley","LIV","D","240","FA","BOU Fri 7:00PM","4,500","77.46","4.08","80","119.3","81%","19","732","0","0","7","2","0","0","13","0","0","4","0","0","0","0","0","1","99","1","4","0","25","24","6","2","12","49","11","4","1","51","0","12","0","0","0","10","3"
"*068sd*","Jakub Kiwior","ARS","D","241","FA","@MUN Sun 3:30PM","5,300","76.71","4.51","2","513.5","2%","17","1,112","1","0","5","0","0","2","3","3","0","1","0","0","0","0","0","1","114","0","6","0","57","7","1","8","16","40","11","1","0","31","0","7","0","0","0","15","3"
"*05y7c*","Archie Gray","TOT","M","242","FA","BUR Sat 2:00PM","3,500","76.12","2.72","3","455.1","3%","28","1,733","0","0","3","0","0","0","12","1","1","1","0","0","0","0","0","0","82","1","19","1","47","18","3","11","19","45","11","0","0","69","0","9","0","0","1","41","2"
"*04qfq*","Matt ORiley","BHA","M","243","FA","FUL Sat 2:00PM","4,200","76.06","3.62","60","128.8","66%","21","918","2","0","21","3","1","0","19","0","1","1","0","0","0","0","0","2","95","16","13","0","9","21","0","3","12","42","6","4","2","29","0","10","0","1","1","20","2"
"*0687c*","Carlos Alcaraz","EVE","M","244","FA","@LEE Mon 7:00PM","5,200","75.9","4.74","99","87","96%","16","757","2","1","14","3","0","0","14","0","0","4","0","0","0","0","0","1","92","5","6","0","10","21","0","2","7","47","15","6","1","39","0","9","0","0","0","9","1"
"*05tr5*","Mads Roerslev","BRF","D","245","FA","@NOT Sun 1:00PM","4,700","74.71","3.93","0","-","1%","19","1,087","0","0","14","2","0","0","9","0","0","2","0","0","0","0","0","0","104","4","4","0","31","17","4","5","13","45","10","4","0","39","0","8","0","0","0","20","2"
"*06pig*","Morato","NOT","D","246","FA","BRF Sun 1:00PM","3,800","74.12","2.85","0","-","1%","26","874","0","0","0","0","0","0","6","2","0","5","0","0","0","0","0","0","33","0","10","0","75","4","3","5","19","32","6","0","0","36","0","20","0","0","0","14","3"
"*06o2t*","Niclas Fullkrug","WHU","F","247","FA","@SUN Sat 2:00PM","4,600","73.73","4.1","38","158.7","39%","18","774","3","0","14","2","2","0","18","0","0","2","0","0","0","0","0","10","45","0","1","0","16","7","0","0","3","50","39","2","0","18","0","12","0","0","0","18","2"
"*0687b*","Alex Moreno","AVL","D","248","FA","NEW Sat 11:30AM","5,300","72.22","4.81","0","-","2%","15","949","0","0","8","1","0","0","13","0","0","2","0","0","0","0","0","0","88","5","15","0","38","14","5","5","23","42","3","2","0","50","0","4","0","0","0","16","3"
"*05opl*","Wesley Fofana","CHE","D","249","FA","CRY Sun 1:00PM","5,500","71.6","5.11","3","478.1","3%","14","1,172","0","0","6","0","0","1","16","2","0","7","0","0","0","0","0","0","82","0","14","0","52","24","3","9","21","64","27","1","0","54","0","0","0","0","0","13","2"
"*06rma*","Marshall Munetsi","WOL","M","250","FA","MCI Sat 4:30PM","5,200","71.41","5.1","35","154.1","43%","14","1,076","2","0","9","2","1","0","32","0","0","0","0","0","0","2","0","3","38","3","6","0","17","13","1","1","11","66","29","3","5","35","0","2","0","0","0","11","5"
"*06oav*","Guido Rodriguez","WHU","M","251","FA","@SUN Sat 2:00PM","3,700","70.99","3.09","0","-","1%","23","1,140","0","0","4","1","0","0","4","1","0","6","0","0","0","1","0","2","73","1","13","0","30","15","5","9","28","62","11","0","0","53","0","7","0","0","0","19","4"
"*06f8y*","Alex Scott","BOU","M","252","FA","@LIV Fri 7:00PM","3,900","69.22","3.46","2","488.5","3%","20","734","0","0","12","0","0","1","23","0","0","3","0","0","0","0","0","0","108","2","10","0","11","32","4","4","18","66","7","1","0","52","0","12","0","0","0","8","3"
"*03xrs*","Axel Tuanzebe","BUR","D","253","FA","@TOT Sat 2:00PM","3,800","68.96","3.13","2","502","2%","22","1,708","0","0","5","1","0","0","11","1","0","3","1","1","0","0","0","0","140","2","23","0","54","16","2","10","29","69","23","1","1","49","0","2","0","0","1","37","1"
"*02lpf*","Ross Barkley","AVL","M","254","FA","NEW Sat 11:30AM","3,900","68.81","3.44","0","-","1%","20","554","3","0","9","1","0","0","7","0","0","3","0","0","0","0","0","0","91","0","10","0","5","15","0","3","6","35","6","1","1","43","0","17","0","0","0","10","1"
"*02lm7*","Jack Grealish","MCI","M","255","FA","@WOL Sat 4:30PM","4,400","68.71","3.44","72","129.6","78%","20","699","1","0","24","1","0","0","10","0","1","3","0","0","0","0","0","0","211","3","2","0","5","38","1","2","7","48","1","2","0","26","0","13","0","0","0","10","2"
"*04qfm*","Ryan Sessegnon","FUL","M","256","FA","@BHA Sat 2:00PM","4,700","68.46","4.28","74","130.9","75%","16","568","4","0","12","2","0","0","19","0","0","1","0","0","0","1","0","1","65","5","3","0","13","12","5","1","14","47","8","1","2","30","0","9","0","0","0","10","1"
"*0328q*","Tom Cairney","FUL","M","257","FA","@BHA Sat 2:00PM","3,500","67.58","2.7","2","540.5","1%","25","591","2","0","11","0","0","0","6","1","0","3","0","1","0","0","0","0","187","6","4","0","3","24","0","1","6","42","5","3","0","52","0","22","0","0","0","12","1"
"*0327r*","Michael Keane","EVE","D","258","FA","@LEE Mon 7:00PM","5,400","66.45","4.75","0","-","1%","14","1,043","3","0","2","0","0","0","2","2","0","5","0","0","0","1","0","0","23","0","16","0","65","0","0","10","19","38","26","0","1","26","0","3","0","0","0","20","3"
"*056ir*","Adam Webster","BHA","D","259","FA","FUL Sat 2:00PM","5,200","66.28","4.73","0","-","0%","14","883","0","0","3","1","0","0","5","1","1","1","0","0","0","0","1","1","94","0","20","1","40","3","1","9","15","37","24","1","1","35","0","3","0","0","0","11","4"
"*06mn8*","Rodrigo Gomes","WOL","M","260","FA","MCI Sat 4:30PM","3,400","65.95","2.64","3","471.6","2%","25","776","2","0","13","0","0","1","21","0","1","0","0","0","0","0","0","0","76","4","7","0","16","11","4","1","16","42","8","4","0","28","0","18","0","0","0","20","1"
"*04qos*","Issa Diop","FUL","D","261","FA","@BHA Sat 2:00PM","4,100","64.75","3.08","0","-","1%","21","1,329","0","0","3","0","0","0","9","1","1","2","0","0","0","0","0","0","54","0","9","0","70","5","2","7","19","51","20","0","1","45","0","6","0","0","1","19","1"
"*05rl4*","Crysencio Summerville","WHU","M","262","FA","@SUN Sat 2:00PM","4,000","64.34","3.39","45","150.9","45%","19","767","1","0","17","1","0","0","20","0","0","2","0","0","0","0","0","4","75","9","0","0","6","36","1","4","11","53","4","3","2","38","0","12","0","0","0","20","2"
"*06rm8*","Mathys Tel","TOT","F","263","FA","BUR Sat 2:00PM","4,800","64.16","4.94","86","105.8","90%","13","906","2","0","14","2","0","0","28","1","1","2","0","0","0","0","0","1","78","7","2","0","8","31","0","1","7","51","4","5","1","38","0","2","0","1","0","20","2"
"*06ezb*","Micky van de Ven","TOT","D","264","FA","BUR Sat 2:00PM","4,900","64.08","4.93","21","156.9","28%","13","1,013","0","0","2","2","0","0","5","0","1","4","0","0","0","0","0","0","69","0","10","0","38","13","1","8","14","42","19","2","1","63","0","1","0","0","0","17","2"
"*045c8*","Gabriel Jesus","ARS","F","265","FA","@MUN Sun 3:30PM","4,500","64.08","3.77","0","-","2%","17","589","3","0","8","2","1","0","13","0","0","4","0","0","0","1","0","9","70","1","4","0","7","19","1","1","7","38","9","1","3","28","0","11","0","0","0","5","2"
"*04ug0*","Sean Longstaff","LEE","M","266","FA","EVE Mon 7:00PM","3,600","63.76","2.55","4","360.8","5%","25","767","0","0","4","1","1","0","9","0","0","2","0","0","0","0","0","0","84","0","7","0","8","8","0","5","21","42","9","0","0","31","0","17","0","0","0","11","2"
"*05a6d*","Tariq Lamptey","BHA","D","267","FA","FUL Sat 2:00PM","4,400","61.58","4.11","1","1085.8","2%","15","851","2","0","5","2","0","0","11","1","0","0","0","0","0","2","1","0","52","7","7","0","21","20","2","7","18","38","1","2","0","39","0","5","0","0","0","21","2"
"*06ime*","Radu Dragusin","TOT","D","268","FA","BUR Sat 2:00PM","4,200","61.21","3.83","0","-","1%","16","1,248","0","0","4","0","0","0","8","3","1","1","0","0","0","0","0","0","60","1","15","0","46","10","3","16","22","53","34","1","0","48","0","2","0","0","0","29","2"
"*05n03*","Kalvin Phillips","MCI","M","269","FA","@WOL Sat 4:30PM","3,700","61.07","3.21","0","-","1%","19","1,226","0","0","5","0","0","0","25","1","1","4","1","1","0","0","0","0","105","6","19","0","35","25","2","6","25","67","8","0","0","68","0","5","0","0","0","29","2"
"*06mx0*","Leny Yoro","MUN","D","270","FA","ARS Sun 3:30PM","3,300","58.21","2.77","6","350.4","12%","21","1,149","0","0","2","0","0","1","3","0","0","5","0","0","0","0","0","1","81","1","18","0","43","4","0","3","14","49","16","0","2","46","0","9","0","0","0","24","1"
"*05w91*","Hwang Hee-Chan","WOL","F","271","FA","MCI Sat 4:30PM","3,500","58.12","2.77","3","379.7","4%","21","632","2","0","3","1","0","0","14","0","0","0","0","0","0","0","0","0","61","2","2","0","10","11","1","0","4","20","3","1","0","28","0","16","0","0","0","19","0"
"*043c1*","Oleksandr Zinchenko","ARS","D","273","FA","@MUN Sun 3:30PM","4,400","56.03","3.74","0","1171.4","2%","15","509","0","0","3","1","0","0","3","0","0","1","0","0","0","0","0","1","130","3","5","0","9","6","1","1","2","24","12","0","0","19","0","10","0","0","0","1","4"
"*06ew2*","Axel Disasi","CHE","D","274","FA","CRY Sun 1:00PM","4,400","56","4.31","0","-","1%","13","847","1","0","5","0","0","1","4","0","1","3","0","0","0","0","0","2","67","0","7","0","28","12","1","2","11","40","13","1","0","30","0","4","0","0","0","12","3"
"*06rm7*","Nico Gonzalez","MCI","M","275","FA","@WOL Sat 4:30PM","4,800","55.27","5.02","0","-","2%","11","758","1","0","1","1","2","0","8","0","0","3","0","0","0","0","0","0","152","0","8","0","21","6","0","0","6","38","16","0","2","31","0","2","0","0","0","7","6"
"*05t6z*","Tim Iroegbunam","EVE","M","276","FA","@LEE Mon 7:00PM","3,300","54.88","3.05","0","-","2%","18","550","0","0","3","1","0","0","11","1","0","4","0","0","0","0","0","0","31","0","16","0","11","20","1","4","18","60","11","0","0","51","0","13","0","0","0","16","0"
"*06635*","Oliver Scarles","WHU","D","277","FA","@SUN Sat 2:00PM","3,800","54.76","3.65","1","1082.8","2%","15","652","0","0","2","0","0","0","12","0","0","1","0","0","0","0","0","1","59","1","11","1","20","5","6","2","13","32","6","0","0","34","0","8","0","0","0","9","2"
"*05ojf*","Fabio Carvalho","BRF","M","280","FA","@NOT Sun 1:00PM","3,300","53.55","2.82","6","344.3","11%","19","429","2","0","4","1","1","0","13","0","0","1","0","0","0","0","0","1","59","1","3","0","2","12","0","1","10","27","2","1","2","30","0","16","0","0","0","14","0"
"*03vll*","Michail Antonio","WHU","F","281","FA","@SUN Sat 2:00PM","4,200","53.51","3.82","2","517.5","2%","14","832","1","0","9","4","1","0","35","0","0","1","0","0","0","3","0","4","44","2","0","0","2","16","0","0","2","35","17","4","5","22","0","3","0","0","0","18","4"
"*06rlj*","Patrick Dorgu","MUN","D","282","FA","ARS Sun 3:30PM","4,300","53.51","4.46","60","128.8","65%","12","837","0","0","12","0","0","0","12","0","2","3","0","1","0","1","0","3","129","3","4","0","19","31","4","0","24","77","16","1","0","37","0","2","0","0","0","11","2"
"*04io4*","Richarlison","TOT","F","283","FA","BUR Sat 2:00PM","4,000","53.49","3.57","3","479.3","4%","15","488","4","0","4","1","0","0","9","0","0","2","0","0","0","0","0","3","21","2","0","0","8","14","0","1","4","29","10","1","6","11","0","11","0","0","0","9","1"
"*06r5b*","Diego Gomez","BHA","M","284","FA","FUL Sat 2:00PM","3,500","52.94","3.31","0","-","1%","16","500","1","0","9","1","0","0","10","1","0","0","0","0","0","0","0","1","48","4","8","0","10","9","0","0","13","40","10","4","3","32","0","12","0","1","0","13","0"
"*05unu*","Romeo Lavia","CHE","M","285","FA","CRY Sun 1:00PM","3,700","51.86","3.24","2","494.5","3%","16","786","0","0","7","1","0","0","3","0","1","4","0","0","0","0","1","0","93","0","16","0","10","17","0","0","13","51","12","1","0","40","0","5","0","0","0","11","3"
"*06rgg*","Michael Kayode","BRF","D","286","FA","@NOT Sun 1:00PM","4,300","51.83","4.32","91","93.9","90%","12","518","0","0","8","1","0","1","13","0","0","2","0","0","0","0","0","0","39","3","7","0","17","12","2","0","11","38","9","2","0","34","0","6","0","0","0","5","2"
"*057cr*","Kevin Danso","TOT","D","287","FA","BUR Sat 2:00PM","5,000","50.85","5.08","2","503.5","3%","10","842","0","0","2","0","0","0","8","0","1","0","0","0","0","0","0","0","32","1","6","1","70","15","1","14","19","43","21","0","0","27","0","1","0","0","0","18","1"
"*06kx1*","Justin Devenny","CRY","M","288","FA","@CHE Sun 1:00PM","2,800","50.76","2.21","0","-","1%","23","479","1","0","7","1","0","0","17","0","0","1","0","0","0","0","0","1","51","3","0","0","11","2","0","1","13","21","2","1","1","27","0","19","0","0","0","8","0"
"*04ge8*","Reiss Nelson","ARS","F","289","FA","@MUN Sun 3:30PM","4,200","49.52","4.13","53","132.4","62%","12","476","1","0","13","1","0","0","14","0","0","1","0","0","0","0","0","1","110","9","5","0","2","23","1","0","6","32","0","2","1","29","0","7","0","0","0","9","1"
"*06fxu*","Ibrahim Sangare","NOT","M","290","FA","BRF Sun 1:00PM","3,700","48.86","3.76","0","1196.4","1%","13","578","0","0","5","1","0","0","5","1","0","3","0","0","0","1","0","0","50","2","6","0","13","8","0","4","18","46","10","2","0","42","0","6","0","0","0","6","2"
"*06eka*","Igor Julio","BHA","D","291","FA","FUL Sat 2:00PM","3,800","48.38","3.72","0","-","1%","13","956","0","0","2","0","0","0","1","0","1","4","0","0","0","0","0","0","67","1","4","0","38","11","1","14","19","24","8","0","0","42","0","3","0","0","0","17","1"
"*02lp9*","Kyle Walker","BUR","D","292","FA","@TOT Sat 2:00PM","3,700","48.24","3.22","12","287.1","12%","15","962","0","0","7","0","0","1","9","1","0","3","0","0","0","0","0","1","205","4","3","0","11","8","2","4","14","34","9","2","0","46","0","6","0","0","0","21","0"
"*04xjr*","Harvey Elliott","LIV","M","293","FA","BOU Fri 7:00PM","3,300","48.01","2.67","30","154.7","38%","18","347","1","0","10","2","1","0","5","1","0","1","0","0","0","0","0","1","89","3","1","0","3","5","0","2","5","11","1","1","0","15","0","16","0","0","0","6","0"
"*04rzl*","Taiwo Awoniyi","NOT","F","294","FA","BRF Sun 1:00PM","2,700","47.16","1.81","2","541.5","2%","26","379","1","0","2","0","0","0","19","0","0","0","0","0","0","0","0","1","26","0","0","0","7","14","0","0","3","33","14","0","4","18","0","23","0","0","0","10","1"
"*02y6o*","Nathan Ake","MCI","D","295","FA","@WOL Sat 4:30PM","4,900","46.88","4.69","2","1091.8","4%","10","675","0","0","1","0","0","2","4","1","0","0","0","0","0","0","0","0","86","0","3","1","22","1","0","2","9","23","13","0","0","24","0","2","0","0","0","11","3"
"*06fhy*","Wilson Odobert","TOT","F","296","FA","BUR Sat 2:00PM","3,100","46.64","2.92","11","315.2","13%","16","837","1","0","6","0","0","0","21","1","0","0","0","0","0","1","0","1","95","4","4","0","5","15","0","0","5","33","4","1","3","34","0","7","0","0","0","20","1"
"*03sbh*","Enes Unal","BOU","F","297","FA","@LIV Fri 7:00PM","3,100","46.55","2.74","0","-","1%","17","314","2","0","4","1","0","0","17","0","0","2","0","0","0","0","0","1","39","0","0","0","6","10","0","0","0","35","24","1","3","16","1","15","0","0","0","3","2"
"*067x8*","Nico OReilly","MCI","M","298","FA","@WOL Sat 4:30PM","4,400","43.75","4.86","27","157","29%","9","522","2","0","4","0","0","0","14","0","0","0","0","0","0","0","0","1","77","1","4","0","10","13","2","1","5","28","6","0","0","31","0","3","0","0","0","3","3"
"*04ge7*","Donyell Malen","AVL","F","299","FA","NEW Sat 11:30AM","3,100","41.54","2.97","13","262.1","24%","14","286","3","0","3","0","1","0","8","0","0","0","0","0","0","0","0","2","29","0","0","0","1","9","0","0","4","20","4","0","4","9","0","12","0","0","0","6","0"
"*06fso*","Wataru Endo","LIV","M","300","FA","BOU Fri 7:00PM","2,500","41.39","2.07","0","-","1%","20","246","0","0","2","0","0","0","6","0","0","0","0","0","0","0","0","0","39","0","6","1","8","9","1","1","9","24","3","0","0","14","0","19","0","0","0","5","0"
"*02lkp*","Raheem Sterling","CHE","F","301","FA","CRY Sun 1:00PM","3,000","41.2","2.42","8","317.5","6%","17","481","0","0","8","2","0","0","13","0","0","1","0","0","0","1","0","4","106","3","1","0","3","18","1","0","4","28","1","0","1","16","0","10","0","0","0","4","1"
"*062ot*","Cheick Doucoure","CRY","M","302","FA","@CHE Sun 1:00PM","3,500","41.03","3.16","2","420.5","2%","13","434","0","0","1","1","0","0","4","1","0","1","0","0","0","0","0","0","35","0","11","0","10","9","0","0","8","30","5","0","0","31","0","9","0","0","0","6","1"
"*062h9*","Luis Sinisterra","BOU","F","303","FA","@LIV Fri 7:00PM","3,600","40.28","3.36","2","511.5","2%","12","220","1","0","9","1","1","0","6","0","0","0","0","0","0","0","0","1","41","2","1","0","7","10","1","0","2","20","3","3","2","17","0","11","0","0","0","4","0"
"*052cd*","Mason Mount","MUN","M","304","FA","ARS Sun 3:30PM","2,900","39.26","2.31","22","221.2","12%","17","605","1","0","8","0","0","0","16","0","0","3","0","0","0","0","0","1","82","5","4","0","4","10","0","1","6","29","4","0","3","18","0","9","0","0","0","11","3"
"*061vb*","James Hill","BOU","D","305","FA","@LIV Fri 7:00PM","3,800","38.42","3.84","0","-","1%","10","440","0","0","3","1","0","0","2","0","0","1","0","0","0","0","0","0","29","0","9","0","31","6","0","0","8","35","15","1","0","13","0","4","0","0","0","9","1"
"*02yl5*","John Stones","MCI","D","306","FA","@WOL Sat 4:30PM","3,700","37.15","3.38","3","476.3","4%","11","540","2","0","2","0","0","1","2","0","1","1","0","0","0","0","0","0","95","0","4","0","18","4","1","3","5","18","8","0","0","22","0","5","0","0","0","11","1"
"*062a9*","Sven Botman","NEW","D","307","FA","@AVL Sat 11:30AM","4,800","36.49","4.56","19","208.6","19%","8","409","0","0","2","0","0","1","5","1","0","1","0","0","0","0","0","0","17","0","5","0","25","5","0","4","13","34","17","1","1","14","0","2","0","0","0","4","2"
"*05uhs*","James Mcatee","MCI","M","308","FA","@WOL Sat 4:30PM","2,600","36.02","2.4","3","394.4","10%","15","331","3","0","3","0","0","0","5","0","0","1","0","0","0","0","0","0","40","2","2","0","1","5","0","0","2","12","2","2","3","8","0","12","0","0","0","6","0"
"*03r93*","Joseph Gomez","LIV","D","309","FA","BOU Fri 7:00PM","4,100","36","4","0","-","1%","9","516","0","0","2","0","0","0","1","2","0","1","0","0","0","0","0","0","46","1","7","0","19","3","1","6","16","25","9","0","1","34","0","3","0","0","0","8","1"
"*06ab3*","Lewis Miley","NEW","M","310","FA","@AVL Sat 11:30AM","2,700","33.81","2.42","0","-","2%","14","294","1","0","1","0","0","0","8","2","0","0","0","0","0","0","0","0","56","0","2","0","5","2","0","1","12","22","6","0","0","16","0","13","0","0","0","4","0"
"*06phe*","Ferdi Kadioglu","BHA","D","312","FA","FUL Sat 2:00PM","4,500","31.23","5.21","21","223.6","19%","6","384","1","0","5","0","0","0","6","0","0","1","0","0","0","0","0","1","40","4","8","0","17","6","0","2","8","19","3","0","1","14","0","1","0","0","0","8","2"
"*03v6t*","Ben Chilwell","CHE","D","313","FA","CRY Sun 1:00PM","3,900","31.11","3.89","6","346.4","4%","8","248","1","0","5","0","0","0","4","0","0","1","0","0","0","0","0","2","20","2","6","0","11","5","5","2","8","15","3","1","0","20","1","7","0","0","0","4","0"
"*06lox*","Mikey Moore","TOT","F","315","FA","BUR Sat 2:00PM","2,900","30.18","3.02","0","-","1%","10","352","0","0","3","2","0","0","10","0","0","0","0","0","0","0","0","3","33","1","1","0","5","9","0","0","1","12","1","1","0","11","0","7","0","0","0","5","0"
"*06r9h*","Romain Esse","CRY","M","316","FA","@CHE Sun 1:00PM","3,800","30","4.29","24","175.5","19%","7","129","1","0","3","2","0","0","6","0","0","0","0","0","0","0","0","0","14","0","1","0","1","5","1","0","6","17","3","1","0","9","0","6","0","0","0","3","0"
"*05gcc*","Kiernan Dewsbury-Hall","CHE","M","317","FA","CRY Sun 1:00PM","2,800","29.89","2.3","1","1132.8","2%","13","249","0","0","3","1","0","0","1","1","0","0","0","0","0","1","0","0","37","0","2","0","7","8","2","0","5","16","0","1","0","9","0","11","0","0","0","3","0"
"*05yct*","Nathan Patterson","EVE","D","318","FA","@LEE Mon 7:00PM","3,100","29.1","2.91","2","516.5","2%","10","337","0","0","4","1","0","0","4","0","0","1","0","0","0","0","0","0","32","5","2","0","5","10","2","0","6","22","1","1","0","12","0","7","0","0","0","6","0"
"*06r9w*","Abdukodir Khusanov","MCI","D","319","FA","@WOL Sat 4:30PM","4,200","28.18","4.7","2","464.5","3%","6","503","0","0","2","0","0","1","2","0","1","1","0","0","0","0","0","0","44","0","3","0","28","3","1","4","8","14","7","0","0","27","0","0","0","0","1","6","2"
"*05746*","Emil Krafth","NEW","D","320","FA","@AVL Sat 11:30AM","2,500","27.45","2.29","0","-","1%","12","327","0","0","1","0","0","0","2","0","0","2","0","0","0","0","0","0","17","1","2","0","16","2","0","4","6","14","8","0","0","19","0","10","0","0","0","2","0"
"*05ts6*","Yerson Mosquera","WOL","D","321","FA","MCI Sat 4:30PM","4,500","27.1","5.42","10","299.6","16%","5","441","0","0","2","0","1","0","4","0","0","2","0","0","0","0","0","1","16","1","10","1","14","7","0","10","17","29","11","0","1","24","0","0","0","0","0","12","0"
"*02t1k*","Nathaniel Clyne","CRY","D","322","FA","@CHE Sun 1:00PM","2,400","26.01","2","0","-","0%","13","471","0","0","3","0","0","0","5","0","1","1","0","0","0","0","0","0","23","3","3","0","13","2","1","2","10","15","1","0","0","10","0","8","0","0","0","11","1"
"*05t6x*","William Osula","NEW","F","323","FA","@AVL Sat 11:30AM","2,100","25.97","1.85","4","361.1","3%","14","115","1","0","2","0","0","0","7","0","0","0","0","0","0","0","0","1","14","0","4","0","1","4","1","0","0","12","6","0","0","2","0","14","0","0","0","3","0"
"*06p4l*","Julian Araujo","BOU","D","324","FA","@LIV Fri 7:00PM","2,200","25.21","2.1","0","-","1%","12","486","0","0","1","0","0","0","5","0","0","2","0","0","0","0","0","1","43","2","6","0","16","2","2","0","5","15","3","0","0","29","0","5","0","0","0","10","0"
"*04f67*","Philip Billing","BOU","M","325","FA","@LIV Fri 7:00PM","2,900","25.06","2.51","0","-","1%","10","166","0","0","9","0","0","0","7","0","0","1","0","0","0","0","0","0","28","2","5","0","2","3","0","0","5","23","6","3","0","14","0","9","0","0","0","4","0"
"*05r4h*","Lamare Bogarde","AVL","D","326","FA","NEW Sat 11:30AM","2,800","24.1","3.01","0","-","1%","8","470","0","0","2","0","0","0","6","0","0","2","0","0","0","0","0","0","40","0","1","0","12","13","1","3","9","33","6","1","0","13","0","3","0","0","0","11","0"
"*05gvx*","Armando Broja","CHE","F","327","FA","CRY Sun 1:00PM","2,500","22.95","2.29","0","-","1%","10","321","0","0","4","0","0","0","16","0","0","1","0","0","0","0","0","3","21","0","1","0","4","12","0","0","1","33","18","0","0","9","0","6","0","0","0","2","2"
"*06crn*","Toby Collyer","MUN","M","328","FA","ARS Sun 3:30PM","3,200","22.32","3.72","0","-","1%","6","170","0","0","2","0","0","0","11","0","0","0","0","0","0","1","0","0","19","0","2","1","3","5","0","1","10","20","3","0","0","17","0","6","0","0","0","2","0"
"*06mgp*","Luis Guilherme","WHU","M","329","FA","@SUN Sat 2:00PM","2,000","22.05","1.84","0","-","2%","12","128","0","0","3","0","0","0","4","0","0","0","0","0","0","0","0","0","18","3","3","0","1","11","1","0","0","14","2","0","0","7","0","11","0","0","0","5","0"
"*06nyw*","Jorge Cuenca","FUL","D","330","FA","@BHA Sat 2:00PM","2,700","22.02","2.75","0","-","0%","8","349","0","0","0","0","0","0","2","0","0","0","0","0","0","0","0","0","8","0","2","0","26","4","0","4","6","16","6","0","0","10","0","4","0","0","0","8","0"
"*06l4i*","Tyrique George","CHE","F","331","FA","CRY Sun 1:00PM","2,500","21.28","2.66","0","-","2%","8","171","1","0","6","1","0","0","3","0","0","1","0","0","0","1","0","2","17","1","2","0","1","3","0","0","0","5","0","1","1","4","0","7","0","0","0","0","1"
"*06804*","Benoit Badiashile","CHE","D","332","FA","CRY Sun 1:00PM","3,900","20.57","4.11","0","-","1%","5","330","0","0","0","0","0","0","1","2","0","0","0","0","0","0","0","0","49","0","6","0","12","2","0","2","8","19","8","0","0","18","0","2","0","0","0","5","0"
"*0649i*","Antony","MUN","M","334","FA","ARS Sun 3:30PM","2,500","19.07","2.38","0","1123","1%","8","129","0","0","3","0","0","0","5","0","0","0","0","0","0","0","0","0","23","3","2","0","0","9","0","0","3","15","0","0","1","11","0","8","0","0","0","2","0"
"*06jh3*","Joshua King","FUL","M","335","FA","@BHA Sat 2:00PM","2,300","18.82","2.35","0","-","1%","8","120","0","0","3","0","0","0","1","0","0","0","0","0","0","0","0","0","29","1","1","0","1","6","0","0","5","14","1","1","0","5","0","7","0","0","0","0","1"
"*06mn0*","Igor Thiago","BRF","F","336","FA","@NOT Sun 1:00PM","2,200","18.55","2.32","84","108.6","86%","8","160","0","0","2","0","0","0","6","1","0","0","0","0","0","0","0","1","15","0","2","0","3","6","0","0","3","18","7","0","0","12","0","7","0","0","0","4","0"
"*051kl*","Emiliano Buendia","AVL","M","337","FA","NEW Sat 11:30AM","2,100","18.45","1.54","2","396","1%","12","79","0","0","1","0","0","0","4","0","0","1","0","0","0","1","0","0","19","0","0","0","1","6","1","1","7","12","0","0","1","8","0","12","0","0","0","2","0"
"*06kyx*","Andy Irving","WHU","M","338","FA","@SUN Sat 2:00PM","2,000","17.82","1.78","0","-","0%","10","155","0","0","1","0","0","0","1","0","0","2","0","0","0","0","0","0","24","1","1","0","5","2","0","1","5","10","1","1","0","10","0","9","0","0","0","4","0"
"*06kqy*","Ayden Heaven","MUN","D","340","FA","ARS Sun 3:30PM","3,700","17.33","4.33","0","-","1%","4","168","0","0","1","0","0","1","3","0","0","1","0","0","0","1","0","0","9","0","4","0","8","6","1","2","5","12","2","0","0","11","0","2","0","0","0","1","1"
"*04tsf*","Paris Maghoma","BRF","M","341","FA","@NOT Sun 1:00PM","2,100","16.96","2.12","0","-","0%","8","105","0","0","1","0","0","0","2","0","0","0","0","0","0","0","0","0","17","0","1","0","1","7","1","2","3","10","1","0","0","7","0","8","0","0","0","1","0"
"*06l2r*","Harry Amass","MUN","D","342","FA","ARS Sun 3:30PM","2,800","16.42","3.28","0","-","1%","5","344","0","0","1","0","0","0","18","0","0","0","0","0","0","0","0","1","48","0","2","0","9","7","2","1","3","20","7","0","0","26","0","1","0","0","0","9","0"
"*06r9v*","Andres Garcia","AVL","D","343","FA","NEW Sat 11:30AM","2,200","16.04","2.29","0","-","2%","7","314","0","0","3","0","0","0","10","1","1","0","0","0","0","0","0","0","42","5","2","0","8","5","2","0","5","14","0","1","0","15","0","2","0","0","0","5","0"
"*037mt*","Harrison Reed","FUL","M","344","FA","@BHA Sat 2:00PM","2,000","15.63","1.3","0","-","1%","12","82","0","0","1","0","0","0","2","0","0","2","0","0","0","0","1","0","18","1","1","0","2","2","1","0","3","9","1","1","0","10","0","12","0","0","0","3","0"
"*02oq6*","Luke Shaw","MUN","D","345","FA","ARS Sun 3:30PM","2,500","14.92","2.13","0","-","3%","7","343","0","1","5","0","0","0","2","0","0","1","0","0","0","0","0","0","42","1","2","0","7","1","0","1","4","8","3","1","0","9","0","3","0","0","1","5","0"
"*068a1*","Mykhailo Mudryk","CHE","M","346","FA","CRY Sun 1:00PM","2,200","14.77","2.11","0","-","1%","7","140","0","0","2","0","0","0","3","0","0","0","0","0","0","1","0","1","14","1","0","0","1","5","0","1","3","9","2","2","0","9","0","6","0","0","0","2","0"
"*04e1k*","Solly March","BHA","M","347","FA","FUL Sat 2:00PM","2,300","14.3","1.79","1","1160.8","2%","8","155","0","0","3","0","0","0","3","1","0","2","0","0","0","0","0","3","25","5","2","0","1","3","1","0","3","10","1","0","0","7","0","7","0","0","0","3","0"
"*06ils*","Yunus Konak","BRF","M","348","FA","@NOT Sun 1:00PM","2,000","14.07","1.41","0","-","0%","10","30","0","0","0","0","0","0","3","0","0","0","0","0","0","0","0","0","9","0","0","0","0","1","0","0","4","10","5","0","0","2","0","10","0","0","0","2","0"
"*04qr0*","Willy Boly","NOT","D","349","FA","BRF Sun 1:00PM","2,500","13.75","2.29","0","-","1%","6","143","0","0","0","0","0","0","1","0","0","1","0","0","0","0","0","0","3","0","3","0","12","0","0","2","3","12","6","0","0","5","0","5","0","0","0","1","0"
"*06exa*","Matheus Franca","CRY","F","352","FA","@CHE Sun 1:00PM","2,600","11.78","2.94","0","-","2%","4","49","1","0","0","0","0","0","2","0","0","0","0","0","0","0","0","0","5","0","1","0","1","0","0","1","1","3","1","0","0","3","0","4","0","0","0","0","0"
"*06roj*","Chido Obi-Martin","MUN","F","353","FA","ARS Sun 3:30PM","2,000","11.27","1.61","0","-","2%","7","155","0","0","0","0","0","0","5","0","0","1","0","0","0","0","0","0","4","0","0","0","1","2","0","0","1","6","2","0","0","9","0","6","0","0","0","5","0"
"*02lpl*","Seamus Coleman","EVE","D","355","FA","@LEE Mon 7:00PM","2,400","11.14","2.23","0","-","1%","5","212","0","0","0","0","0","0","1","0","0","1","0","0","0","0","0","0","15","0","1","0","7","5","1","3","5","10","2","0","1","7","0","2","0","0","0","4","0"
"*06phw*","Federico Chiesa","LIV","F","356","FA","BOU Fri 7:00PM","2,000","10.73","1.79","0","-","2%","6","98","0","0","2","0","1","0","3","1","0","0","0","0","0","0","0","0","14","0","0","0","1","2","0","0","0","3","0","0","1","6","0","5","0","0","0","3","0"
"*05tqz*","Rico Henry","BRF","D","357","FA","@NOT Sun 1:00PM","2,400","10.54","2.11","1","1083.2","2%","5","90","0","0","0","0","0","0","3","0","0","0","0","0","0","0","0","0","8","0","1","0","2","2","0","1","3","6","2","0","0","7","0","5","0","0","0","3","0"
"*02lv9*","James Milner","BHA","M","359","FA","FUL Sat 2:00PM","2,400","9.79","2.45","0","-","0%","4","170","0","0","4","0","0","0","0","1","0","1","0","0","0","0","0","0","13","3","2","0","2","2","0","2","4","7","0","0","0","2","0","1","0","0","0","1","1"
"*05w9q*","Odsonne Edouard","CRY","F","360","FA","@CHE Sun 1:00PM","2,000","9.66","1.61","0","-","1%","6","138","0","0","2","0","0","0","11","0","0","0","0","0","0","0","0","2","10","0","0","0","2","1","0","0","1","5","2","0","0","6","0","5","0","0","0","3","0"
"*064op*","Tyler Fredricson","MUN","D","362","FA","ARS Sun 3:30PM","3,700","9.15","4.57","0","-","1%","2","165","0","0","0","0","0","0","2","0","0","0","0","0","0","0","0","0","15","0","1","0","11","3","0","0","3","15","7","0","0","12","0","0","0","0","0","5","0"
"*05nip*","Dane Scarlett","TOT","F","363","FA","BUR Sat 2:00PM","2,500","8.76","2.92","0","-","0%","3","28","0","0","1","1","0","0","0","0","0","0","0","0","0","0","0","1","0","0","0","0","1","1","0","0","0","3","1","0","0","3","0","3","0","0","0","1","0"
"*0524k*","Rodri","MCI","M","364","FA","@WOL Sat 4:30PM","2,700","7.71","2.57","99","55.1","98%","3","71","0","0","1","0","0","0","0","0","0","0","0","0","0","0","0","0","23","0","1","0","1","2","0","0","1","5","1","0","0","7","0","2","0","0","0","1","0"
"*06kwp*","Josh Acheampong","CHE","D","365","FA","CRY Sun 1:00PM","2,000","6.81","1.7","0","-","0%","4","167","0","0","0","0","0","0","2","0","0","1","0","0","0","0","0","0","9","0","1","0","1","2","1","0","1","5","1","0","1","7","0","2","0","0","0","3","0"
"*06mrz*","Pedro Lima","WOL","D","366","FA","MCI Sat 4:30PM","2,000","6.59","2.2","1","1037.2","2%","3","68","0","0","2","0","0","0","1","0","0","0","0","0","0","0","0","1","11","3","2","0","4","2","1","0","0","3","0","0","0","3","0","2","0","0","0","2","0"
"*06qwh*","Ben Winterburn","BOU","M","367","FA","@LIV Fri 7:00PM","2,000","5.85","1.46","0","-","0%","4","20","0","0","0","0","0","0","0","0","0","0","0","0","0","0","0","0","0","0","2","0","0","1","0","0","0","2","1","0","0","2","0","4","0","0","0","0","0"
"*06mnm*","Marc Guiu","CHE","F","368","FA","CRY Sun 1:00PM","2,000","5.32","1.77","2","1091.6","5%","3","68","0","0","1","0","0","0","2","0","0","0","0","0","0","0","0","0","7","0","0","0","0","0","0","0","1","1","0","0","0","2","0","3","0","0","0","2","0"
"*05ye7*","Oscar Bobb","MCI","M","369","FA","@WOL Sat 4:30PM","2,000","5.18","1.73","25","181.9","17%","3","12","0","0","1","0","0","0","0","0","0","0","0","0","0","0","0","0","3","0","0","0","0","3","0","0","0","3","0","0","0","2","0","3","0","0","0","1","0"
"*066iz*","Lewis Orford","WHU","M","370","FA","@SUN Sat 2:00PM","2,100","5.12","2.56","0","-","1%","2","45","0","0","2","0","0","0","1","0","0","0","0","0","0","0","0","0","4","1","1","0","0","0","0","0","0","0","0","0","0","7","0","2","0","0","0","1","0"
"*06few*","Youssef Chermiti","EVE","F","372","FA","@LEE Mon 7:00PM","2,000","4.94","1.23","0","-","1%","4","39","0","0","0","0","0","0","0","0","0","1","0","0","0","0","0","2","2","0","0","0","0","2","0","0","0","4","2","0","0","0","0","4","0","0","0","0","0"
"*05w90*","Maxwel Cornet","WHU","F","373","FA","@SUN Sat 2:00PM","2,200","4.79","2.4","0","-","0%","2","70","0","0","0","0","0","0","3","0","0","1","0","0","0","0","0","1","3","0","0","0","2","1","0","0","5","9","3","0","0","2","0","1","0","0","0","4","0"
"*062ft*","Tyrell Malacia","MUN","D","374","FA","ARS Sun 3:30PM","2,000","4.68","1.56","0","-","0%","3","98","0","0","1","0","0","0","1","1","0","1","0","0","0","0","0","0","14","0","1","0","1","3","0","0","1","5","0","0","0","3","0","1","0","0","0","1","0"
"*06mnn*","Chadi Riad","CRY","D","375","FA","@CHE Sun 1:00PM","3,300","4.34","4.34","0","-","0%","1","90","0","0","0","0","0","0","1","0","0","0","0","0","0","0","0","0","8","0","2","0","0","0","0","0","2","7","2","0","0","4","0","0","0","0","0","2","0"
"*06phr*","Gustavo Nunes","BRF","F","376","FA","@NOT Sun 1:00PM","2,000","4.33","1.44","0","-","1%","3","10","0","0","0","0","0","0","1","0","0","0","0","0","0","0","0","0","1","0","0","0","2","0","0","0","2","3","0","0","0","0","0","3","0","0","0","2","0"
"*06onv*","Harrison Armstrong","EVE","M","377","FA","@LEE Mon 7:00PM","2,000","4.23","1.41","0","-","1%","3","47","0","0","1","0","0","0","2","0","0","1","0","0","0","0","0","0","3","0","0","0","1","3","0","0","0","3","0","0","1","2","0","3","0","0","0","1","0"
"*06r7f*","Julio Soler","BOU","D","378","FA","@LIV Fri 7:00PM","2,000","3.93","1.31","0","-","1%","3","8","0","0","0","0","0","0","1","0","0","0","0","0","0","0","0","0","4","0","0","0","0","1","0","0","1","2","0","0","0","0","0","3","0","0","0","1","0"
"*06mnd*","Eric da Silva Moreira","NOT","F","379","FA","BRF Sun 1:00PM","2,000","3.82","1.91","0","-","0%","2","27","0","0","0","0","0","0","1","0","0","0","0","0","0","0","0","0","1","0","1","0","0","0","0","0","2","2","0","0","0","2","0","2","0","0","0","0","0"
"*06441*","Martial Godo","FUL","F","380","FA","@BHA Sat 2:00PM","2,000","3.64","1.82","0","-","0%","2","19","0","0","1","0","0","0","0","0","0","0","0","0","0","0","0","0","7","0","1","0","0","1","0","0","0","1","0","0","0","1","0","2","0","0","0","0","0"
"*0372y*","Matt Targett","NEW","D","381","FA","@AVL Sat 11:30AM","2,000","3.32","1.66","0","-","1%","2","18","0","0","0","0","0","0","0","0","0","0","0","0","0","0","0","0","2","1","1","0","0","0","1","0","0","0","0","0","0","2","0","2","0","0","0","0","0"
"*06nvb*","Caleb Kporha","CRY","D","382","FA","@CHE Sun 1:00PM","2,000","3.31","1.66","0","-","0%","2","10","0","0","0","0","0","0","0","0","0","0","0","0","0","0","0","0","2","1","0","0","1","0","0","0","1","2","0","0","0","1","0","2","0","0","0","1","0"
"*06nvc*","Asher Agbinone","CRY","M","383","FA","@CHE Sun 1:00PM","2,000","2.9","1.45","0","-","0%","2","2","0","0","1","0","0","0","0","0","0","0","0","0","0","0","0","0","2","0","0","0","0","0","0","0","1","2","0","0","0","0","0","2","0","0","0","0","0"
"*066t2*","Will Lankshear","TOT","F","384","FA","BUR Sat 2:00PM","2,000","2.88","0.96","0","-","1%","3","9","0","0","0","0","0","0","2","0","0","0","0","0","0","0","0","0","0","0","0","0","0","0","0","0","0","0","0","0","0","0","0","3","0","0","0","0","0"
"*05ue7*","Frank Onyeka","BRF","M","386","FA","@NOT Sun 1:00PM","2,000","2.58","1.29","0","-","0%","2","21","0","0","0","0","0","0","2","0","0","0","0","0","0","0","0","0","2","0","0","0","0","0","0","0","0","0","0","0","0","2","0","2","0","0","0","0","0"
"*0643w*","Ryan Trevitt","BRF","M","387","FA","@NOT Sun 1:00PM","2,000","1.87","1.87","0","-","0%","1","2","0","0","0","0","0","0","0","0","0","0","0","0","0","0","0","0","1","0","0","0","0","0","0","0","1","1","0","0","0","2","0","1","0","0","0","0","0"
"*06r9x*","Vitor Reis","MCI","D","388","FA","@WOL Sat 4:30PM","2,000","1.57","1.57","0","-","1%","1","1","0","0","0","0","0","0","0","0","0","0","0","0","0","0","0","0","0","0","0","0","1","1","0","0","0","1","0","0","0","0","0","1","0","0","0","0","0"
"*06kyw*","Claudio Echeverri","MCI","M","389","FA","@WOL Sat 4:30PM","2,000","1.46","1.46","1","1156.8","2%","1","4","0","0","0","0","0","0","0","0","0","0","0","0","0","0","0","0","1","0","0","0","0","0","0","0","0","1","0","0","0","1","0","1","0","0","0","0","0"
"*066iy*","Kaelan Casey","WHU","D","390","FA","@SUN Sat 2:00PM","2,000","1.42","1.42","0","-","0%","1","1","0","0","0","0","0","0","0","0","0","0","0","0","0","0","0","0","0","0","0","0","1","0","0","0","0","1","1","0","0","0","0","1","0","0","0","0","0"
"*06mgk*","Jayden Meghoma","BRF","D","391","FA","@NOT Sun 1:00PM","2,000","1.26","1.26","0","-","0%","1","3","0","0","0","0","0","0","0","0","0","0","0","0","0","0","0","0","0","0","0","0","0","0","0","0","0","0","0","0","0","1","0","1","0","0","0","0","0"
"*05x9k*","Jeremy Sarmiento","BHA","M","392","FA","FUL Sat 2:00PM","2,000","1.25","1.25","0","-","0%","1","7","0","0","0","0","0","0","1","0","0","0","0","0","0","0","0","0","2","0","0","0","0","0","0","0","0","0","0","0","0","1","0","1","0","0","0","0","0"
"*06r3w*","Remy Rees-Dottin","BOU","F","393","FA","@LIV Fri 7:00PM","2,000","1.02","1.02","0","-","0%","1","1","0","0","0","0","0","0","0","0","0","0","0","0","0","0","0","0","0","0","0","0","0","0","0","0","0","0","0","0","0","0","0","1","0","0","0","0","0"
"*06v05*","Jeremie Frimpong","LIV","D","489","FA","BOU Fri 7:00PM","8,200","0","0","100","36.9","100%","0","0","0","0","0","0","0","0","0","0","0","0","0","0","0","0","0","0","0","0","0","0","0","0","0","0","0","0","0","0","0","0","0","0","0","0","0","0","0"
"*06v21*","Florian Wirtz","LIV","M","676","FA","BOU Fri 7:00PM","10,700","0","0","100","6.7","99%","0","0","0","0","0","0","0","0","0","0","0","0","0","0","0","0","0","0","0","0","0","0","0","0","0","0","0","0","0","0","0","0","0","0","0","0","0","0","0"
"*06v07*","Rayan Cherki","MCI","M","448","FA","@WOL Sat 4:30PM","8,900","0","0","99","50.6","99%","0","0","0","0","0","0","0","0","0","0","0","0","0","0","0","0","0","0","0","0","0","0","0","0","0","0","0","0","0","0","0","0","0","0","0","0","0","0","0"
"*06v06*","Tijjani Reijnders","MCI","M","615","FA","@WOL Sat 4:30PM","8,400","0","0","98","78.8","98%","0","0","0","0","0","0","0","0","0","0","0","0","0","0","0","0","0","0","0","0","0","0","0","0","0","0","0","0","0","0","0","0","0","0","0","0","0","0","0"
"*06uyc*","Adrien Truffert","BOU","D","659","FA","@LIV Fri 7:00PM","6,500","0","0","91","110.2","94%","0","0","0","0","0","0","0","0","0","0","0","0","0","0","0","0","0","0","0","0","0","0","0","0","0","0","0","0","0","0","0","0","0","0","0","0","0","0","0"
"*06y9n*","Jamie Gittens","CHE","F","495","FA","CRY Sun 1:00PM","7,900","0","0","89","98.2","93%","0","0","0","0","0","0","0","0","0","0","0","0","0","0","0","0","0","0","0","0","0","0","0","0","0","0","0","0","0","0","0","0","0","0","0","0","0","0","0"
"*06y9m*","Maxim De Cuyper","BHA","D","461","FA","FUL Sat 2:00PM","7,300","0","0","63","118.5","85%","0","0","0","0","0","0","0","0","0","0","0","0","0","0","0","0","0","0","0","0","0","0","0","0","0","0","0","0","0","0","0","0","0","0","0","0","0","0","0"
"*06ybp*","Thierno Barry","EVE","F","425","FA","@LEE Mon 7:00PM","6,400","0","0","56","116.3","80%","0","0","0","0","0","0","0","0","0","0","0","0","0","0","0","0","0","0","0","0","0","0","0","0","0","0","0","0","0","0","0","0","0","0","0","0","0","0","0"
"*06v02*","Joel Piroe","LEE","F","607","FA","EVE Mon 7:00PM","6,800","0","0","65","125.5","78%","0","0","0","0","0","0","0","0","0","0","0","0","0","0","0","0","0","0","0","0","0","0","0","0","0","0","0","0","0","0","0","0","0","0","0","0","0","0","0"
"*03yr0*","Daniel James","LEE","M","532","FA","EVE Mon 7:00PM","2,000","0","0","67","132.4","72%","0","0","0","0","0","0","0","0","0","0","0","0","0","0","0","0","0","0","0","0","0","0","0","0","0","0","0","0","0","0","0","0","0","0","0","0","0","0","0"
"*06v0s*","Eliezer Mayenda","SUN","F","564","FA","WHU Sat 2:00PM","8,200","0","0","67","125.8","71%","0","0","0","0","0","0","0","0","0","0","0","0","0","0","0","0","0","0","0","0","0","0","0","0","0","0","0","0","0","0","0","0","0","0","0","0","0","0","0"
"*06y9z*","Martin Zubimendi","ARS","M","682","FA","@MUN Sun 3:30PM","7,900","0","0","61","119.7","69%","0","0","0","0","0","0","0","0","0","0","0","0","0","0","0","0","0","0","0","0","0","0","0","0","0","0","0","0","0","0","0","0","0","0","0","0","0","0","0"
"*06v0p*","Enzo Le Fee","SUN","M","550","FA","WHU Sat 2:00PM","5,700","0","0","57","133","67%","0","0","0","0","0","0","0","0","0","0","0","0","0","0","0","0","0","0","0","0","0","0","0","0","0","0","0","0","0","0","0","0","0","0","0","0","0","0","0"
"*064a0*","Wilfried Gnonto","LEE","F","496","FA","EVE Mon 7:00PM","2,000","0","0","50","138.2","58%","0","0","0","0","0","0","0","0","0","0","0","0","0","0","0","0","0","0","0","0","0","0","0","0","0","0","0","0","0","0","0","0","0","0","0","0","0","0","0"
"*04tsb*","Viktor Gyokeres","ARS","F","506","FA","@MUN Sun 3:30PM","8,700","0","0","45","13.2","56%","0","0","0","0","0","0","0","0","0","0","0","0","0","0","0","0","0","0","0","0","0","0","0","0","0","0","0","0","0","0","0","0","0","0","0","0","0","0","0"
"*06y27*","Loum Tchaouna","BUR","F","651","FA","@TOT Sat 2:00PM","7,200","0","0","25","134.9","55%","0","0","0","0","0","0","0","0","0","0","0","0","0","0","0","0","0","0","0","0","0","0","0","0","0","0","0","0","0","0","0","0","0","0","0","0","0","0","0"
"*061vk*","Jaidon Anthony","BUR","F","410","FA","@TOT Sat 2:00PM","2,000","0","0","48","140.3","53%","0","0","0","0","0","0","0","0","0","0","0","0","0","0","0","0","0","0","0","0","0","0","0","0","0","0","0","0","0","0","0","0","0","0","0","0","0","0","0"
"*05o8o*","Jayden Bogle","LEE","D","433","FA","EVE Mon 7:00PM","4,900","0","0","43","143.2","47%","0","0","0","0","0","0","0","0","0","0","0","0","0","0","0","0","0","0","0","0","0","0","0","0","0","0","0","0","0","0","0","0","0","0","0","0","0","0","0"
"*044w8*","Marcus Edwards","BUR","F","477","FA","@TOT Sat 2:00PM","6,700","0","0","32","149.7","42%","0","0","0","0","0","0","0","0","0","0","0","0","0","0","0","0","0","0","0","0","0","0","0","0","0","0","0","0","0","0","0","0","0","0","0","0","0","0","0"
"*06v0g*","Trai Hume","SUN","D","526","FA","WHU Sat 2:00PM","7,000","0","0","40","148.3","42%","0","0","0","0","0","0","0","0","0","0","0","0","0","0","0","0","0","0","0","0","0","0","0","0","0","0","0","0","0","0","0","0","0","0","0","0","0","0","0"
"*06zbz*","Hugo Ekitike","LIV","F","479","FA","BOU Fri 7:00PM","7,900","0","0","29","42.4","38%","0","0","0","0","0","0","0","0","0","0","0","0","0","0","0","0","0","0","0","0","0","0","0","0","0","0","0","0","0","0","0","0","0","0","0","0","0","0","0"
"*06ymu*","El Hadji Malick Diouf","WHU","M","468","FA","@SUN Sat 2:00PM","6,900","0","0","24","144.8","29%","0","0","0","0","0","0","0","0","0","0","0","0","0","0","0","0","0","0","0","0","0","0","0","0","0","0","0","0","0","0","0","0","0","0","0","0","0","0","0"
"*04lnu*","Lukas Nmecha","LEE","F","589","FA","EVE Mon 7:00PM","4,300","0","0","28","157.4","27%","0","0","0","0","0","0","0","0","0","0","0","0","0","0","0","0","0","0","0","0","0","0","0","0","0","0","0","0","0","0","0","0","0","0","0","0","0","0","0"
"*06v12*","Fer Lopez","WOL","F","554","FA","MCI Sat 4:30PM","5,200","0","0","32","163.7","26%","0","0","0","0","0","0","0","0","0","0","0","0","0","0","0","0","0","0","0","0","0","0","0","0","0","0","0","0","0","0","0","0","0","0","0","0","0","0","0"
"*03hff*","Josh Cullen","BUR","M","459","FA","@TOT Sat 2:00PM","2,900","0","0","16","243.4","17%","0","0","0","0","0","0","0","0","0","0","0","0","0","0","0","0","0","0","0","0","0","0","0","0","0","0","0","0","0","0","0","0","0","0","0","0","0","0","0"
"*06yxe*","Estevao Willian Almeida de Oliveira Goncalves","CHE","F","405","FA","CRY Sun 1:00PM","5,500","0","0","14","238.8","15%","0","0","0","0","0","0","0","0","0","0","0","0","0","0","0","0","0","0","0","0","0","0","0","0","0","0","0","0","0","0","0","0","0","0","0","0","0","0","0"
"*06xzd*","Charalampos Kostoulas","BHA","F","545","FA","FUL Sat 2:00PM","5,900","0","0","18","258.4","15%","0","0","0","0","0","0","0","0","0","0","0","0","0","0","0","0","0","0","0","0","0","0","0","0","0","0","0","0","0","0","0","0","0","0","0","0","0","0","0"
"*06329*","Manor Solomon","TOT","F","641","FA","BUR Sat 2:00PM","2,000","0","0","16","253.8","14%","0","0","0","0","0","0","0","0","0","0","0","0","0","0","0","0","0","0","0","0","0","0","0","0","0","0","0","0","0","0","0","0","0","0","0","0","0","0","0"
"*06zce*","Jhon Arias","WOL","M","412","FA","MCI Sat 4:30PM","4,900","0","0","12","254.9","13%","0","0","0","0","0","0","0","0","0","0","0","0","0","0","0","0","0","0","0","0","0","0","0","0","0","0","0","0","0","0","0","0","0","0","0","0","0","0","0"
"*06y9o*","Igor Jesus Maciel da Cruz","NOT","F","555","FA","BRF Sun 1:00PM","7,000","0","0","15","255.1","12%","0","0","0","0","0","0","0","0","0","0","0","0","0","0","0","0","0","0","0","0","0","0","0","0","0","0","0","0","0","0","0","0","0","0","0","0","0","0","0"
"*061vp*","Brenden Aaronson","LEE","M","394","FA","EVE Mon 7:00PM","2,000","0","0","14","272.1","11%","0","0","0","0","0","0","0","0","0","0","0","0","0","0","0","0","0","0","0","0","0","0","0","0","0","0","0","0","0","0","0","0","0","0","0","0","0","0","0"
"*06jgr*","Maxime Esteve","BUR","D","481","FA","@TOT Sat 2:00PM","4,100","0","0","9","314.1","11%","0","0","0","0","0","0","0","0","0","0","0","0","0","0","0","0","0","0","0","0","0","0","0","0","0","0","0","0","0","0","0","0","0","0","0","0","0","0","0"
"*06v0t*","Wilson Isidor","SUN","F","530","FA","WHU Sat 2:00PM","2,900","0","0","11","307.1","9%","0","0","0","0","0","0","0","0","0","0","0","0","0","0","0","0","0","0","0","0","0","0","0","0","0","0","0","0","0","0","0","0","0","0","0","0","0","0","0"
"*06uzy*","Ao Tanaka","LEE","M","650","FA","EVE Mon 7:00PM","3,800","0","0","8","300.9","9%","0","0","0","0","0","0","0","0","0","0","0","0","0","0","0","0","0","0","0","0","0","0","0","0","0","0","0","0","0","0","0","0","0","0","0","0","0","0","0"
"*06yey*","Borna Sosa","CRY","D","643","FA","@CHE Sun 1:00PM","6,500","0","0","14","287.5","8%","0","0","0","0","0","0","0","0","0","0","0","0","0","0","0","0","0","0","0","0","0","0","0","0","0","0","0","0","0","0","0","0","0","0","0","0","0","0","0"
"*06y29*","Habib Diarra","SUN","M","467","FA","WHU Sat 2:00PM","4,500","0","0","9","334.7","7%","0","0","0","0","0","0","0","0","0","0","0","0","0","0","0","0","0","0","0","0","0","0","0","0","0","0","0","0","0","0","0","0","0","0","0","0","0","0","0"
"*03yqz*","Joe Rodon","LEE","D","621","FA","EVE Mon 7:00PM","6,100","0","0","3","425.7","6%","0","0","0","0","0","0","0","0","0","0","0","0","0","0","0","0","0","0","0","0","0","0","0","0","0","0","0","0","0","0","0","0","0","0","0","0","0","0","0"
"*02lk5*","Jordan Henderson","BRF","M","516","FA","@NOT Sun 1:00PM","2,000","0","0","7","349.6","5%","0","0","0","0","0","0","0","0","0","0","0","0","0","0","0","0","0","0","0","0","0","0","0","0","0","0","0","0","0","0","0","0","0","0","0","0","0","0","0"
"*06v0l*","Chris Rigg","SUN","M","617","FA","WHU Sat 2:00PM","6,500","0","0","7","374","5%","0","0","0","0","0","0","0","0","0","0","0","0","0","0","0","0","0","0","0","0","0","0","0","0","0","0","0","0","0","0","0","0","0","0","0","0","0","0","0"
"*05mzz*","Pascal Struijk","LEE","D","647","FA","EVE Mon 7:00PM","2,000","0","0","4","379.7","4%","0","0","0","0","0","0","0","0","0","0","0","0","0","0","0","0","0","0","0","0","0","0","0","0","0","0","0","0","0","0","0","0","0","0","0","0","0","0","0"
"*06y26*","Olivier Boscagli","BHA","D","435","FA","FUL Sat 2:00PM","6,100","0","0","4","442.8","4%","0","0","0","0","0","0","0","0","0","0","0","0","0","0","0","0","0","0","0","0","0","0","0","0","0","0","0","0","0","0","0","0","0","0","0","0","0","0","0"
"*06r2g*","Rio Ngumoha","LIV","F","587","FA","BOU Fri 7:00PM","3,600","0","0","2","380","4%","0","0","0","0","0","0","0","0","0","0","0","0","0","0","0","0","0","0","0","0","0","0","0","0","0","0","0","0","0","0","0","0","0","0","0","0","0","0","0"
"*0435m*","Granit Xhaka","SUN","M","679","FA","WHU Sat 2:00PM","2,000","0","0","4","380","3%","0","0","0","0","0","0","0","0","0","0","0","0","0","0","0","0","0","0","0","0","0","0","0","0","0","0","0","0","0","0","0","0","0","0","0","0","0","0","0"
"*06y4g*","Antoni Milambo","BRF","M","571","FA","@NOT Sun 1:00PM","3,500","0","0","4","404.2","3%","0","0","0","0","0","0","0","0","0","0","0","0","0","0","0","0","0","0","0","0","0","0","0","0","0","0","0","0","0","0","0","0","0","0","0","0","0","0","0"
"*06ybq*","Chemsdine Talbi","SUN","F","649","FA","WHU Sat 2:00PM","4,100","0","0","6","357","3%","0","0","0","0","0","0","0","0","0","0","0","0","0","0","0","0","0","0","0","0","0","0","0","0","0","0","0","0","0","0","0","0","0","0","0","0","0","0","0"
"*06uyd*","Diego Coppola","BHA","D","455","FA","FUL Sat 2:00PM","4,800","0","0","3","424.9","3%","0","0","0","0","0","0","0","0","0","0","0","0","0","0","0","0","0","0","0","0","0","0","0","0","0","0","0","0","0","0","0","0","0","0","0","0","0","0","0"
"*06uzo*","Zian Flemming","BUR","M","485","FA","@TOT Sat 2:00PM","3,400","0","0","3","517.6","3%","0","0","0","0","0","0","0","0","0","0","0","0","0","0","0","0","0","0","0","0","0","0","0","0","0","0","0","0","0","0","0","0","0","0","0","0","0","0","0"
"*05t6y*","Hannibal Mejbri","BUR","M","568","FA","@TOT Sat 2:00PM","6,400","0","0","3","433.1","3%","0","0","0","0","0","0","0","0","0","0","0","0","0","0","0","0","0","0","0","0","0","0","0","0","0","0","0","0","0","0","0","0","0","0","0","0","0","0","0"
"*068a0*","Andrey Santos","CHE","M","584","FA","CRY Sun 1:00PM","4,800","0","0","5","381.8","3%","0","0","0","0","0","0","0","0","0","0","0","0","0","0","0","0","0","0","0","0","0","0","0","0","0","0","0","0","0","0","0","0","0","0","0","0","0","0","0"
"*06zbx*","Anton Stach","LEE","M","644","FA","EVE Mon 7:00PM","2,000","0","0","2","393.5","3%","0","0","0","0","0","0","0","0","0","0","0","0","0","0","0","0","0","0","0","0","0","0","0","0","0","0","0","0","0","0","0","0","0","0","0","0","0","0","0"
"*06xza*","Eli Kroupi","BOU","F","546","FA","@LIV Fri 7:00PM","5,400","0","0","4","402.2","3%","0","0","0","0","0","0","0","0","0","0","0","0","0","0","0","0","0","0","0","0","0","0","0","0","0","0","0","0","0","0","0","0","0","0","0","0","0","0","0"
"*04lav*","Ethan Ampadu","LEE","D","407","FA","EVE Mon 7:00PM","5,300","0","0","4","408.4","2%","0","0","0","0","0","0","0","0","0","0","0","0","0","0","0","0","0","0","0","0","0","0","0","0","0","0","0","0","0","0","0","0","0","0","0","0","0","0","0"
"*06v51*","Jaka Bijol","LEE","D","430","FA","EVE Mon 7:00PM","5,000","0","0","3","462.8","2%","0","0","0","0","0","0","0","0","0","0","0","0","0","0","0","0","0","0","0","0","0","0","0","0","0","0","0","0","0","0","0","0","0","0","0","0","0","0","0"
"*05raa*","Hugo Bueno","WOL","D","439","FA","MCI Sat 4:30PM","2,000","0","0","0","1149","2%","0","0","0","0","0","0","0","0","0","0","0","0","0","0","0","0","0","0","0","0","0","0","0","0","0","0","0","0","0","0","0","0","0","0","0","0","0","0","0"
"*06v0j*","Dan Neil","SUN","M","586","FA","WHU Sat 2:00PM","5,100","0","0","4","454.3","2%","0","0","0","0","0","0","0","0","0","0","0","0","0","0","0","0","0","0","0","0","0","0","0","0","0","0","0","0","0","0","0","0","0","0","0","0","0","0","0"
"*03brm*","Patrick Roberts","SUN","M","619","FA","WHU Sat 2:00PM","2,000","0","0","0","1139.4","2%","0","0","0","0","0","0","0","0","0","0","0","0","0","0","0","0","0","0","0","0","0","0","0","0","0","0","0","0","0","0","0","0","0","0","0","0","0","0","0"
"*06xzc*","Stefanos Tzimas","BHA","F","662","FA","FUL Sat 2:00PM","5,000","0","0","2","525","2%","0","0","0","0","0","0","0","0","0","0","0","0","0","0","0","0","0","0","0","0","0","0","0","0","0","0","0","0","0","0","0","0","0","0","0","0","0","0","0"
"*05nns*","Danny Ballard","SUN","D","421","FA","WHU Sat 2:00PM","5,800","0","0","4","377.6","2%","0","0","0","0","0","0","0","0","0","0","0","0","0","0","0","0","0","0","0","0","0","0","0","0","0","0","0","0","0","0","0","0","0","0","0","0","0","0","0"
"*05g4d*","Dennis Cirkin","SUN","D","452","FA","WHU Sat 2:00PM","4,300","0","0","2","491.5","2%","0","0","0","0","0","0","0","0","0","0","0","0","0","0","0","0","0","0","0","0","0","0","0","0","0","0","0","0","0","0","0","0","0","0","0","0","0","0","0"
"*066nn*","Ben Doak","LIV","F","469","FA","BOU Fri 7:00PM","2,000","0","0","1","1027","2%","0","0","0","0","0","0","0","0","0","0","0","0","0","0","0","0","0","0","0","0","0","0","0","0","0","0","0","0","0","0","0","0","0","0","0","0","0","0","0"
"*06c4o*","Lyle Foster","BUR","F","488","FA","@TOT Sat 2:00PM","4,900","0","0","3","468.3","2%","0","0","0","0","0","0","0","0","0","0","0","0","0","0","0","0","0","0","0","0","0","0","0","0","0","0","0","0","0","0","0","0","0","0","0","0","0","0","0"
"*06yb7*","Gabriel Gudmundsson","LEE","D","503","FA","EVE Mon 7:00PM","4,200","0","0","3","391.9","2%","0","0","0","0","0","0","0","0","0","0","0","0","0","0","0","0","0","0","0","0","0","0","0","0","0","0","0","0","0","0","0","0","0","0","0","0","0","0","0"
"*06v6n*","Quilindschy Hartman","BUR","D","510","FA","@TOT Sat 2:00PM","6,500","0","0","2","443.4","2%","0","0","0","0","0","0","0","0","0","0","0","0","0","0","0","0","0","0","0","0","0","0","0","0","0","0","0","0","0","0","0","0","0","0","0","0","0","0","0"
"*06yb9*","Reinildo Isnard Mandava","SUN","D","531","FA","WHU Sat 2:00PM","4,800","0","0","3","472.8","2%","0","0","0","0","0","0","0","0","0","0","0","0","0","0","0","0","0","0","0","0","0","0","0","0","0","0","0","0","0","0","0","0","0","0","0","0","0","0","0"
"*04azm*","Connor Roberts","BUR","D","618","FA","@TOT Sat 2:00PM","5,000","0","0","2","528.5","2%","0","0","0","0","0","0","0","0","0","0","0","0","0","0","0","0","0","0","0","0","0","0","0","0","0","0","0","0","0","0","0","0","0","0","0","0","0","0","0"
"*06y59*","Noah Sadiki","SUN","M","629","FA","WHU Sat 2:00PM","5,800","0","0","3","455.9","2%","0","0","0","0","0","0","0","0","0","0","0","0","0","0","0","0","0","0","0","0","0","0","0","0","0","0","0","0","0","0","0","0","0","0","0","0","0","0","0"
"*06v0m*","Luke ONien","SUN","M","593","FA","WHU Sat 2:00PM","2,000","0","0","0","-","2%","0","0","0","0","0","0","0","0","0","0","0","0","0","0","0","0","0","0","0","0","0","0","0","0","0","0","0","0","0","0","0","0","0","0","0","0","0","0","0"
"*06uzn*","Lucas Pires","BUR","D","606","FA","@TOT Sat 2:00PM","2,000","0","0","0","-","2%","0","0","0","0","0","0","0","0","0","0","0","0","0","0","0","0","0","0","0","0","0","0","0","0","0","0","0","0","0","0","0","0","0","0","0","0","0","0","0"
"*05ogg*","Ajibola Alese","SUN","D","404","FA","WHU Sat 2:00PM","3,500","0","0","1","1135.8","1%","0","0","0","0","0","0","0","0","0","0","0","0","0","0","0","0","0","0","0","0","0","0","0","0","0","0","0","0","0","0","0","0","0","0","0","0","0","0","0"
"*062p0*","Stefan Bajcetic","LIV","M","419","FA","BOU Fri 7:00PM","2,000","0","0","1","1145","1%","0","0","0","0","0","0","0","0","0","0","0","0","0","0","0","0","0","0","0","0","0","0","0","0","0","0","0","0","0","0","0","0","0","0","0","0","0","0","0"
"*03ek4*","Patrick Bamford","LEE","F","422","FA","EVE Mon 7:00PM","2,000","0","0","0","-","1%","0","0","0","0","0","0","0","0","0","0","0","0","0","0","0","0","0","0","0","0","0","0","0","0","0","0","0","0","0","0","0","0","0","0","0","0","0","0","0"
"*06dmn*","George Earthy","WHU","M","475","FA","@SUN Sat 2:00PM","2,000","0","0","0","-","1%","0","0","0","0","0","0","0","0","0","0","0","0","0","0","0","0","0","0","0","0","0","0","0","0","0","0","0","0","0","0","0","0","0","0","0","0","0","0","0"
"*062og*","Aaron Hickey","BRF","D","519","FA","@NOT Sun 1:00PM","2,000","0","0","0","-","1%","0","0","0","0","0","0","0","0","0","0","0","0","0","0","0","0","0","0","0","0","0","0","0","0","0","0","0","0","0","0","0","0","0","0","0","0","0","0","0"
"*06dpv*","Omari Kellyman","CHE","M","541","FA","CRY Sun 1:00PM","2,000","0","0","0","-","1%","0","0","0","0","0","0","0","0","0","0","0","0","0","0","0","0","0","0","0","0","0","0","0","0","0","0","0","0","0","0","0","0","0","0","0","0","0","0","0"
"*06dqv*","Luca Koleosho","BUR","M","543","FA","@TOT Sat 2:00PM","2,000","0","0","0","-","1%","0","0","0","0","0","0","0","0","0","0","0","0","0","0","0","0","0","0","0","0","0","0","0","0","0","0","0","0","0","0","0","0","0","0","0","0","0","0","0"
"*05udw*","Romaine Mundle","SUN","F","579","FA","WHU Sat 2:00PM","5,700","0","0","5","427.6","1%","0","0","0","0","0","0","0","0","0","0","0","0","0","0","0","0","0","0","0","0","0","0","0","0","0","0","0","0","0","0","0","0","0","0","0","0","0","0","0"
"*05rjn*","Jesurun Rak-Sakyi","CRY","M","611","FA","@CHE Sun 1:00PM","2,000","0","0","0","-","1%","0","0","0","0","0","0","0","0","0","0","0","0","0","0","0","0","0","0","0","0","0","0","0","0","0","0","0","0","0","0","0","0","0","0","0","0","0","0","0"
"*05afj*","Largie Ramazani","LEE","F","612","FA","EVE Mon 7:00PM","6,900","0","0","3","433.6","1%","0","0","0","0","0","0","0","0","0","0","0","0","0","0","0","0","0","0","0","0","0","0","0","0","0","0","0","0","0","0","0","0","0","0","0","0","0","0","0"
"*06uzu*","Mamadou Sarr","CHE","D","633","FA","CRY Sun 1:00PM","2,000","0","0","0","-","1%","0","0","0","0","0","0","0","0","0","0","0","0","0","0","0","0","0","0","0","0","0","0","0","0","0","0","0","0","0","0","0","0","0","0","0","0","0","0","0"
"*05o8k*","Fabio Silva","WOL","F","640","FA","MCI Sat 4:30PM","2,000","0","0","0","-","1%","0","0","0","0","0","0","0","0","0","0","0","0","0","0","0","0","0","0","0","0","0","0","0","0","0","0","0","0","0","0","0","0","0","0","0","0","0","0","0"
"*06v0y*","Luka Vuskovic","TOT","D","666","FA","BUR Sat 2:00PM","2,000","0","0","0","-","1%","0","0","0","0","0","0","0","0","0","0","0","0","0","0","0","0","0","0","0","0","0","0","0","0","0","0","0","0","0","0","0","0","0","0","0","0","0","0","0"
"*06uns*","Tom Watson","BHA","F","667","FA","FUL Sat 2:00PM","2,000","0","0","0","-","1%","0","0","0","0","0","0","0","0","0","0","0","0","0","0","0","0","0","0","0","0","0","0","0","0","0","0","0","0","0","0","0","0","0","0","0","0","0","0","0"
"*06l4c*","Ethan Wheatley","MUN","F","669","FA","ARS Sun 3:30PM","2,000","0","0","0","-","1%","0","0","0","0","0","0","0","0","0","0","0","0","0","0","0","0","0","0","0","0","0","0","0","0","0","0","0","0","0","0","0","0","0","0","0","0","0","0","0"
"*06r5d*","Min-Hyeok Yang","TOT","F","681","FA","BUR Sat 2:00PM","2,000","0","0","0","-","1%","0","0","0","0","0","0","0","0","0","0","0","0","0","0","0","0","0","0","0","0","0","0","0","0","0","0","0","0","0","0","0","0","0","0","0","0","0","0","0"
"*0620k*","Nayef Aguerd","WHU","D","399","FA","@SUN Sat 2:00PM","2,000","0","0","0","-","1%","0","0","0","0","0","0","0","0","0","0","0","0","0","0","0","0","0","0","0","0","0","0","0","0","0","0","0","0","0","0","0","0","0","0","0","0","0","0","0"
"*06cly*","Enock Agyei","BUR","F","400","FA","@TOT Sat 2:00PM","2,000","0","0","0","-","1%","0","0","0","0","0","0","0","0","0","0","0","0","0","0","0","0","0","0","0","0","0","0","0","0","0","0","0","0","0","0","0","0","0","0","0","0","0","0","0"
"*06r5m*","Aaron Anselmino","CHE","D","409","FA","CRY Sun 1:00PM","2,000","0","0","0","-","1%","0","0","0","0","0","0","0","0","0","0","0","0","0","0","0","0","0","0","0","0","0","0","0","0","0","0","0","0","0","0","0","0","0","0","0","0","0","0","0"
"*06y28*","Sebastiaan Bornauw","LEE","D","434","FA","EVE Mon 7:00PM","2,000","0","0","0","-","1%","0","0","0","0","0","0","0","0","0","0","0","0","0","0","0","0","0","0","0","0","0","0","0","0","0","0","0","0","0","0","0","0","0","0","0","0","0","0","0"
"*06uzv*","Dario Essugo","CHE","M","445","FA","CRY Sun 1:00PM","2,000","0","0","0","-","1%","0","0","0","0","0","0","0","0","0","0","0","0","0","0","0","0","0","0","0","0","0","0","0","0","0","0","0","0","0","0","0","0","0","0","0","0","0","0","0"
"*05re5*","Carney Chukwuemeka","CHE","M","450","FA","CRY Sun 1:00PM","2,000","0","0","0","-","1%","0","0","0","0","0","0","0","0","0","0","0","0","0","0","0","0","0","0","0","0","0","0","0","0","0","0","0","0","0","0","0","0","0","0","0","0","0","0","0"
"*06zbp*","Max Dowman","ARS","M","474","FA","@MUN Sun 3:30PM","2,000","0","0","1","1119.8","1%","0","0","0","0","0","0","0","0","0","0","0","0","0","0","0","0","0","0","0","0","0","0","0","0","0","0","0","0","0","0","0","0","0","0","0","0","0","0","0"
"*06v03*","Harry Gray","LEE","F","499","FA","EVE Mon 7:00PM","2,000","0","0","0","-","1%","0","0","0","0","0","0","0","0","0","0","0","0","0","0","0","0","0","0","0","0","0","0","0","0","0","0","0","0","0","0","0","0","0","0","0","0","0","0","0"
"*05r4r*","Sam Greenwood","LEE","F","501","FA","EVE Mon 7:00PM","2,000","0","0","0","-","1%","0","0","0","0","0","0","0","0","0","0","0","0","0","0","0","0","0","0","0","0","0","0","0","0","0","0","0","0","0","0","0","0","0","0","0","0","0","0","0"
"*04yjx*","Ki-Jana Hoever","WOL","D","523","FA","MCI Sat 4:30PM","2,000","0","0","0","-","1%","0","0","0","0","0","0","0","0","0","0","0","0","0","0","0","0","0","0","0","0","0","0","0","0","0","0","0","0","0","0","0","0","0","0","0","0","0","0","0"
"*06mnb*","Samuel Iling-Junior","AVL","F","528","FA","NEW Sat 11:30AM","2,000","0","0","0","-","1%","0","0","0","0","0","0","0","0","0","0","0","0","0","0","0","0","0","0","0","0","0","0","0","0","0","0","0","0","0","0","0","0","0","0","0","0","0","0","0"
"*062cl*","Issa Kabore","MCI","D","538","FA","@WOL Sat 4:30PM","2,000","0","0","0","-","1%","0","0","0","0","0","0","0","0","0","0","0","0","0","0","0","0","0","0","0","0","0","0","0","0","0","0","0","0","0","0","0","0","0","0","0","0","0","0","0"
"*03pig*","Jamaal Lascelles","NEW","D","548","FA","@AVL Sat 11:30AM","2,000","0","0","0","-","1%","0","0","0","0","0","0","0","0","0","0","0","0","0","0","0","0","0","0","0","0","0","0","0","0","0","0","0","0","0","0","0","0","0","0","0","0","0","0","0"
"*06yb8*","Diego Leon","MUN","D","553","FA","ARS Sun 3:30PM","2,000","0","0","0","1151","1%","0","0","0","0","0","0","0","0","0","0","0","0","0","0","0","0","0","0","0","0","0","0","0","0","0","0","0","0","0","0","0","0","0","0","0","0","0","0","0"
"*06do1*","Zach Marsh","CRY","F","560","FA","@CHE Sun 1:00PM","2,000","0","0","0","-","1%","0","0","0","0","0","0","0","0","0","0","0","0","0","0","0","0","0","0","0","0","0","0","0","0","0","0","0","0","0","0","0","0","0","0","0","0","0","0","0"
"*05uhk*","Tyler Morton","LIV","M","575","FA","BOU Fri 7:00PM","2,000","0","0","0","-","1%","0","0","0","0","0","0","0","0","0","0","0","0","0","0","0","0","0","0","0","0","0","0","0","0","0","0","0","0","0","0","0","0","0","0","0","0","0","0","0"
"*06zbm*","Cristhian Mosquera","ARS","D","576","FA","@MUN Sun 3:30PM","2,000","0","0","0","-","1%","0","0","0","0","0","0","0","0","0","0","0","0","0","0","0","0","0","0","0","0","0","0","0","0","0","0","0","0","0","0","0","0","0","0","0","0","0","0","0"
"*06ewy*","Alex Murphy","NEW","D","582","FA","@AVL Sat 11:30AM","2,000","0","0","0","-","1%","0","0","0","0","0","0","0","0","0","0","0","0","0","0","0","0","0","0","0","0","0","0","0","0","0","0","0","0","0","0","0","0","0","0","0","0","0","0","0"
"*06rrr*","Hindolo Mustapha","CRY","M","583","FA","@CHE Sun 1:00PM","2,000","0","0","0","-","1%","0","0","0","0","0","0","0","0","0","0","0","0","0","0","0","0","0","0","0","0","0","0","0","0","0","0","0","0","0","0","0","0","0","0","0","0","0","0","0"
"*06hze*","Treymaurice Nyoni","LIV","M","591","FA","BOU Fri 7:00PM","2,000","0","0","0","-","1%","0","0","0","0","0","0","0","0","0","0","0","0","0","0","0","0","0","0","0","0","0","0","0","0","0","0","0","0","0","0","0","0","0","0","0","0","0","0","0"
"*05vyc*","Aaron Ramsey","BUR","M","614","FA","@TOT Sat 2:00PM","2,000","0","0","0","-","1%","0","0","0","0","0","0","0","0","0","0","0","0","0","0","0","0","0","0","0","0","0","0","0","0","0","0","0","0","0","0","0","0","0","0","0","0","0","0","0"
"*06uzx*","Isaac Schmidt","LEE","D","634","FA","EVE Mon 7:00PM","2,000","0","0","0","-","1%","0","0","0","0","0","0","0","0","0","0","0","0","0","0","0","0","0","0","0","0","0","0","0","0","0","0","0","0","0","0","0","0","0","0","0","0","0","0","0"
"*068yr*","Hamed Traore","BOU","M","656","FA","@LIV Fri 7:00PM","2,000","0","0","0","1124","1%","0","0","0","0","0","0","0","0","0","0","0","0","0","0","0","0","0","0","0","0","0","0","0","0","0","0","0","0","0","0","0","0","0","0","0","0","0","0","0"
"*061z3*","Fabio Vieira","ARS","M","664","FA","@MUN Sun 3:30PM","2,000","0","0","0","-","1%","0","0","0","0","0","0","0","0","0","0","0","0","0","0","0","0","0","0","0","0","0","0","0","0","0","0","0","0","0","0","0","0","0","0","0","0","0","0","0"
"*06msb*","Malick Yalcouye","BHA","M","680","FA","FUL Sat 2:00PM","2,000","0","0","0","-","1%","0","0","0","0","0","0","0","0","0","0","0","0","0","0","0","0","0","0","0","0","0","0","0","0","0","0","0","0","0","0","0","0","0","0","0","0","0","0","0"
"*06zef*","Adam Aznou","EVE","D","417","FA","@LEE Mon 7:00PM","2,000","0","0","0","-","0%","0","0","0","0","0","0","0","0","0","0","0","0","0","0","0","0","0","0","0","0","0","0","0","0","0","0","0","0","0","0","0","0","0","0","0","0","0","0","0"
"*06v0u*","Ahmed Abdullahi","SUN","F","396","FA","WHU Sat 2:00PM","2,000","0","0","0","-","0%","0","0","0","0","0","0","0","0","0","0","0","0","0","0","0","0","0","0","0","0","0","0","0","0","0","0","0","0","0","0","0","0","0","0","0","0","0","0","0"
"*067y2*","Daniel Adu-Addei","BOU","F","398","FA","@LIV Fri 7:00PM","2,000","0","0","0","-","0%","0","0","0","0","0","0","0","0","0","0","0","0","0","0","0","0","0","0","0","0","0","0","0","0","0","0","0","0","0","0","0","0","0","0","0","0","0","0","0"
"*068ys*","Naouirou Ahamada","CRY","M","401","FA","@CHE Sun 1:00PM","2,000","0","0","0","-","0%","0","0","0","0","0","0","0","0","0","0","0","0","0","0","0","0","0","0","0","0","0","0","0","0","0","0","0","0","0","0","0","0","0","0","0","0","0","0","0"
"*06v0v*","Milan Aleksic","SUN","F","403","FA","WHU Sat 2:00PM","2,000","0","0","0","-","0%","0","0","0","0","0","0","0","0","0","0","0","0","0","0","0","0","0","0","0","0","0","0","0","0","0","0","0","0","0","0","0","0","0","0","0","0","0","0","0"
"*06kwh*","Benjamin Arthur","BRF","D","413","FA","@NOT Sun 1:00PM","2,000","0","0","0","-","0%","0","0","0","0","0","0","0","0","0","0","0","0","0","0","0","0","0","0","0","0","0","0","0","0","0","0","0","0","0","0","0","0","0","0","0","0","0","0","0"
"*06clx*","Jordan Beyer","BUR","D","429","FA","@TOT Sat 2:00PM","2,000","0","0","0","-","0%","0","0","0","0","0","0","0","0","0","0","0","0","0","0","0","0","0","0","0","0","0","0","0","0","0","0","0","0","0","0","0","0","0","0","0","0","0","0","0"
"*06cm7*","Josh Bowler","NOT","M","436","FA","BRF Sun 1:00PM","2,000","0","0","0","1102","0%","0","0","0","0","0","0","0","0","0","0","0","0","0","0","0","0","0","0","0","0","0","0","0","0","0","0","0","0","0","0","0","0","0","0","0","0","0","0","0"
"*06v0k*","Alan Browne","SUN","M","437","FA","WHU Sat 2:00PM","2,000","0","0","0","-","0%","0","0","0","0","0","0","0","0","0","0","0","0","0","0","0","0","0","0","0","0","0","0","0","0","0","0","0","0","0","0","0","0","0","0","0","0","0","0","0"
"*03ysd*","Sam Byram","LEE","D","441","FA","EVE Mon 7:00PM","2,000","0","0","0","-","0%","0","0","0","0","0","0","0","0","0","0","0","0","0","0","0","0","0","0","0","0","0","0","0","0","0","0","0","0","0","0","0","0","0","0","0","0","0","0","0"
"*06v00*","Sam Chambers","LEE","M","447","FA","EVE Mon 7:00PM","2,000","0","0","0","-","0%","0","0","0","0","0","0","0","0","0","0","0","0","0","0","0","0","0","0","0","0","0","0","0","0","0","0","0","0","0","0","0","0","0","0","0","0","0","0","0"
"*06xzh*","Antonito Cordero","NEW","F","456","FA","@AVL Sat 11:30AM","2,000","0","0","0","-","0%","0","0","0","0","0","0","0","0","0","0","0","0","0","0","0","0","0","0","0","0","0","0","0","0","0","0","0","0","0","0","0","0","0","0","0","0","0","0","0"
"*06xzf*","Charlie Crew","LEE","M","458","FA","EVE Mon 7:00PM","2,000","0","0","0","-","0%","0","0","0","0","0","0","0","0","0","0","0","0","0","0","0","0","0","0","0","0","0","0","0","0","0","0","0","0","0","0","0","0","0","0","0","0","0","0","0"
"*04u6i*","Leander Dendoncker","AVL","M","463","FA","NEW Sat 11:30AM","2,000","0","0","0","-","0%","0","0","0","0","0","0","0","0","0","0","0","0","0","0","0","0","0","0","0","0","0","0","0","0","0","0","0","0","0","0","0","0","0","0","0","0","0","0","0"
"*05nio*","Alfie Devine","TOT","M","466","FA","BUR Sat 2:00PM","2,000","0","0","0","-","0%","0","0","0","0","0","0","0","0","0","0","0","0","0","0","0","0","0","0","0","0","0","0","0","0","0","0","0","0","0","0","0","0","0","0","0","0","0","0","0"
"*05uog*","Lewis Dobbin","AVL","F","470","FA","NEW Sat 11:30AM","2,000","0","0","0","-","0%","0","0","0","0","0","0","0","0","0","0","0","0","0","0","0","0","0","0","0","0","0","0","0","0","0","0","0","0","0","0","0","0","0","0","0","0","0","0","0"
"*066t3*","Jamie Donley","TOT","F","472","FA","BUR Sat 2:00PM","2,000","0","0","0","-","0%","0","0","0","0","0","0","0","0","0","0","0","0","0","0","0","0","0","0","0","0","0","0","0","0","0","0","0","0","0","0","0","0","0","0","0","0","0","0","0"
"*06xzb*","Romelle Donovan","BRF","M","473","FA","@NOT Sun 1:00PM","2,000","0","0","0","-","0%","0","0","0","0","0","0","0","0","0","0","0","0","0","0","0","0","0","0","0","0","0","0","0","0","0","0","0","0","0","0","0","0","0","0","0","0","0","0","0"
"*062ck*","Malcolm Ebiowei","CRY","F","476","FA","@CHE Sun 1:00PM","2,000","0","0","0","-","0%","0","0","0","0","0","0","0","0","0","0","0","0","0","0","0","0","0","0","0","0","0","0","0","0","0","0","0","0","0","0","0","0","0","0","0","0","0","0","0"
"*06jgk*","Romain Faivre","BOU","M","482","FA","@LIV Fri 7:00PM","2,000","0","0","0","-","0%","0","0","0","0","0","0","0","0","0","0","0","0","0","0","0","0","0","0","0","0","0","0","0","0","0","0","0","0","0","0","0","0","0","0","0","0","0","0","0"
"*066j4*","Mateo Joseph","LEE","F","484","FA","EVE Mon 7:00PM","2,000","0","0","0","-","0%","0","0","0","0","0","0","0","0","0","0","0","0","0","0","0","0","0","0","0","0","0","0","0","0","0","0","0","0","0","0","0","0","0","0","0","0","0","0","0"
"*06mul*","Jack Fletcher","MUN","M","486","FA","ARS Sun 3:30PM","2,000","0","0","0","-","0%","0","0","0","0","0","0","0","0","0","0","0","0","0","0","0","0","0","0","0","0","0","0","0","0","0","0","0","0","0","0","0","0","0","0","0","0","0","0","0"
"*05uh9*","Bryan Gil","TOT","F","492","FA","BUR Sat 2:00PM","2,000","0","0","0","-","0%","0","0","0","0","0","0","0","0","0","0","0","0","0","0","0","0","0","0","0","0","0","0","0","0","0","0","0","0","0","0","0","0","0","0","0","0","0","0","0"
"*066si*","Alfie Gilchrist","CHE","D","493","FA","CRY Sun 1:00PM","2,000","0","0","0","-","0%","0","0","0","0","0","0","0","0","0","0","0","0","0","0","0","0","0","0","0","0","0","0","0","0","0","0","0","0","0","0","0","0","0","0","0","0","0","0","0"
"*06v01*","Ilia Gruev","LEE","M","502","FA","EVE Mon 7:00PM","4,800","0","0","3","514.6","0%","0","0","0","0","0","0","0","0","0","0","0","0","0","0","0","0","0","0","0","0","0","0","0","0","0","0","0","0","0","0","0","0","0","0","0","0","0","0","0"
"*06rnm*","Isaac Heath","EVE","F","512","FA","@LEE Mon 7:00PM","2,000","0","0","0","-","0%","0","0","0","0","0","0","0","0","0","0","0","0","0","0","0","0","0","0","0","0","0","0","0","0","0","0","0","0","0","0","0","0","0","0","0","0","0","0","0"
"*06prv*","Jamaldeen Jimoh","AVL","M","534","FA","NEW Sat 11:30AM","2,000","0","0","0","-","0%","0","0","0","0","0","0","0","0","0","0","0","0","0","0","0","0","0","0","0","0","0","0","0","0","0","0","0","0","0","0","0","0","0","0","0","0","0","0","0"
"*06pms*","Ismeal Kabia","ARS","F","537","FA","@MUN Sun 3:30PM","2,000","0","0","0","-","0%","0","0","0","0","0","0","0","0","0","0","0","0","0","0","0","0","0","0","0","0","0","0","0","0","0","0","0","0","0","0","0","0","0","0","0","0","0","0","0"
"*06492*","Sasa Kalajdzic","WOL","F","539","FA","MCI Sat 4:30PM","2,000","0","0","0","-","0%","0","0","0","0","0","0","0","0","0","0","0","0","0","0","0","0","0","0","0","0","0","0","0","0","0","0","0","0","0","0","0","0","0","0","0","0","0","0","0"
"*06pez*","Mohamadou Kante","WHU","M","540","FA","@SUN Sat 2:00PM","2,000","0","0","0","-","0%","0","0","0","0","0","0","0","0","0","0","0","0","0","0","0","0","0","0","0","0","0","0","0","0","0","0","0","0","0","0","0","0","0","0","0","0","0","0","0"
"*06roh*","Sekou Kone","MUN","M","544","FA","ARS Sun 3:30PM","2,000","0","0","0","-","0%","0","0","0","0","0","0","0","0","0","0","0","0","0","0","0","0","0","0","0","0","0","0","0","0","0","0","0","0","0","0","0","0","0","0","0","0","0","0","0"
"*06mgn*","Rio Kyerematen","TOT","M","547","FA","BUR Sat 2:00PM","2,000","0","0","0","-","0%","0","0","0","0","0","0","0","0","0","0","0","0","0","0","0","0","0","0","0","0","0","0","0","0","0","0","0","0","0","0","0","0","0","0","0","0","0","0","0"
"*03dyx*","Josh Laurent","BUR","M","549","FA","@TOT Sat 2:00PM","2,000","0","0","0","-","0%","0","0","0","0","0","0","0","0","0","0","0","0","0","0","0","0","0","0","0","0","0","0","0","0","0","0","0","0","0","0","0","0","0","0","0","0","0","0","0"
"*06tf6*","Bendito Mantato","MUN","M","558","FA","ARS Sun 3:30PM","2,000","0","0","0","-","0%","0","0","0","0","0","0","0","0","0","0","0","0","0","0","0","0","0","0","0","0","0","0","0","0","0","0","0","0","0","0","0","0","0","0","0","0","0","0","0"
"*06hcm*","Callum Marshall","WHU","F","561","FA","@SUN Sat 2:00PM","2,000","0","0","0","-","0%","0","0","0","0","0","0","0","0","0","0","0","0","0","0","0","0","0","0","0","0","0","0","0","0","0","0","0","0","0","0","0","0","0","0","0","0","0","0","0"
"*06on6*","Anthony Munda","NEW","M","578","FA","@AVL Sat 11:30AM","2,000","0","0","0","-","0%","0","0","0","0","0","0","0","0","0","0","0","0","0","0","0","0","0","0","0","0","0","0","0","0","0","0","0","0","0","0","0","0","0","0","0","0","0","0","0"
"*06v09*","Reece Munro","MUN","D","580","FA","ARS Sun 3:30PM","2,000","0","0","0","-","0%","0","0","0","0","0","0","0","0","0","0","0","0","0","0","0","0","0","0","0","0","0","0","0","0","0","0","0","0","0","0","0","0","0","0","0","0","0","0","0"
"*06rnn*","Sean Neave","NEW","F","585","FA","@AVL Sat 11:30AM","2,000","0","0","0","-","0%","0","0","0","0","0","0","0","0","0","0","0","0","0","0","0","0","0","0","0","0","0","0","0","0","0","0","0","0","0","0","0","0","0","0","0","0","0","0","0"
"*06nk3*","Josh Nichols","ARS","D","588","FA","@MUN Sun 3:30PM","2,000","0","0","0","-","0%","0","0","0","0","0","0","0","0","0","0","0","0","0","0","0","0","0","0","0","0","0","0","0","0","0","0","0","0","0","0","0","0","0","0","0","0","0","0","0"
"*06ys4*","Sverre Nypan","MCI","M","592","FA","@WOL Sat 4:30PM","2,000","0","0","0","-","0%","0","0","0","0","0","0","0","0","0","0","0","0","0","0","0","0","0","0","0","0","0","0","0","0","0","0","0","0","0","0","0","0","0","0","0","0","0","0","0"
"*06qq8*","Callum Olusesi","TOT","M","595","FA","BUR Sat 2:00PM","2,000","0","0","0","-","0%","0","0","0","0","0","0","0","0","0","0","0","0","0","0","0","0","0","0","0","0","0","0","0","0","0","0","0","0","0","0","0","0","0","0","0","0","0","0","0"
"*06awp*","Travis Patterson","AVL","D","599","FA","NEW Sat 11:30AM","2,000","0","0","0","-","0%","0","0","0","0","0","0","0","0","0","0","0","0","0","0","0","0","0","0","0","0","0","0","0","0","0","0","0","0","0","0","0","0","0","0","0","0","0","0","0"
"*06xzk*","Timothee Pembele","SUN","D","603","FA","WHU Sat 2:00PM","2,000","0","0","0","-","0%","0","0","0","0","0","0","0","0","0","0","0","0","0","0","0","0","0","0","0","0","0","0","0","0","0","0","0","0","0","0","0","0","0","0","0","0","0","0","0"
"*06prt*","Triston Rowe","AVL","D","624","FA","NEW Sat 11:30AM","2,000","0","0","0","-","0%","0","0","0","0","0","0","0","0","0","0","0","0","0","0","0","0","0","0","0","0","0","0","0","0","0","0","0","0","0","0","0","0","0","0","0","0","0","0","0"
"*062cj*","Abdallah Sima","BHA","F","638","FA","FUL Sat 2:00PM","2,000","0","0","0","-","0%","0","0","0","0","0","0","0","0","0","0","0","0","0","0","0","0","0","0","0","0","0","0","0","0","0","0","0","0","0","0","0","0","0","0","0","0","0","0","0"
"*06kk4*","Franco Umeh-Chibueze","CRY","F","663","FA","@CHE Sun 1:00PM","2,000","0","0","0","-","0%","0","0","0","0","0","0","0","0","0","0","0","0","0","0","0","0","0","0","0","0","0","0","0","0","0","0","0","0","0","0","0","0","0","0","0","0","0","0","0"
"*06qq9*","Luca Williams-Barnett","TOT","M,F","674","FA","BUR Sat 2:00PM","2,000","0","0","0","-","0%","0","0","0","0","0","0","0","0","0","0","0","0","0","0","0","0","0","0","0","0","0","0","0","0","0","0","0","0","0","0","0","0","0","0","0","0","0","0","0"
"*05wwd*","Joshua Wilson-Esbrand","MCI","D","675","FA","@WOL Sat 4:30PM","2,000","0","0","0","-","0%","0","0","0","0","0","0","0","0","0","0","0","0","0","0","0","0","0","0","0","0","0","0","0","0","0","0","0","0","0","0","0","0","0","0","0","0","0","0","0"
"*06unr*","Yasin Ozcan","AVL","D","684","FA","NEW Sat 11:30AM","2,000","0","0","0","-","0%","0","0","0","0","0","0","0","0","0","0","0","0","0","0","0","0","0","0","0","0","0","0","0","0","0","0","0","0","0","0","0","0","0","0","0","0","0","0","0"
"*06awq*","George Abbott","TOT","M","395","FA","BUR Sat 2:00PM","2,000","0","0","0","-","0%","0","0","0","0","0","0","0","0","0","0","0","0","0","0","0","0","0","0","0","0","0","0","0","0","0","0","0","0","0","0","0","0","0","0","0","0","0","0","0"
"*06yb6*","Oluwaseun Adewumi","BUR","M","397","FA","@TOT Sat 2:00PM","2,000","0","0","0","-","0%","0","0","0","0","0","0","0","0","0","0","0","0","0","0","0","0","0","0","0","0","0","0","0","0","0","0","0","0","0","0","0","0","0","0","0","0","0","0","0"
"*06zc7*","Yusuf Akhamrich","TOT","F","402","FA","BUR Sat 2:00PM","2,000","0","0","0","-","0%","0","0","0","0","0","0","0","0","0","0","0","0","0","0","0","0","0","0","0","0","0","0","0","0","0","0","0","0","0","0","0","0","0","0","0","0","0","0","0"
"*06dn2*","Zeki Amdouni","BUR","F","406","FA","@TOT Sat 2:00PM","2,000","0","0","0","-","0%","0","0","0","0","0","0","0","0","0","0","0","0","0","0","0","0","0","0","0","0","0","0","0","0","0","0","0","0","0","0","0","0","0","0","0","0","0","0","0"
"*05uh0*","Joseph Anderson","SUN","D","408","FA","WHU Sat 2:00PM","2,000","0","0","0","-","0%","0","0","0","0","0","0","0","0","0","0","0","0","0","0","0","0","0","0","0","0","0","0","0","0","0","0","0","0","0","0","0","0","0","0","0","0","0","0","0"
"*06zc4*","Pele Arganese-McDermott","TOT","D","411","FA","BUR Sat 2:00PM","2,000","0","0","0","-","0%","0","0","0","0","0","0","0","0","0","0","0","0","0","0","0","0","0","0","0","0","0","0","0","0","0","0","0","0","0","0","0","0","0","0","0","0","0","0","0"
"*05ogh*","Harrison Ashby","NEW","D","414","FA","@AVL Sat 11:30AM","2,000","0","0","0","-","0%","0","0","0","0","0","0","0","0","0","0","0","0","0","0","0","0","0","0","0","0","0","0","0","0","0","0","0","0","0","0","0","0","0","0","0","0","0","0","0"
"*06zc2*","Tyrell Ashcroft","TOT","D","415","FA","BUR Sat 2:00PM","2,000","0","0","0","-","0%","0","0","0","0","0","0","0","0","0","0","0","0","0","0","0","0","0","0","0","0","0","0","0","0","0","0","0","0","0","0","0","0","0","0","0","0","0","0","0"
"*06xzn*","Abdoullah Ba","SUN","M","418","FA","WHU Sat 2:00PM","2,000","0","0","0","-","0%","0","0","0","0","0","0","0","0","0","0","0","0","0","0","0","0","0","0","0","0","0","0","0","0","0","0","0","0","0","0","0","0","0","0","0","0","0","0","0"
"*06uzr*","Jaydon Banel","BUR","F","423","FA","@TOT Sat 2:00PM","2,000","0","0","0","-","0%","0","0","0","0","0","0","0","0","0","0","0","0","0","0","0","0","0","0","0","0","0","0","0","0","0","0","0","0","0","0","0","0","0","0","0","0","0","0","0"
"*03dxr*","Ashley Barnes","BUR","F","424","FA","@TOT Sat 2:00PM","2,000","0","0","0","-","0%","0","0","0","0","0","0","0","0","0","0","0","0","0","0","0","0","0","0","0","0","0","0","0","0","0","0","0","0","0","0","0","0","0","0","0","0","0","0","0"
"*0643r*","Owen Bevan","BOU","D","428","FA","@LIV Fri 7:00PM","2,000","0","0","0","-","0%","0","0","0","0","0","0","0","0","0","0","0","0","0","0","0","0","0","0","0","0","0","0","0","0","0","0","0","0","0","0","0","0","0","0","0","0","0","0","0"
"*06dwm*","Jacob Bruun Larsen","BUR","F","438","FA","@TOT Sat 2:00PM","2,300","0","0","0","1151","0%","0","0","0","0","0","0","0","0","0","0","0","0","0","0","0","0","0","0","0","0","0","0","0","0","0","0","0","0","0","0","0","0","0","0","0","0","0","0","0"
"*06zc3*","Junai Byfield","TOT","D","440","FA","BUR Sat 2:00PM","2,000","0","0","0","-","0%","0","0","0","0","0","0","0","0","0","0","0","0","0","0","0","0","0","0","0","0","0","0","0","0","0","0","0","0","0","0","0","0","0","0","0","0","0","0","0"
"*06zbt*","Rio Cardines","CRY","M","443","FA","@CHE Sun 1:00PM","2,000","0","0","0","-","0%","0","0","0","0","0","0","0","0","0","0","0","0","0","0","0","0","0","0","0","0","0","0","0","0","0","0","0","0","0","0","0","0","0","0","0","0","0","0","0"
"*06q2g*","Dante Cassanova","TOT","D","444","FA","BUR Sat 2:00PM","2,000","0","0","0","-","0%","0","0","0","0","0","0","0","0","0","0","0","0","0","0","0","0","0","0","0","0","0","0","0","0","0","0","0","0","0","0","0","0","0","0","0","0","0","0","0"
"*06yxd*","Rhys Chadwick","LEE","M","446","FA","EVE Mon 7:00PM","2,000","0","0","0","-","0%","0","0","0","0","0","0","0","0","0","0","0","0","0","0","0","0","0","0","0","0","0","0","0","0","0","0","0","0","0","0","0","0","0","0","0","0","0","0","0"
"*06ib6*","Tawanda Chirewa","WOL","M","449","FA","MCI Sat 4:30PM","2,000","0","0","0","-","0%","0","0","0","0","0","0","0","0","0","0","0","0","0","0","0","0","0","0","0","0","0","0","0","0","0","0","0","0","0","0","0","0","0","0","0","0","0","0","0"
"*06c4r*","Darko Churlinov","BUR","F","451","FA","@TOT Sat 2:00PM","2,000","0","0","0","-","0%","0","0","0","0","0","0","0","0","0","0","0","0","0","0","0","0","0","0","0","0","0","0","0","0","0","0","0","0","0","0","0","0","0","0","0","0","0","0","0"
"*06zbv*","Justin Clarke","EVE","M","453","FA","@LEE Mon 7:00PM","2,000","0","0","0","-","0%","0","0","0","0","0","0","0","0","0","0","0","0","0","0","0","0","0","0","0","0","0","0","0","0","0","0","0","0","0","0","0","0","0","0","0","0","0","0","0"
"*06zbo*","Louie Copley","ARS","M","454","FA","@MUN Sun 3:30PM","2,000","0","0","0","-","0%","0","0","0","0","0","0","0","0","0","0","0","0","0","0","0","0","0","0","0","0","0","0","0","0","0","0","0","0","0","0","0","0","0","0","0","0","0","0","0"
"*06fuh*","Hannes Delcroix","BUR","D","462","FA","@TOT Sat 2:00PM","2,000","0","0","0","-","0%","0","0","0","0","0","0","0","0","0","0","0","0","0","0","0","0","0","0","0","0","0","0","0","0","0","0","0","0","0","0","0","0","0","0","0","0","0","0","0"
"*05tz8*","Emmanuel Dennis","NOT","F","464","FA","BRF Sun 1:00PM","2,000","0","0","0","-","0%","0","0","0","0","0","0","0","0","0","0","0","0","0","0","0","0","0","0","0","0","0","0","0","0","0","0","0","0","0","0","0","0","0","0","0","0","0","0","0"
"*05ux0*","Owen Dodgson","BUR","D","471","FA","@TOT Sat 2:00PM","2,000","0","0","0","-","0%","0","0","0","0","0","0","0","0","0","0","0","0","0","0","0","0","0","0","0","0","0","0","0","0","0","0","0","0","0","0","0","0","0","0","0","0","0","0","0"
"*06c4h*","Hjalmar Ekdal","BUR","D","478","FA","@TOT Sat 2:00PM","2,000","0","0","0","-","0%","0","0","0","0","0","0","0","0","0","0","0","0","0","0","0","0","0","0","0","0","0","0","0","0","0","0","0","0","0","0","0","0","0","0","0","0","0","0","0"
"*05yf8*","Pierre Ekwah","SUN","M","480","FA","WHU Sat 2:00PM","2,000","0","0","0","-","0%","0","0","0","0","0","0","0","0","0","0","0","0","0","0","0","0","0","0","0","0","0","0","0","0","0","0","0","0","0","0","0","0","0","0","0","0","0","0","0"
"*06zcd*","Preston Fearon","WHU","M","483","FA","@SUN Sat 2:00PM","2,000","0","0","0","-","0%","0","0","0","0","0","0","0","0","0","0","0","0","0","0","0","0","0","0","0","0","0","0","0","0","0","0","0","0","0","0","0","0","0","0","0","0","0","0","0"
"*05n3u*","Joe Gelhardt","LEE","F","491","FA","EVE Mon 7:00PM","2,000","0","0","0","-","0%","0","0","0","0","0","0","0","0","0","0","0","0","0","0","0","0","0","0","0","0","0","0","0","0","0","0","0","0","0","0","0","0","0","0","0","0","0","0","0"
"*06zcc*","Airidas Golambeckis","WHU","D","497","FA","@SUN Sat 2:00PM","2,000","0","0","0","-","0%","0","0","0","0","0","0","0","0","0","0","0","0","0","0","0","0","0","0","0","0","0","0","0","0","0","0","0","0","0","0","0","0","0","0","0","0","0","0","0"
"*06fwo*","Enso Gonzalez","WOL","F","498","FA","MCI Sat 4:30PM","2,000","0","0","0","-","0%","0","0","0","0","0","0","0","0","0","0","0","0","0","0","0","0","0","0","0","0","0","0","0","0","0","0","0","0","0","0","0","0","0","0","0","0","0","0","0"
"*062du*","Darko Gyabi","LEE","M","505","FA","EVE Mon 7:00PM","2,000","0","0","0","-","0%","0","0","0","0","0","0","0","0","0","0","0","0","0","0","0","0","0","0","0","0","0","0","0","0","0","0","0","0","0","0","0","0","0","0","0","0","0","0","0"
"*06lvm*","Tyrese Hall","TOT","M","507","FA","BUR Sat 2:00PM","2,000","0","0","0","-","0%","0","0","0","0","0","0","0","0","0","0","0","0","0","0","0","0","0","0","0","0","0","0","0","0","0","0","0","0","0","0","0","0","0","0","0","0","0","0","0"
"*06zbq*","Andre Harriman-Annous","ARS","F","508","FA","@MUN Sun 3:30PM","2,000","0","0","0","-","0%","0","0","0","0","0","0","0","0","0","0","0","0","0","0","0","0","0","0","0","0","0","0","0","0","0","0","0","0","0","0","0","0","0","0","0","0","0","0","0"
"*06nv5*","Alfie Harrison","NEW","M","509","FA","@AVL Sat 11:30AM","2,000","0","0","0","-","0%","0","0","0","0","0","0","0","0","0","0","0","0","0","0","0","0","0","0","0","0","0","0","0","0","0","0","0","0","0","0","0","0","0","0","0","0","0","0","0"
"*035mq*","Isaac Hayden","NEW","M","511","FA","@AVL Sat 11:30AM","2,000","0","0","0","-","0%","0","0","0","0","0","0","0","0","0","0","0","0","0","0","0","0","0","0","0","0","0","0","0","0","0","0","0","0","0","0","0","0","0","0","0","0","0","0","0"
"*06jfq*","Travis Hernes","NEW","M","517","FA","@AVL Sat 11:30AM","2,000","0","0","0","-","0%","0","0","0","0","0","0","0","0","0","0","0","0","0","0","0","0","0","0","0","0","0","0","0","0","0","0","0","0","0","0","0","0","0","0","0","0","0","0","0"
"*05x12*","Leo Fuhr Hjelde","SUN","D","521","FA","WHU Sat 2:00PM","2,000","0","0","0","-","0%","0","0","0","0","0","0","0","0","0","0","0","0","0","0","0","0","0","0","0","0","0","0","0","0","0","0","0","0","0","0","0","0","0","0","0","0","0","0","0"
"*044nm*","Rob Holding","CRY","D","524","FA","@CHE Sun 1:00PM","2,000","0","0","0","-","0%","0","0","0","0","0","0","0","0","0","0","0","0","0","0","0","0","0","0","0","0","0","0","0","0","0","0","0","0","0","0","0","0","0","0","0","0","0","0","0"
"*05r2t*","Niall Huggins","SUN","D,F","525","FA","WHU Sat 2:00PM","2,000","0","0","0","-","0%","0","0","0","0","0","0","0","0","0","0","0","0","0","0","0","0","0","0","0","0","0","0","0","0","0","0","0","0","0","0","0","0","0","0","0","0","0","0","0"
"*066sh*","Bashir Humphreys","BUR","D","527","FA","@TOT Sat 2:00PM","2,000","0","0","0","-","0%","0","0","0","0","0","0","0","0","0","0","0","0","0","0","0","0","0","0","0","0","0","0","0","0","0","0","0","0","0","0","0","0","0","0","0","0","0","0","0"
"*06zca*","Oliver Irow","TOT","F","529","FA","BUR Sat 2:00PM","2,000","0","0","0","-","0%","0","0","0","0","0","0","0","0","0","0","0","0","0","0","0","0","0","0","0","0","0","0","0","0","0","0","0","0","0","0","0","0","0","0","0","0","0","0","0"
"*06nva*","Mofe Jemide","CRY","D","533","FA","@CHE Sun 1:00PM","2,000","0","0","0","-","0%","0","0","0","0","0","0","0","0","0","0","0","0","0","0","0","0","0","0","0","0","0","0","0","0","0","0","0","0","0","0","0","0","0","0","0","0","0","0","0"
"*06xzm*","Zak Johnson","SUN","D","535","FA","WHU Sat 2:00PM","2,000","0","0","0","-","0%","0","0","0","0","0","0","0","0","0","0","0","0","0","0","0","0","0","0","0","0","0","0","0","0","0","0","0","0","0","0","0","0","0","0","0","0","0","0","0"
"*06v0q*","Harrison Jones","SUN","M","536","FA","WHU Sat 2:00PM","2,000","0","0","0","-","0%","0","0","0","0","0","0","0","0","0","0","0","0","0","0","0","0","0","0","0","0","0","0","0","0","0","0","0","0","0","0","0","0","0","0","0","0","0","0","0"
"*06ygl*","George King","CRY","D","542","FA","@CHE Sun 1:00PM","2,000","0","0","0","-","0%","0","0","0","0","0","0","0","0","0","0","0","0","0","0","0","0","0","0","0","0","0","0","0","0","0","0","0","0","0","0","0","0","0","0","0","0","0","0","0"
"*06zc9*","Ellis Lehane","TOT","F","552","FA","BUR Sat 2:00PM","2,000","0","0","0","-","0%","0","0","0","0","0","0","0","0","0","0","0","0","0","0","0","0","0","0","0","0","0","0","0","0","0","0","0","0","0","0","0","0","0","0","0","0","0","0","0"
"*06c4p*","Benson Manuel","BUR","F","559","FA","@TOT Sat 2:00PM","2,000","0","0","0","-","0%","0","0","0","0","0","0","0","0","0","0","0","0","0","0","0","0","0","0","0","0","0","0","0","0","0","0","0","0","0","0","0","0","0","0","0","0","0","0","0"
"*06xzo*","Jay Matete","SUN","M","562","FA","WHU Sat 2:00PM","2,000","0","0","0","-","0%","0","0","0","0","0","0","0","0","0","0","0","0","0","0","0","0","0","0","0","0","0","0","0","0","0","0","0","0","0","0","0","0","0","0","0","0","0","0","0"
"*04ylt*","Chris Mepham","BOU","D","569","FA","@LIV Fri 7:00PM","2,000","0","0","0","-","0%","0","0","0","0","0","0","0","0","0","0","0","0","0","0","0","0","0","0","0","0","0","0","0","0","0","0","0","0","0","0","0","0","0","0","0","0","0","0","0"
"*05vyh*","Andy Moran","BHA","M","574","FA","FUL Sat 2:00PM","2,000","0","0","0","-","0%","0","0","0","0","0","0","0","0","0","0","0","0","0","0","0","0","0","0","0","0","0","0","0","0","0","0","0","0","0","0","0","0","0","0","0","0","0","0","0"
"*06xzj*","David Mota Veiga Teixeira do Carmo","NOT","D","577","FA","BRF Sun 1:00PM","2,000","0","0","0","-","0%","0","0","0","0","0","0","0","0","0","0","0","0","0","0","0","0","0","0","0","0","0","0","0","0","0","0","0","0","0","0","0","0","0","0","0","0","0","0","0"
"*04mmx*","Michael Obafemi","BUR","F","594","FA","@TOT Sat 2:00PM","2,000","0","0","0","-","0%","0","0","0","0","0","0","0","0","0","0","0","0","0","0","0","0","0","0","0","0","0","0","0","0","0","0","0","0","0","0","0","0","0","0","0","0","0","0","0"
"*05r93*","Tyler Onyango","EVE","M","596","FA","@LEE Mon 7:00PM","2,000","0","0","0","-","0%","0","0","0","0","0","0","0","0","0","0","0","0","0","0","0","0","0","0","0","0","0","0","0","0","0","0","0","0","0","0","0","0","0","0","0","0","0","0","0"
"*06zc0*","Seung-Soo Park","NEW","F","597","FA","@AVL Sat 11:30AM","2,000","0","0","0","-","0%","0","0","0","0","0","0","0","0","0","0","0","0","0","0","0","0","0","0","0","0","0","0","0","0","0","0","0","0","0","0","0","0","0","0","0","0","0","0","0"
"*06ygm*","Jair Paula da Cunha Filho","NOT","D","600","FA","BRF Sun 1:00PM","2,000","0","0","0","-","0%","0","0","0","0","0","0","0","0","0","0","0","0","0","0","0","0","0","0","0","0","0","0","0","0","0","0","0","0","0","0","0","0","0","0","0","0","0","0","0"
"*05nuf*","Myles Peart-Harris","BRF","M","602","FA","@NOT Sun 1:00PM","2,000","0","0","0","-","0%","0","0","0","0","0","0","0","0","0","0","0","0","0","0","0","0","0","0","0","0","0","0","0","0","0","0","0","0","0","0","0","0","0","0","0","0","0","0","0"
"*05y5b*","Freddie Potts","WHU","M","608","FA","@SUN Sat 2:00PM","2,000","0","0","0","-","0%","0","0","0","0","0","0","0","0","0","0","0","0","0","0","0","0","0","0","0","0","0","0","0","0","0","0","0","0","0","0","0","0","0","0","0","0","0","0","0"
"*04ym3*","Ian Poveda-Ocampo","SUN","F","609","FA","WHU Sat 2:00PM","2,000","0","0","0","-","0%","0","0","0","0","0","0","0","0","0","0","0","0","0","0","0","0","0","0","0","0","0","0","0","0","0","0","0","0","0","0","0","0","0","0","0","0","0","0","0"
"*061z5*","Calvin Ramsay","LIV","D","613","FA","BOU Fri 7:00PM","2,000","0","0","0","-","0%","0","0","0","0","0","0","0","0","0","0","0","0","0","0","0","0","0","0","0","0","0","0","0","0","0","0","0","0","0","0","0","0","0","0","0","0","0","0","0"
"*062op*","Omar Richards","NOT","D","616","FA","BRF Sun 1:00PM","2,000","0","0","0","-","0%","0","0","0","0","0","0","0","0","0","0","0","0","0","0","0","0","0","0","0","0","0","0","0","0","0","0","0","0","0","0","0","0","0","0","0","0","0","0","0"
"*062oi*","Kaden Rodney","CRY","M","620","FA","@CHE Sun 1:00PM","2,000","0","0","0","-","0%","0","0","0","0","0","0","0","0","0","0","0","0","0","0","0","0","0","0","0","0","0","0","0","0","0","0","0","0","0","0","0","0","0","0","0","0","0","0","0"
"*06zc5*","James Rowswell","TOT","D","625","FA","BUR Sat 2:00PM","2,000","0","0","0","-","0%","0","0","0","0","0","0","0","0","0","0","0","0","0","0","0","0","0","0","0","0","0","0","0","0","0","0","0","0","0","0","0","0","0","0","0","0","0","0","0"
"*06zc6*","Reiss-Alexander Russell-Denny","TOT","M","627","FA","BUR Sat 2:00PM","2,000","0","0","0","-","0%","0","0","0","0","0","0","0","0","0","0","0","0","0","0","0","0","0","0","0","0","0","0","0","0","0","0","0","0","0","0","0","0","0","0","0","0","0","0","0"
"*06xzq*","Nazariy Rusyn","SUN","F","628","FA","WHU Sat 2:00PM","2,000","0","0","0","-","0%","0","0","0","0","0","0","0","0","0","0","0","0","0","0","0","0","0","0","0","0","0","0","0","0","0","0","0","0","0","0","0","0","0","0","0","0","0","0","0"
"*06zbn*","Marli Salmon","ARS","D","630","FA","@MUN Sun 3:30PM","2,000","0","0","0","-","0%","0","0","0","0","0","0","0","0","0","0","0","0","0","0","0","0","0","0","0","0","0","0","0","0","0","0","0","0","0","0","0","0","0","0","0","0","0","0","0"
"*05ue3*","Albert Sambi Lokonga","ARS","M","631","FA","@MUN Sun 3:30PM","2,000","0","0","0","-","0%","0","0","0","0","0","0","0","0","0","0","0","0","0","0","0","0","0","0","0","0","0","0","0","0","0","0","0","0","0","0","0","0","0","0","0","0","0","0","0"
"*06uzm*","Shurandy Sambo","BUR","D","632","FA","@TOT Sat 2:00PM","2,000","0","0","0","-","0%","0","0","0","0","0","0","0","0","0","0","0","0","0","0","0","0","0","0","0","0","0","0","0","0","0","0","0","0","0","0","0","0","0","0","0","0","0","0","0"
"*06v0f*","Jenson Seelt","SUN","D","635","FA","WHU Sat 2:00PM","2,000","0","0","0","-","0%","0","0","0","0","0","0","0","0","0","0","0","0","0","0","0","0","0","0","0","0","0","0","0","0","0","0","0","0","0","0","0","0","0","0","0","0","0","0","0"
"*06xzp*","Luis Hemir Silva Semedo","SUN","F","637","FA","WHU Sat 2:00PM","2,000","0","0","0","-","0%","0","0","0","0","0","0","0","0","0","0","0","0","0","0","0","0","0","0","0","0","0","0","0","0","0","0","0","0","0","0","0","0","0","0","0","0","0","0","0"
"*06uzl*","Oliver Sonne","BUR","D","642","FA","@TOT Sat 2:00PM","2,000","0","0","0","-","0%","0","0","0","0","0","0","0","0","0","0","0","0","0","0","0","0","0","0","0","0","0","0","0","0","0","0","0","0","0","0","0","0","0","0","0","0","0","0","0"
"*06mmk*","Marko Stamenic","NOT","M","645","FA","BRF Sun 1:00PM","2,000","0","0","0","-","0%","0","0","0","0","0","0","0","0","0","0","0","0","0","0","0","0","0","0","0","0","0","0","0","0","0","0","0","0","0","0","0","0","0","0","0","0","0","0","0"
"*06nl8*","Luca Stephenson","LIV","M","646","FA","BOU Fri 7:00PM","2,000","0","0","0","-","0%","0","0","0","0","0","0","0","0","0","0","0","0","0","0","0","0","0","0","0","0","0","0","0","0","0","0","0","0","0","0","0","0","0","0","0","0","0","0","0"
"*06ya6*","Kota Takai","TOT","D","648","FA","BUR Sat 2:00PM","2,000","0","0","0","-","0%","0","0","0","0","0","0","0","0","0","0","0","0","0","0","0","0","0","0","0","0","0","0","0","0","0","0","0","0","0","0","0","0","0","0","0","0","0","0","0"
"*06zbu*","Aled Thomas","EVE","D","652","FA","@LEE Mon 7:00PM","2,000","0","0","0","-","0%","0","0","0","0","0","0","0","0","0","0","0","0","0","0","0","0","0","0","0","0","0","0","0","0","0","0","0","0","0","0","0","0","0","0","0","0","0","0","0"
"*06zc8*","Tynan Thompson","TOT","F","654","FA","BUR Sat 2:00PM","2,000","0","0","0","-","0%","0","0","0","0","0","0","0","0","0","0","0","0","0","0","0","0","0","0","0","0","0","0","0","0","0","0","0","0","0","0","0","0","0","0","0","0","0","0","0"
"*06fy5*","Mike Tresor","BUR","F","657","FA","@TOT Sat 2:00PM","2,000","0","0","0","-","0%","0","0","0","0","0","0","0","0","0","0","0","0","0","0","0","0","0","0","0","0","0","0","0","0","0","0","0","0","0","0","0","0","0","0","0","0","0","0","0"
"*06xzl*","Nectarios Triantis","SUN","D","658","FA","WHU Sat 2:00PM","2,000","0","0","0","-","0%","0","0","0","0","0","0","0","0","0","0","0","0","0","0","0","0","0","0","0","0","0","0","0","0","0","0","0","0","0","0","0","0","0","0","0","0","0","0","0"
"*06zbr*","Harold William","BOU","D","671","FA","@LIV Fri 7:00PM","2,000","0","0","0","-","0%","0","0","0","0","0","0","0","0","0","0","0","0","0","0","0","0","0","0","0","0","0","0","0","0","0","0","0","0","0","0","0","0","0","0","0","0","0","0","0"
"*06muh*","Ethan Williams","MUN","M,F","672","FA","ARS Sun 3:30PM","2,000","0","0","0","-","0%","0","0","0","0","0","0","0","0","0","0","0","0","0","0","0","0","0","0","0","0","0","0","0","0","0","0","0","0","0","0","0","0","0","0","0","0","0","0","0"
"*05oji*","Rhys Williams","LIV","D","673","FA","BOU Fri 7:00PM","2,000","0","0","0","-","0%","0","0","0","0","0","0","0","0","0","0","0","0","0","0","0","0","0","0","0","0","0","0","0","0","0","0","0","0","0","0","0","0","0","0","0","0","0","0","0"
"*061xw*","Joe Worrall","BUR","D","678","FA","@TOT Sat 2:00PM","2,000","0","0","0","-","0%","0","0","0","0","0","0","0","0","0","0","0","0","0","0","0","0","0","0","0","0","0","0","0","0","0","0","0","0","0","0","0","0","0","0","0","0","0","0","0"
